hMG1,AAACCCAAGCTGACCC,L2
hMG1,AAACCCACAACTCCCT,L2
hMG1,AAACCCACACAGGATG,L2
hMG1,AAACCCACACTCACTC,L2
hMG1,AAACCCAGTATCAGCT,L2
hMG1,AAACCCAGTCCTCCTA,L2
hMG1,AAACCCAGTTCGGCTG,L2
hMG1,AAACCCATCACGGTCG,L2
hMG1,AAACCCATCCACTAGA,L1
hMG1,AAACGAAAGAACTCCT,L1
hMG1,AAACGAAAGATCGGTG,L2
hMG1,AAACGAAAGCTTCGTA,L2
hMG1,AAACGAAAGGCGACAT,L1
hMG1,AAACGAACAGGATCTT,Basal
hMG1,AAACGAACATAGGCGA,L2
hMG1,AAACGAACATTGGATC,L2
hMG1,AAACGAAGTAGCTGTT,L2
hMG1,AAACGAAGTGGACAGT,Basal
hMG1,AAACGAAGTTAATCGC,L1
hMG1,AAACGAATCCGAAGGA,L1
hMG1,AAACGAATCGAGTTGT,L1
hMG1,AAACGAATCTAGACCA,L1
hMG1,AAACGCTAGGCCGCTT,L2
hMG1,AAACGCTAGGGAGTGG,L2
hMG1,AAACGCTAGTATGAAC,L1
hMG1,AAACGCTCAACCGCTG,L2
hMG1,AAACGCTCATGTTCGA,L1
hMG1,AAACGCTGTAACCCGC,L2
hMG1,AAACGCTGTACGTTCA,L2
hMG1,AAACGCTGTATCTCGA,L2
hMG1,AAACGCTGTCTTTCTA,L2
hMG1,AAACGCTGTGGCCACT,L2
hMG1,AAACGCTTCACGGGCT,L2
hMG1,AAACGCTTCGGCCAAC,Basal
hMG1,AAACGCTTCGGTAGAG,L1
hMG1,AAACGCTTCTGGCTGG,L2
hMG1,AAAGAACAGCTCCACG,L2
hMG1,AAAGAACAGGGTAATT,L2
hMG1,AAAGAACAGTACGTCT,L2
hMG1,AAAGAACCAAGCACCC,L1
hMG1,AAAGAACCACTGGCCA,L1
hMG1,AAAGAACGTCATCTAG,L2
hMG1,AAAGAACGTTCTCACC,L2
hMG1,AAAGAACTCGAGCCAC,L2
hMG1,AAAGAACTCGGCCTTT,L2
hMG1,AAAGGATAGTCTGCAT,L1
hMG1,AAAGGATCAACACAGG,L2
hMG1,AAAGGATCAGCGTTTA,L2
hMG1,AAAGGATCATATGAAG,L2
hMG1,AAAGGATGTGTGTGGA,L2
hMG1,AAAGGATTCGCCCAGA,L2
hMG1,AAAGGATTCGCGTGAC,L2
hMG1,AAAGGGCAGTGGTTGG,L1
hMG1,AAAGGGCAGTTCCATG,Basal
hMG1,AAAGGGCGTAATGCGG,Basal
hMG1,AAAGGGCGTCCCAAAT,L2
hMG1,AAAGGGCTCCCGAGTG,L2
hMG1,AAAGGGCTCGACATCA,L1
hMG1,AAAGGGCTCGCACGGT,L2
hMG1,AAAGGGCTCGGAGATG,L2
hMG1,AAAGGGCTCTGTACAG,Basal
hMG1,AAAGGTAAGGGCTAAC,L1
hMG1,AAAGGTAAGTTACGTC,L1
hMG1,AAAGGTACACGCCAGT,L2
hMG1,AAAGGTACAGCCGTTG,L2
hMG1,AAAGGTACATTCTCCG,L1
hMG1,AAAGGTACATTGAAAG,L2
hMG1,AAAGGTAGTAATCAGA,L2
hMG1,AAAGGTAGTCTCGCGA,L2
hMG1,AAAGGTAGTTACACTG,L1
hMG1,AAAGGTAGTTATCTGG,L2
hMG1,AAAGGTAGTTCTCAGA,L2
hMG1,AAAGGTATCACCCTTG,L1
hMG1,AAAGGTATCACGTCCT,L2
hMG1,AAAGGTATCGGTGTTA,L2
hMG1,AAAGTCCAGAGCGACT,L1
hMG1,AAAGTCCAGAGCTGAC,L2
hMG1,AAAGTCCAGAGTTCGG,L2
hMG1,AAAGTCCAGCTCTGTA,L2
hMG1,AAAGTCCAGGTGGTTG,L1
hMG1,AAAGTCCCAGTTCTAG,L1
hMG1,AAAGTCCGTGGCGTAA,L1
hMG1,AAAGTGACAAATTAGG,L2
hMG1,AAAGTGACAAGTCCAT,L2
hMG1,AAAGTGACACGACTAT,L2
hMG1,AAAGTGAGTAAGCTCT,L1
hMG1,AAAGTGAGTATTTCTC,L1
hMG1,AAATGGAAGCCATATC,L1
hMG1,AAATGGAAGTTTGGCT,Basal
hMG1,AAATGGAGTACTTCCC,L2
hMG1,AAATGGAGTGCACAAG,L2
hMG1,AAATGGATCCTCACGT,L1
hMG1,AAATGGATCGCGGACT,L2
hMG1,AAATGGATCGTCGCTT,L2
hMG1,AAATGGATCGTTGTGA,Basal
hMG1,AAATGGATCTTGGTCC,L1
hMG1,AACAAAGAGTTGTCAC,L2
hMG1,AACAAAGCAAGTGATA,L1
hMG1,AACAAAGCATCACCAA,L1
hMG1,AACAAAGGTTTCAGAC,L2
hMG1,AACAAAGTCCCAAGCG,L2
hMG1,AACAACCAGACGACGT,L1
hMG1,AACAACCAGCCGAATG,Basal
hMG1,AACAACCCAATGTCAC,Basal
hMG1,AACAACCGTAGCGATG,L2
hMG1,AACAACCGTAGGCTGA,L2
hMG1,AACAACCTCAGAACCT,L1
hMG1,AACAACCTCCGCTGTT,L2
hMG1,AACAACCTCTCGTCGT,L2
hMG1,AACAAGAAGAAGGATG,L1
hMG1,AACAAGAAGAGCCTGA,L2
hMG1,AACAAGAAGCACAAAT,Basal
hMG1,AACAAGAAGCGCCATC,L2
hMG1,AACAAGAAGCTGTTCA,L1
hMG1,AACAAGACAAAGAGTT,L2
hMG1,AACAAGAGTCTCAGAT,L2
hMG1,AACAAGATCCAAACCA,L1
hMG1,AACAAGATCGGTCGAC,L2
hMG1,AACACACAGGACATCG,L1
hMG1,AACACACAGTTCAACC,L2
hMG1,AACACACCAATTTCGG,L2
hMG1,AACACACCAGACCAAG,L2
hMG1,AACACACCAGACCTGC,L2
hMG1,AACACACTCAGCAGAG,L2
hMG1,AACACACTCGTGTGGC,L2
hMG1,AACACACTCTCCGAGG,Basal
hMG1,AACAGGGAGCGAATGC,L2
hMG1,AACAGGGAGGAAGAAC,L2
hMG1,AACAGGGAGGTGAGCT,L2
hMG1,AACAGGGCAAGTATAG,L2
hMG1,AACAGGGGTAGACAGC,L1
hMG1,AACAGGGGTATCGTGT,L2
hMG1,AACAGGGTCCGTATGA,L1
hMG1,AACCAACAGTCTTGGT,L2
hMG1,AACCAACCAAGCGCAA,Basal
hMG1,AACCAACCATTCACAG,L2
hMG1,AACCAACGTGCCTACG,L2
hMG1,AACCAACTCGACCTAA,L2
hMG1,AACCAACTCGTCTAAG,L2
hMG1,AACCACAAGAAGTCAT,L2
hMG1,AACCACAAGCGCGTTC,L2
hMG1,AACCACAAGGCATCTT,L2
hMG1,AACCACACACAACGCC,L1
hMG1,AACCACACACAAGCAG,L2
hMG1,AACCACACAGGGAGAG,L2
hMG1,AACCACAGTCTGTAGT,L2
hMG1,AACCACAGTTACCGTA,L2
hMG1,AACCACATCAATCCAG,L2
hMG1,AACCACATCAGAACCT,L2
hMG1,AACCACATCGATCCAA,L1
hMG1,AACCACATCGGCCTTT,L2
hMG1,AACCATGAGCCATTTG,L1
hMG1,AACCATGAGCTCCGAC,L2
hMG1,AACCATGAGGAACGTC,L1
hMG1,AACCATGAGTGTAGAT,L2
hMG1,AACCATGCAGATGCGA,L1
hMG1,AACCATGGTCTCGGAC,L2
hMG1,AACCATGTCCGATAAC,L1
hMG1,AACCCAAAGTACGTCT,L2
hMG1,AACCCAAAGTCCGTCG,L2
hMG1,AACCCAACAACTGCTA,L2
hMG1,AACCCAACAATTGCTG,L1
hMG1,AACCCAACACCAAATC,L2
hMG1,AACCCAACAGTCGCAC,L2
hMG1,AACCCAAGTAAGGCTG,Basal
hMG1,AACCCAATCCTCGCAT,L2
hMG1,AACCCAATCTGTGCTC,L2
hMG1,AACCTGAAGCAGATAT,L1
hMG1,AACCTGAAGTAACGTA,L2
hMG1,AACCTGAAGTGTACCT,L2
hMG1,AACCTGACACAAGTGG,L2
hMG1,AACCTGACACTCATAG,L2
hMG1,AACCTGACATGACTGT,L2
hMG1,AACCTGATCACGAGGA,L1
hMG1,AACCTGATCAGCTTCC,L2
hMG1,AACCTGATCATACGAC,L2
hMG1,AACCTGATCTAGAACC,L2
hMG1,AACCTTTAGGGCCTCT,L2
hMG1,AACCTTTAGTTGGAAT,L1
hMG1,AACCTTTCACAACGCC,L1
hMG1,AACCTTTCACTTGGGC,L1
hMG1,AACCTTTCATTGAGGG,L1
hMG1,AACCTTTGTATCTCTT,L1
hMG1,AACCTTTGTGAGATCG,L2
hMG1,AACCTTTGTTGCATGT,L2
hMG1,AACCTTTGTTGTAGCT,L2
hMG1,AACCTTTTCCGGCAAC,L2
hMG1,AACCTTTTCGCGCTGA,L2
hMG1,AACCTTTTCGTCGCTT,L1
hMG1,AACGAAAAGCGCTGCT,L2
hMG1,AACGAAAAGGAACATT,Basal
hMG1,AACGAAAAGGCATGGT,L1
hMG1,AACGAAAAGGCTAACG,L2
hMG1,AACGAAAAGTCTGTAC,L2
hMG1,AACGAAACAAAGTATG,L2
hMG1,AACGAAACACTCATAG,L2
hMG1,AACGAAACACTGTCCT,L2
hMG1,AACGAAACATAATCGC,L1
hMG1,AACGAAAGTCCGTTTC,L2
hMG1,AACGAAAGTTGAGGAC,L2
hMG1,AACGAAATCAAGAAAC,L2
hMG1,AACGAAATCAGCTAGT,L2
hMG1,AACGAAATCATGCCCT,L2
hMG1,AACGAAATCCCGTAAA,L2
hMG1,AACGGGAAGTCGGCCT,L1
hMG1,AACGGGACATACACCA,L1
hMG1,AACGGGACATACCGTA,Basal
hMG1,AACGGGACATGCGGTC,L2
hMG1,AACGGGAGTCTATGAC,L2
hMG1,AACGGGAGTGCCCAGT,L2
hMG1,AACGGGATCAGTCAGT,L2
hMG1,AACGGGATCATTATCC,L2
hMG1,AACGTCAAGAGGCCAT,Basal
hMG1,AACGTCAAGCACCTGC,Basal
hMG1,AACGTCAAGCCATTCA,L2
hMG1,AACGTCACAAGGATGC,L2
hMG1,AACGTCACAGAAACCG,L1
hMG1,AACGTCACATGGAACG,L2
hMG1,AACGTCAGTCCTCAGG,L2
hMG1,AACGTCAGTGCGTGCT,L2
hMG1,AACGTCATCACTCGAA,L2
hMG1,AACGTCATCATTCCTA,Basal
hMG1,AACGTCATCCATCCGT,L2
hMG1,AACTTCTAGATGTTCC,L2
hMG1,AACTTCTAGCAGGCAT,L2
hMG1,AACTTCTAGTCGCTAT,L2
hMG1,AACTTCTAGTCGGCAA,L1
hMG1,AACTTCTCAAGTATCC,L2
hMG1,AACTTCTCAGCGATTT,L2
hMG1,AACTTCTCAGGAGGAG,L2
hMG1,AACTTCTCATGACTTG,L2
hMG1,AACTTCTGTCCTCATC,L1
hMG1,AACTTCTGTTGCTAGT,L2
hMG1,AAGAACAAGCGAAACC,L2
hMG1,AAGAACACATAATGCC,L2
hMG1,AAGAACACATTCAGGT,L1
hMG1,AAGAACAGTTTGCCGG,L2
hMG1,AAGAACATCAATCAGC,L2
hMG1,AAGACAAAGCAGTAAT,L1
hMG1,AAGACAACACCGTGGT,L2
hMG1,AAGACAACATCCGGTG,L2
hMG1,AAGACAACATCCTCAC,L2
hMG1,AAGACAAGTACATACC,Basal
hMG1,AAGACAAGTAGACGGT,L2
hMG1,AAGACAAGTCAGTCTA,L1
hMG1,AAGACAATCAAGGCTT,L2
hMG1,AAGACAATCATTTGCT,L2
hMG1,AAGACAATCCCGTGAG,L1
hMG1,AAGACAATCCCTCGTA,L2
hMG1,AAGACTCAGCATTGAA,L2
hMG1,AAGACTCCACATAACC,L2
hMG1,AAGACTCGTTATCCAG,L2
hMG1,AAGACTCTCGTTCTCG,L1
hMG1,AAGACTCTCTCATTTG,L2
hMG1,AAGACTCTCTGTGCGG,L1
hMG1,AAGATAGCACCAAAGG,L2
hMG1,AAGATAGCACTGGCCA,L2
hMG1,AAGATAGCAGGTGTTT,L1
hMG1,AAGATAGGTCCTCAGG,L2
hMG1,AAGATAGGTCGGCACT,L1
hMG1,AAGATAGGTGTTCATG,L1
hMG1,AAGATAGTCAGCCTTC,L2
hMG1,AAGATAGTCGAGAGAC,L2
hMG1,AAGCATCAGGCACAAC,L1
hMG1,AAGCATCAGTTGAAGT,L2
hMG1,AAGCATCGTAGCTGCC,L1
hMG1,AAGCATCTCAACTTTC,L2
hMG1,AAGCATCTCAAGGCTT,L2
hMG1,AAGCATCTCCTTATGT,L2
hMG1,AAGCATCTCGAGATGG,L1
hMG1,AAGCATCTCGTACACA,L2
hMG1,AAGCATCTCTGAGAAA,L2
hMG1,AAGCCATAGAATCGTA,L2
hMG1,AAGCCATAGACAGTCG,L2
hMG1,AAGCCATAGTTTGAGA,L2
hMG1,AAGCCATCACTGAGGA,L1
hMG1,AAGCCATCACTTGTCC,L2
hMG1,AAGCCATCAGGTCAAG,L2
hMG1,AAGCCATGTTGTCAGT,L2
hMG1,AAGCCATTCTAGCATG,L2
hMG1,AAGCCATTCTTGAGCA,L1
hMG1,AAGCGAGAGAATTTGG,L2
hMG1,AAGCGAGAGAGGTATT,L2
hMG1,AAGCGAGAGCCATATC,L2
hMG1,AAGCGAGAGTCTACCA,L1
hMG1,AAGCGAGAGTTTCTTC,Basal
hMG1,AAGCGAGGTATGGAGC,L2
hMG1,AAGCGAGGTCTGTAGT,L2
hMG1,AAGCGAGTCCCTCGAT,L2
hMG1,AAGCGTTAGCACCTGC,L2
hMG1,AAGCGTTAGCGCCCAT,L1
hMG1,AAGCGTTAGGGACCAT,L1
hMG1,AAGCGTTCAATGGCCC,L2
hMG1,AAGCGTTGTCGCAACC,L2
hMG1,AAGCGTTGTCTGCAAT,L1
hMG1,AAGCGTTTCAAGAATG,L2
hMG1,AAGCGTTTCCAAACCA,L2
hMG1,AAGGAATAGACCAGCA,L1
hMG1,AAGGAATAGGTCACTT,L2
hMG1,AAGGAATAGTAGACAT,L1
hMG1,AAGGAATCATGCAGCC,L1
hMG1,AAGGAATGTCCACTTC,Basal
hMG1,AAGGAATGTCCTCCTA,L2
hMG1,AAGGAATGTGAACCGA,L2
hMG1,AAGGAATGTGGTGATG,L2
hMG1,AAGGAATGTTCTATCT,L1
hMG1,AAGGTAAAGGAGGCAG,Basal
hMG1,AAGGTAACACAGTCAT,L2
hMG1,AAGGTAACACTTCCTG,L2
hMG1,AAGGTAAGTTCTCTAT,L2
hMG1,AAGGTAATCTATCGGA,L2
hMG1,AAGTACCAGACCAAAT,L2
hMG1,AAGTACCAGGGAGATA,L2
hMG1,AAGTACCCAAGCGAAC,L2
hMG1,AAGTACCCACCATAAC,L1
hMG1,AAGTACCGTACCCAGC,L1
hMG1,AAGTACCGTCACCACG,Basal
hMG1,AAGTACCTCGCGTTTC,L1
hMG1,AAGTACCTCTGAGATC,Basal
hMG1,AAGTCGTAGAATACAC,L1
hMG1,AAGTCGTTCACTCGAA,L2
hMG1,AAGTCGTTCGAAGCCC,L2
hMG1,AAGTCGTTCTCCGATC,L2
hMG1,AAGTGAAAGCAAGCCA,L2
hMG1,AAGTGAAAGCAATAGT,L2
hMG1,AAGTGAAAGCGGTATG,L1
hMG1,AAGTGAAAGCTGAAAT,L2
hMG1,AAGTGAACACTAAACC,L2
hMG1,AAGTTCGAGCTGGCTC,L2
hMG1,AAGTTCGAGGTAATCA,L2
hMG1,AAGTTCGCAGCTAACT,L2
hMG1,AAGTTCGCATAGGAGC,L1
hMG1,AAGTTCGCATCTCATT,L2
hMG1,AAGTTCGTCACCATAG,Basal
hMG1,AAGTTCGTCCTGGGTG,L1
hMG1,AATAGAGAGACCGTTT,L2
hMG1,AATAGAGAGTTCACTG,L1
hMG1,AATAGAGGTACCCGAC,L2
hMG1,AATAGAGGTCGAAACG,L2
hMG1,AATAGAGGTCGAGTTT,L1
hMG1,AATAGAGTCCATCGTC,L1
hMG1,AATAGAGTCCGTGGGT,L1
hMG1,AATCACGAGCTTAGTC,L2
hMG1,AATCACGCACACCGAC,L1
hMG1,AATCACGCAGCAAGAC,Basal
hMG1,AATCACGCAGCCGGTT,L2
hMG1,AATCACGCATAGATCC,L2
hMG1,AATCACGCATATACCG,L1
hMG1,AATCACGGTAACATAG,L2
hMG1,AATCACGGTACCTTCC,L2
hMG1,AATCACGGTAGACAAT,L2
hMG1,AATCACGTCACCGGTG,Basal
hMG1,AATCACGTCAGACCCG,L2
hMG1,AATCACGTCCGAGCTG,L1
hMG1,AATCACGTCTTCCCAG,L1
hMG1,AATCGACAGACCAGCA,L1
hMG1,AATCGACAGCCGTAAG,L1
hMG1,AATCGACCAAGAGTGC,L1
hMG1,AATCGACCAATGCTCA,L1
hMG1,AATCGACGTAACATAG,L2
hMG1,AATCGACGTCGTACTA,L2
hMG1,AATCGACGTTCAATCG,L2
hMG1,AATCGACTCGCGTAGC,L2
hMG1,AATCGACTCGCGTGCA,L1
hMG1,AATCGTGAGAAGTCCG,L1
hMG1,AATCGTGAGAGCGACT,L2
hMG1,AATCGTGAGATGCTGG,L2
hMG1,AATCGTGCAACCAACT,L2
hMG1,AATCGTGCAGTCTCTC,L1
hMG1,AATCGTGCATCTCGTC,L2
hMG1,AATCGTGCATGACGTT,L2
hMG1,AATCGTGGTCCAAAGG,L2
hMG1,AATCGTGGTGGCTGAA,L2
hMG1,AATCGTGGTGTCCTAA,L2
hMG1,AATCGTGTCAAGGACG,L2
hMG1,AATCGTGTCATTTGTC,L2
hMG1,AATCGTGTCCATTGGA,L1
hMG1,AATCGTGTCTCATTGT,L1
hMG1,AATGAAGCAAGCCCAC,L2
hMG1,AATGAAGCATACAGGG,L2
hMG1,AATGAAGCATGACTTG,L2
hMG1,AATGAAGGTTAGAAGT,L1
hMG1,AATGAAGGTTCCAGGC,L1
hMG1,AATGAAGGTTCCGGTG,L2
hMG1,AATGAAGTCTCACTCG,L2
hMG1,AATGACCAGCCGAACA,L1
hMG1,AATGACCAGGCAGTCA,L1
hMG1,AATGACCAGGTCCTGC,L2
hMG1,AATGACCCAATAGAGT,L2
hMG1,AATGACCCACTACTTT,L2
hMG1,AATGACCCAGCTTCCT,L2
hMG1,AATGACCCAGGAATCG,L1
hMG1,AATGACCTCATCGCCT,L2
hMG1,AATGACCTCCCTCAAC,L2
hMG1,AATGACCTCTCGCAGG,L2
hMG1,AATGCCAAGCCTCAAT,L2
hMG1,AATGCCAAGGGAGGTG,L2
hMG1,AATGCCAGTAAGATAC,L2
hMG1,AATGCCAGTATGCAAA,L2
hMG1,AATGCCAGTTGTGGAG,L1
hMG1,AATGCCATCAGATTGC,L2
hMG1,AATGCCATCCAAAGGG,L2
hMG1,AATGCCATCGATGCTA,L2
hMG1,AATGGAACACAATTCG,L2
hMG1,AATGGAACAGAAGTGC,L2
hMG1,AATGGAAGTAGGAGTC,Basal
hMG1,AATGGAATCAACCTCC,L1
hMG1,AATGGAATCTCCCTAG,L2
hMG1,AATGGAATCTTAGTTC,L2
hMG1,AATGGAATCTTTGATC,L1
hMG1,AATGGCTAGCCGAACA,L2
hMG1,AATGGCTAGGTCATTC,L2
hMG1,AATGGCTGTACGGGAT,L1
hMG1,AATGGCTGTATCCTCC,L2
hMG1,AATGGCTGTATGCTTG,Basal
hMG1,AATGGCTTCCATTGTT,L1
hMG1,AATTCCTAGCTGTTAC,L2
hMG1,AATTCCTAGTAATACG,L1
hMG1,AATTCCTAGTCATACC,L2
hMG1,AATTCCTAGTTAGTGA,L2
hMG1,AATTCCTCAAGAGATT,L2
hMG1,AATTCCTCAATAGGGC,L2
hMG1,AATTCCTCACTGATTG,L2
hMG1,AATTCCTCAGATCCAT,L2
hMG1,AATTCCTCATTGCCGG,L1
hMG1,AATTCCTGTAGAGTTA,L2
hMG1,AATTCCTTCATGGATC,L2
hMG1,AATTCCTTCCGGTAGC,L2
hMG1,AATTCCTTCTTACGTT,L2
hMG1,AATTTCCAGTACTGTC,L2
hMG1,AATTTCCAGTATGAGT,L1
hMG1,AATTTCCCAAGGTCGA,L1
hMG1,AATTTCCCAATTGCGT,L1
hMG1,AATTTCCCACGACGAA,L2
hMG1,AATTTCCCACGCTGTG,L2
hMG1,AATTTCCGTGACGCCT,L2
hMG1,AATTTCCGTGTTACAC,L2
hMG1,AATTTCCTCGTTGTTT,L2
hMG1,AATTTCCTCTGACAGT,L2
hMG1,ACAAAGAAGGGCAGAG,L2
hMG1,ACAAAGAAGGGCATGT,L2
hMG1,ACAAAGATCGTGGACC,L1
hMG1,ACAAAGATCTAACGGT,L2
hMG1,ACAAAGATCTAGGCAT,L1
hMG1,ACAACCAAGCAATTCC,L2
hMG1,ACAACCACACATGGTT,L1
hMG1,ACAACCACAGACACCC,L2
hMG1,ACAACCACATAGAATG,L2
hMG1,ACAACCAGTATTTCGG,L1
hMG1,ACAACCAGTCAAACGG,L2
hMG1,ACAACCAGTCACAGTT,L2
hMG1,ACAACCATCATGGCCG,L2
hMG1,ACAAGCTAGGCGAACT,L1
hMG1,ACAAGCTCACGTTCGG,L2
hMG1,ACAAGCTGTCAAGCGA,L1
hMG1,ACAAGCTGTCAGTTTG,L1
hMG1,ACAAGCTGTGTCATGT,L1
hMG1,ACAAGCTTCCATCTAT,L2
hMG1,ACAAGCTTCGGTCACG,L2
hMG1,ACACAGTAGATTGACA,L2
hMG1,ACACAGTAGCAGCGAT,L1
hMG1,ACACAGTAGGCGACAT,L1
hMG1,ACACAGTAGGCTCTAT,L2
hMG1,ACACAGTCACTCCGAG,L2
hMG1,ACACAGTCAGGCTTGC,L2
hMG1,ACACAGTGTACTAGCT,L2
hMG1,ACACAGTGTATTAAGG,Basal
hMG1,ACACAGTGTTAGGCCC,L2
hMG1,ACACAGTTCAAAGCCT,L2
hMG1,ACACAGTTCGGAGCAA,Basal
hMG1,ACACAGTTCTATGCCC,L1
hMG1,ACACCAAAGGATACAT,L2
hMG1,ACACCAAAGGCCTGAA,L1
hMG1,ACACCAAAGGGTACGT,L2
hMG1,ACACCAAAGTAGCATA,L2
hMG1,ACACCAAAGTGGGAAA,L2
hMG1,ACACCAACAGTGTATC,L2
hMG1,ACACCAATCTCACCCA,L1
hMG1,ACACCAATCTCAGAAC,L1
hMG1,ACACCAATCTGAGGCC,L2
hMG1,ACACGCGAGGGCAATC,L1
hMG1,ACACGCGAGTTGTAGA,L1
hMG1,ACACGCGCACGTGAGA,L2
hMG1,ACACGCGCAGAGAGGG,L2
hMG1,ACACGCGTCGACCAAT,L2
hMG1,ACACTGAAGACGGATC,L1
hMG1,ACACTGAAGGTGCGAT,L2
hMG1,ACACTGAAGTACAGAT,Basal
hMG1,ACACTGAAGTCGTTAC,L2
hMG1,ACACTGACAACTTGCA,L2
hMG1,ACACTGACAAGGCAAC,L1
hMG1,ACACTGACACCAAATC,L2
hMG1,ACACTGACAGGTTCGC,L2
hMG1,ACACTGAGTATGTCAC,L2
hMG1,ACACTGAGTCGAGTGA,L2
hMG1,ACACTGAGTGCAAGAC,Basal
hMG1,ACACTGATCTTCCCGA,L1
hMG1,ACACTGATCTTTCCGG,L1
hMG1,ACAGAAACACACAGCC,L2
hMG1,ACAGAAACACGCACCA,L2
hMG1,ACAGAAACAGCATCTA,L2
hMG1,ACAGAAAGTCTTGGTA,L2
hMG1,ACAGAAATCCCATAAG,L2
hMG1,ACAGCCGAGCCACCGT,L2
hMG1,ACAGCCGAGGAGGTTC,L1
hMG1,ACAGCCGCAAGTCCAT,L1
hMG1,ACAGCCGCACTGATTG,L2
hMG1,ACAGCCGCAGCAGTTT,L1
hMG1,ACAGCCGCATGTGCCG,L1
hMG1,ACAGCCGGTCAGATTC,L2
hMG1,ACAGCCGGTGTCTAAC,L2
hMG1,ACAGCCGGTGTCTTCC,L2
hMG1,ACAGCCGGTTCGGGTC,L2
hMG1,ACAGCCGGTTGGCTAT,L1
hMG1,ACAGCCGTCAAGAATG,L1
hMG1,ACAGGGAAGAAGTGTT,L2
hMG1,ACAGGGAAGGGACTGT,L2
hMG1,ACAGGGACAAATACGA,L2
hMG1,ACAGGGACAACTCGAT,L2
hMG1,ACAGGGACAGGCGTTC,L1
hMG1,ACAGGGACATCCTCAC,L2
hMG1,ACAGGGAGTAACCCGC,L1
hMG1,ACAGGGAGTCTACGAT,L2
hMG1,ACAGGGAGTCTCTCAC,L2
hMG1,ACAGGGATCAAACCTG,L2
hMG1,ACAGGGATCAAGAGTA,L2
hMG1,ACAGGGATCTAGCAAC,L1
hMG1,ACAGGGATCTATCGTT,L2
hMG1,ACATCCCAGGGACTGT,L2
hMG1,ACATCCCAGGTAGCCA,Basal
hMG1,ACATCCCAGGTTGAGC,L1
hMG1,ACATCCCCAGGCCTGT,L1
hMG1,ACATCCCCAGTAGATA,L1
hMG1,ACATCCCCAGTAGGAC,L2
hMG1,ACATCCCCATCCGGCA,L2
hMG1,ACATCCCGTCAGCGTC,L2
hMG1,ACATCCCGTCATGCAT,L1
hMG1,ACATCCCGTCCAGCAC,Basal
hMG1,ACATCCCTCATCGCTC,L2
hMG1,ACATCCCTCGCAGATT,L2
hMG1,ACATCCCTCGTCAGAT,L2
hMG1,ACATCGAAGGGTCAAC,L2
hMG1,ACATCGAAGTGATTCC,L1
hMG1,ACATCGAAGTTAGAAC,L2
hMG1,ACATCGACAACCCGCA,L2
hMG1,ACATCGACACGACAGA,L2
hMG1,ACATCGACAGCTACCG,L2
hMG1,ACATCGAGTTCGAGCC,L1
hMG1,ACATCGATCCTGGGTG,L2
hMG1,ACATCGATCTCAACGA,L1
hMG1,ACATGCAAGACATCAA,L2
hMG1,ACATGCAAGATTGATG,L2
hMG1,ACATGCACAAATTGGA,L1
hMG1,ACATGCACACTTCCTG,L1
hMG1,ACATGCACAGCTTTCC,L2
hMG1,ACATGCACATGACAAA,L1
hMG1,ACATGCACATGACCCG,L1
hMG1,ACATGCAGTACTGCGC,L2
hMG1,ACATGCAGTGGTCTAT,L1
hMG1,ACATGCAGTGTCACAT,L2
hMG1,ACATGCAGTTCTTAGG,L1
hMG1,ACATGCATCCGTACGG,L2
hMG1,ACATGCATCGAGGCAA,L2
hMG1,ACATGCATCTCTATAC,L1
hMG1,ACATTTCAGCAGCAGT,L1
hMG1,ACATTTCCAATCACGT,Basal
hMG1,ACATTTCCAATCGCCG,L2
hMG1,ACATTTCCACTTGGCG,L2
hMG1,ACATTTCCATGTCGTA,L1
hMG1,ACATTTCGTTAAAGTG,L2
hMG1,ACATTTCTCATCAGTG,L2
hMG1,ACCAAACAGACGACGT,Basal
hMG1,ACCAAACAGAGTCAAT,L2
hMG1,ACCAAACAGCTGAAGC,L1
hMG1,ACCAAACAGGCCTTCG,L1
hMG1,ACCAAACAGGCTATCT,L2
hMG1,ACCAAACGTAAGATTG,L2
hMG1,ACCAAACGTACGCGTC,L2
hMG1,ACCAAACGTCCGCAGT,L2
hMG1,ACCAAACGTCTAGGTT,L2
hMG1,ACCAAACGTTGATGTC,L1
hMG1,ACCAAACTCTGCTCTG,L2
hMG1,ACCAACAAGCAATAAC,L2
hMG1,ACCAACAAGGGACAGG,L2
hMG1,ACCAACACATCCAATG,L2
hMG1,ACCAACAGTAGAAACT,L1
hMG1,ACCAACAGTCTAACTG,L2
hMG1,ACCAACAGTGCGAGTA,L2
hMG1,ACCAACAGTTGTGTAC,L2
hMG1,ACCAACATCGTAACCA,L1
hMG1,ACCACAACAAGATCCT,L1
hMG1,ACCACAACACACGGAA,L2
hMG1,ACCACAACACTTGTGA,L2
hMG1,ACCACAACATCCCACT,L2
hMG1,ACCACAAGTCCGTTTC,L2
hMG1,ACCACAAGTTCTTGTT,L2
hMG1,ACCACAATCGGTAGAG,L2
hMG1,ACCACAATCGTTACCC,L2
hMG1,ACCACAATCTCATGCC,L2
hMG1,ACCATTTAGCTCCCTT,Basal
hMG1,ACCATTTCACATTCGA,L2
hMG1,ACCATTTGTAAGTAGT,L2
hMG1,ACCATTTGTACACGTT,L1
hMG1,ACCATTTTCGACCACG,L1
hMG1,ACCATTTTCGAGAATA,L2
hMG1,ACCATTTTCGCTTGCT,L1
hMG1,ACCATTTTCGTAGGAG,L1
hMG1,ACCATTTTCTAACGCA,L2
hMG1,ACCATTTTCTCACTCG,L1
hMG1,ACCCAAAAGCGAGTCA,L2
hMG1,ACCCAAAAGTCTTGGT,L1
hMG1,ACCCAAACAAATGGAT,L1
hMG1,ACCCAAACAATTTCGG,L1
hMG1,ACCCAAACACAGGATG,L2
hMG1,ACCCAAACACCTATCC,L2
hMG1,ACCCAAAGTCACAATC,L1
hMG1,ACCCAAATCAGTGGGA,L1
hMG1,ACCCAAATCCTAGCCT,L1
hMG1,ACCCAAATCCTGTAAG,L2
hMG1,ACCCAAATCGTCGGGT,L1
hMG1,ACCCTCAAGTCACTCA,L2
hMG1,ACCCTCAAGTGATTCC,L1
hMG1,ACCCTCAAGTTGTAAG,L2
hMG1,ACCCTCACACATAGCT,L1
hMG1,ACCCTCACACCCTGTT,L2
hMG1,ACCCTCATCAGACCGC,L2
hMG1,ACCCTCATCCTCAGAA,L1
hMG1,ACCCTCATCTAGCAAC,L1
hMG1,ACCCTTGCACACCAGC,Basal
hMG1,ACCCTTGCATACTGAC,L1
hMG1,ACCCTTGCATCAGTCA,L1
hMG1,ACCCTTGCATCCCGTT,L1
hMG1,ACCCTTGCATTGACCA,L2
hMG1,ACCCTTGGTCCGGATC,L2
hMG1,ACCCTTGGTGTGTCCG,L1
hMG1,ACCCTTGGTTAAGCAA,L1
hMG1,ACCCTTGTCAACTCTT,L1
hMG1,ACCCTTGTCATCGCTC,L2
hMG1,ACCCTTGTCATTTACC,L2
hMG1,ACCCTTGTCGGACCAC,Basal
hMG1,ACCCTTGTCTGTCAGA,L2
hMG1,ACCGTTCAGATTAGCA,L1
hMG1,ACCGTTCAGCATGATA,L2
hMG1,ACCGTTCAGGAAAGAC,L2
hMG1,ACCGTTCAGGTATCTC,Basal
hMG1,ACCGTTCCAATTGTGC,L2
hMG1,ACCGTTCCACGGTGCT,L2
hMG1,ACCGTTCGTCCACTTC,L1
hMG1,ACCGTTCTCCGAGTGC,L2
hMG1,ACCGTTCTCTGCGGCA,L1
hMG1,ACCTACCAGAAATCCA,L2
hMG1,ACCTACCAGCCTGGAA,L2
hMG1,ACCTACCAGGGCGAAG,L2
hMG1,ACCTACCGTGAGTGAC,L2
hMG1,ACCTACCGTGCATGAG,L2
hMG1,ACCTACCGTGCCGTAC,L2
hMG1,ACCTACCGTGTCGCTG,L2
hMG1,ACCTGAAAGCGCTTCG,L2
hMG1,ACCTGAAAGGAATCGC,L2
hMG1,ACCTGAAAGGATGAGA,L2
hMG1,ACCTGAAAGTTACGGG,L2
hMG1,ACCTGAAGTTCTTCAT,L2
hMG1,ACCTGAATCACGAGGA,Basal
hMG1,ACCTGAATCCGAACGC,L2
hMG1,ACCTGAATCTACTCAT,L2
hMG1,ACCTGAATCTCGCCTA,L2
hMG1,ACCTGAATCTCTGCCA,L2
hMG1,ACCTGTCAGAAAGTCT,L1
hMG1,ACCTGTCCAAGATGTA,L2
hMG1,ACCTGTCCACCGGAAA,L1
hMG1,ACCTGTCCAGTTTCAG,L2
hMG1,ACCTGTCGTATCGTAC,L2
hMG1,ACCTGTCGTTTGCAGT,L2
hMG1,ACCTGTCTCACCCTTG,L2
hMG1,ACCTGTCTCTTTCAGT,L1
hMG1,ACGATCAAGAGAGAAC,L2
hMG1,ACGATCAAGTAGGAAG,L2
hMG1,ACGATCACAAGTATAG,L1
hMG1,ACGATCACAGGGCTTC,L2
hMG1,ACGATCAGTCACCCTT,L2
hMG1,ACGATCAGTCATTGCA,L1
hMG1,ACGATCAGTTAGGCTT,L2
hMG1,ACGATGTAGACTTCCA,L2
hMG1,ACGATGTAGCTCTTCC,L2
hMG1,ACGATGTAGGACGCTA,L2
hMG1,ACGATGTCAACTCATG,L2
hMG1,ACGATGTCAGACGGAT,L2
hMG1,ACGATGTGTAGATCGG,L2
hMG1,ACGCACGAGCAACTCT,L1
hMG1,ACGCACGCACACCTAA,L2
hMG1,ACGCACGCATACAGAA,L1
hMG1,ACGCACGTCGAGTCTA,L1
hMG1,ACGCACGTCGTAGAGG,L2
hMG1,ACGGAAGAGCAGTACG,L2
hMG1,ACGGAAGCAAACAGGC,L1
hMG1,ACGGAAGCACGCTGCA,L2
hMG1,ACGGAAGCATCAGCTA,L2
hMG1,ACGGAAGGTAGCGAGT,L2
hMG1,ACGGAAGGTCACGTGC,L1
hMG1,ACGGAAGTCGGTCTAA,L1
hMG1,ACGGGTCAGATTCGCT,L1
hMG1,ACGGGTCCACAGTATC,L2
hMG1,ACGGGTCCACTGGATT,L2
hMG1,ACGGGTCGTACGATGG,L2
hMG1,ACGGGTCGTCGCATTA,L2
hMG1,ACGGGTCGTTTCGATG,L2
hMG1,ACGGTCGAGCCTTTCC,Basal
hMG1,ACGGTCGAGCGGATCA,L2
hMG1,ACGGTCGCAAGGCCTC,L2
hMG1,ACGGTCGCAGCACACC,L2
hMG1,ACGGTCGCAGGACTAG,L2
hMG1,ACGGTCGCATGTTACG,L2
hMG1,ACGGTCGTCGCCTCTA,L2
hMG1,ACGGTCGTCTACTCAT,L2
hMG1,ACGGTTAAGAAGAACG,L1
hMG1,ACGGTTAAGATACCAA,L2
hMG1,ACGGTTAAGATCACCT,L2
hMG1,ACGGTTAAGGCATTTC,L2
hMG1,ACGGTTACAGCCTTCT,L2
hMG1,ACGGTTACATGCGGTC,L1
hMG1,ACGGTTAGTAGGTCAG,L1
hMG1,ACGTAACAGACAGCTG,L2
hMG1,ACGTAACAGCCTGAGA,L2
hMG1,ACGTAACAGCTCTGTA,L2
hMG1,ACGTAACCAAGATTGA,L2
hMG1,ACGTAACCACGGCACT,L1
hMG1,ACGTAACGTCAACACT,L2
hMG1,ACGTAACGTGGAAATT,L1
hMG1,ACGTAACTCAGGACAG,L2
hMG1,ACGTAACTCAGTCCGG,L1
hMG1,ACGTAACTCCAAGCTA,L2
hMG1,ACGTAACTCCGTAGGC,L2
hMG1,ACGTAACTCGACGACC,L2
hMG1,ACGTAACTCGATGGAG,L1
hMG1,ACGTAACTCGCTTGAA,L1
hMG1,ACGTACAAGCATCTTG,L2
hMG1,ACGTACACAAGAGGCT,L2
hMG1,ACGTACAGTCACTTAG,L2
hMG1,ACGTACAGTCCTTAAG,L2
hMG1,ACGTACAGTTACGATC,L1
hMG1,ACGTACAGTTCCAGGC,L2
hMG1,ACGTACAGTTTGTTGG,L2
hMG1,ACGTACATCAAGTGTC,L2
hMG1,ACGTACATCGCACGAC,L2
hMG1,ACGTAGTCAAGCGAGT,L2
hMG1,ACGTAGTCAGAACTCT,L2
hMG1,ACGTAGTCAGACAAAT,L2
hMG1,ACGTAGTCAGTTGCGC,L1
hMG1,ACGTAGTCATTGAAAG,L1
hMG1,ACGTAGTGTCCCTGTT,L2
hMG1,ACGTAGTGTCTCGCGA,L2
hMG1,ACGTAGTGTTACGGAG,L1
hMG1,ACGTAGTTCACCTCAC,L2
hMG1,ACGTAGTTCGCCTTGT,L1
hMG1,ACGTAGTTCGTAACTG,L2
hMG1,ACGTCCTAGAAGGTAG,L2
hMG1,ACGTCCTAGCCTCATA,Basal
hMG1,ACGTCCTAGTAGAGTT,L2
hMG1,ACGTCCTCAATACAGA,L2
hMG1,ACGTCCTCATTGCTGA,L1
hMG1,ACGTCCTGTAACATCC,L2
hMG1,ACGTCCTGTCTTCTAT,L2
hMG1,ACGTCCTGTTGCTCAA,L2
hMG1,ACGTCCTTCCTTGAAG,L2
hMG1,ACGTCCTTCTCGCAGG,L1
hMG1,ACGTTCCAGAGAGAAC,L2
hMG1,ACGTTCCAGAGTCGAC,Basal
hMG1,ACGTTCCAGTATGCAA,L2
hMG1,ACGTTCCCACAAACGG,L2
hMG1,ACGTTCCCATCACGGC,L1
hMG1,ACGTTCCGTACGGATG,L2
hMG1,ACGTTCCGTAGTCACT,L2
hMG1,ACGTTCCGTCCCAAAT,L2
hMG1,ACGTTCCGTGAAAGTT,L2
hMG1,ACGTTCCTCGGATAAA,L2
hMG1,ACGTTCCTCGGTAGGA,L2
hMG1,ACTACGACACAACATC,L1
hMG1,ACTACGACACACGCCA,L1
hMG1,ACTACGACACCGTGGT,L1
hMG1,ACTACGACATCCAATG,Basal
hMG1,ACTACGACATGGCCAC,L1
hMG1,ACTACGAGTATGGTTC,L1
hMG1,ACTACGAGTTGTGCCG,L1
hMG1,ACTACGATCAGCATTG,L2
hMG1,ACTACGATCGACACTA,L2
hMG1,ACTATCTAGTCCTACA,Basal
hMG1,ACTATCTAGTTCCGTA,L2
hMG1,ACTATCTCAACTGAAA,L1
hMG1,ACTATCTCAGTTGTTG,L2
hMG1,ACTATCTCATCATGAC,Basal
hMG1,ACTATCTGTGGCTACC,L2
hMG1,ACTATCTTCACCTTGC,L2
hMG1,ACTATCTTCACGAACT,L2
hMG1,ACTATCTTCATGCAGT,L2
hMG1,ACTATCTTCCTTCGAC,L1
hMG1,ACTATCTTCCTTCTTC,L2
hMG1,ACTATCTTCTCGCTCA,L2
hMG1,ACTATGGAGACTACGG,L2
hMG1,ACTATGGAGTATGCAA,L2
hMG1,ACTATGGCACTCAGAT,L2
hMG1,ACTATGGCATTAGGCT,L2
hMG1,ACTATGGCATTCGGGC,L1
hMG1,ACTATGGCATTGGCAT,L2
hMG1,ACTATGGTCGGTATGT,L2
hMG1,ACTATGGTCGTTGTGA,L2
hMG1,ACTATTCAGAAGGGAT,L2
hMG1,ACTATTCAGGGCGAGA,L1
hMG1,ACTATTCCACGTAACT,L1
hMG1,ACTATTCCAGTTTCAG,L2
hMG1,ACTATTCGTAGTCACT,L2
hMG1,ACTATTCGTATCGGTT,L2
hMG1,ACTATTCGTCCAGCGT,L2
hMG1,ACTATTCGTGAGGAAA,L1
hMG1,ACTATTCGTGTGTGGA,L1
hMG1,ACTATTCTCGCGTGAC,L2
hMG1,ACTATTCTCGGACAAG,L2
hMG1,ACTCCCAAGGTAGCAC,L2
hMG1,ACTCCCACAACACTAC,L2
hMG1,ACTCCCACAAGATCCT,Basal
hMG1,ACTCCCACAATCCTAG,L1
hMG1,ACTCCCACACACGCCA,L2
hMG1,ACTCCCACACCCAATA,L2
hMG1,ACTCCCACACTACAGT,L2
hMG1,ACTCCCACAGATTAAG,L2
hMG1,ACTCCCAGTACAGCGA,L2
hMG1,ACTCCCAGTACGACTT,L2
hMG1,ACTCCCAGTCAGGAGT,L1
hMG1,ACTCCCAGTCGTTTCC,Basal
hMG1,ACTCCCAGTGAACTAA,L2
hMG1,ACTCCCAGTTTACTGG,L1
hMG1,ACTCCCATCGTGGAAG,L2
hMG1,ACTCCCATCTGGACCG,L1
hMG1,ACTCCCATCTGTGCTC,L1
hMG1,ACTCTCGAGTCCCTAA,L1
hMG1,ACTCTCGAGTCTCTGA,L2
hMG1,ACTCTCGAGTGACACG,L2
hMG1,ACTCTCGAGTGATAGT,L2
hMG1,ACTCTCGCAACCCTCT,L2
hMG1,ACTCTCGCAAGATCCT,L2
hMG1,ACTCTCGGTAGACACG,L2
hMG1,ACTCTCGGTCCTCCTA,L1
hMG1,ACTCTCGGTCGAGTTT,L2
hMG1,ACTCTCGGTGCATTTG,L2
hMG1,ACTCTCGGTTGCGTAT,L2
hMG1,ACTCTCGTCACGGGAA,L2
hMG1,ACTCTCGTCGCTATTT,L2
hMG1,ACTCTCGTCGTCGGGT,L2
hMG1,ACTGATGAGATGAAGG,L2
hMG1,ACTGATGAGTATTGCC,L2
hMG1,ACTGATGAGTGCACAG,L2
hMG1,ACTGATGCAGCACACC,L2
hMG1,ACTGATGCATAGGCGA,L2
hMG1,ACTGATGGTACTGAGG,L2
hMG1,ACTGATGGTAGGAGGG,L1
hMG1,ACTGATGGTATGCTAC,L2
hMG1,ACTGATGGTCCACTCT,L2
hMG1,ACTGATGGTTCGAGCC,L1
hMG1,ACTGATGTCAACTCTT,L2
hMG1,ACTGATGTCACGATCA,Basal
hMG1,ACTGATGTCGGTGTTA,L1
hMG1,ACTGCAAAGCTTAGTC,L1
hMG1,ACTGCAAAGGATTTAG,L2
hMG1,ACTGCAAAGTGGTTCT,Basal
hMG1,ACTGCAACAAGTATCC,Basal
hMG1,ACTGCAACAGCTGCCA,L2
hMG1,ACTGCAACATGGGCAA,L1
hMG1,ACTGCAACATGTGGTT,L2
hMG1,ACTGCAAGTAGGACTG,L1
hMG1,ACTGCAAGTTACTCAG,L1
hMG1,ACTGCAAGTTATCCAG,L2
hMG1,ACTGCAAGTTCAAGGG,L2
hMG1,ACTGCAATCGATGCTA,L2
hMG1,ACTGCAATCTACTGAG,L1
hMG1,ACTGTCCAGTGGCGAT,L1
hMG1,ACTGTCCCACACCTTC,L2
hMG1,ACTGTCCCACGTATAC,L1
hMG1,ACTGTCCCATAGGTTC,L2
hMG1,ACTGTCCCATCACGGC,L2
hMG1,ACTGTCCCATTGCCGG,L2
hMG1,ACTGTCCTCAGATTGC,L2
hMG1,ACTGTCCTCCGTGGCA,L1
hMG1,ACTGTGAAGAGTCACG,L1
hMG1,ACTGTGAAGGGAGATA,L1
hMG1,ACTGTGACAAGGTACG,Basal
hMG1,ACTGTGACAATCTCTT,L2
hMG1,ACTGTGAGTACAAAGT,L2
hMG1,ACTGTGAGTCTTAGTG,L2
hMG1,ACTGTGAGTGCACAAG,L2
hMG1,ACTGTGATCCGTGGTG,L2
hMG1,ACTGTGATCTTTGCTA,L2
hMG1,ACTTAGGAGACAGCGT,L2
hMG1,ACTTAGGAGCAGGCTA,L2
hMG1,ACTTAGGAGTAGGTTA,L2
hMG1,ACTTAGGCACGGTGAA,L2
hMG1,ACTTAGGCAGGTCAAG,L2
hMG1,ACTTAGGCATTGAGCT,L2
hMG1,ACTTAGGGTCCGATCG,L2
hMG1,ACTTAGGGTGCACATT,L1
hMG1,ACTTAGGGTGGACAGT,L1
hMG1,ACTTAGGGTGTGGTCC,L2
hMG1,ACTTAGGTCAAGCCAT,L2
hMG1,ACTTAGGTCACGGACC,L1
hMG1,ACTTAGGTCGCAGTTA,L2
hMG1,ACTTAGGTCGGTTAGT,L2
hMG1,ACTTATCAGAGGTCGT,L2
hMG1,ACTTATCCAAACTAAG,L2
hMG1,ACTTATCCAAGGCTTT,L1
hMG1,ACTTATCCACTGGCCA,L1
hMG1,ACTTATCCATTCAGCA,L2
hMG1,ACTTATCGTACCCGCA,L2
hMG1,ACTTATCGTGGGTTGA,Basal
hMG1,ACTTATCGTTCCTAAG,L2
hMG1,ACTTATCTCACTGTCC,L1
hMG1,ACTTATCTCGTTACCC,L2
hMG1,ACTTATCTCTCAGGCG,L2
hMG1,ACTTCCGAGCAGTAAT,L2
hMG1,ACTTCCGAGCTGGCTC,L1
hMG1,ACTTCCGAGGTAACTA,L2
hMG1,ACTTCCGAGGTGGTTG,L1
hMG1,ACTTCCGAGTCACGAG,L2
hMG1,ACTTCCGAGTGCACAG,L1
hMG1,ACTTCCGCAAGAGAGA,L2
hMG1,ACTTCCGCAATGCTCA,L2
hMG1,ACTTCCGCACTCTCGT,L2
hMG1,ACTTCCGCAGCGACAA,L2
hMG1,ACTTCCGCAGTCGGTC,L1
hMG1,ACTTCCGGTAGCGAGT,Basal
hMG1,ACTTCCGGTGCATTTG,L2
hMG1,ACTTCCGTCACCTCAC,L2
hMG1,ACTTCCGTCCAAGCCG,Basal
hMG1,ACTTCCGTCGCTAGCG,L2
hMG1,ACTTCCGTCTGAGCAT,L1
hMG1,ACTTCGCAGATAACGT,L2
hMG1,ACTTCGCAGGCAATGC,L1
hMG1,ACTTCGCAGTAAGGGA,L2
hMG1,ACTTCGCGTACAGAAT,L2
hMG1,ACTTCGCGTCAACACT,L1
hMG1,ACTTCGCGTGATACTC,L2
hMG1,ACTTCGCTCGTCCTCA,L2
hMG1,ACTTTCAAGCAAGGAA,L2
hMG1,ACTTTCAAGGAAGAAC,L2
hMG1,ACTTTCACAAGGCCTC,L2
hMG1,ACTTTCACAGGTAGTG,L1
hMG1,ACTTTCACATGGAATA,L2
hMG1,ACTTTCATCCGAAATC,L2
hMG1,ACTTTGTAGATAACGT,L2
hMG1,ACTTTGTAGCCTGAAG,L2
hMG1,ACTTTGTAGCCTTTCC,Basal
hMG1,ACTTTGTAGGGTCTTT,L2
hMG1,ACTTTGTAGTATTAGG,L2
hMG1,ACTTTGTCACAGTACT,L2
hMG1,ACTTTGTCAGATTTCG,Basal
hMG1,ACTTTGTGTATGTCAC,L2
hMG1,ACTTTGTTCCACAGCG,L2
hMG1,ACTTTGTTCGGTTCAA,Basal
hMG1,ACTTTGTTCTCGAACA,L2
hMG1,AGAAATGAGATACATG,L1
hMG1,AGAAATGCACGATAGG,L2
hMG1,AGAAATGCACTGCGTG,L2
hMG1,AGAAATGCATCAGCGC,L2
hMG1,AGAAATGGTCGTCTCT,L2
hMG1,AGAAATGGTGTCTTGA,L2
hMG1,AGAAATGTCGACGAGA,L2
hMG1,AGAAATGTCTTCTCAA,Basal
hMG1,AGAACAAAGCTGAGTG,L2
hMG1,AGAACAACAGAACTAA,L2
hMG1,AGAACAACATCATCTT,L2
hMG1,AGAACAACATCGTGGC,L1
hMG1,AGAACAAGTTGCCTAA,L1
hMG1,AGAACAAGTTGGCTAT,L1
hMG1,AGAACAATCTTGGTCC,L2
hMG1,AGAACCTAGTCAAGCG,L2
hMG1,AGAACCTCAACGCATT,L1
hMG1,AGAACCTCAAGAGTGC,L1
hMG1,AGAACCTCACATACTG,L1
hMG1,AGAACCTCAGGTCTCG,Basal
hMG1,AGAACCTGTAGACAGC,L2
hMG1,AGAACCTGTCGCTGCA,L2
hMG1,AGAACCTGTTCATCTT,L1
hMG1,AGAACCTTCATTTCGT,Basal
hMG1,AGAACCTTCCGAAGGA,L2
hMG1,AGAACCTTCGAAATCC,L2
hMG1,AGAAGCGAGCACACCC,L2
hMG1,AGAAGCGCACTTCAGA,L2
hMG1,AGAAGCGCAGGCACAA,L2
hMG1,AGAAGCGCATATGGCT,L2
hMG1,AGAAGCGGTACAAGCG,L1
hMG1,AGAAGCGTCGACCCAG,L2
hMG1,AGAAGCGTCGCTTGAA,L2
hMG1,AGAAGTAAGACAACTA,L2
hMG1,AGAAGTAAGGGCAGGA,L1
hMG1,AGAAGTACACGTACTA,L1
hMG1,AGAAGTACATGAAGGC,L1
hMG1,AGAAGTAGTAGATTAG,L1
hMG1,AGAAGTAGTGGAACCA,L2
hMG1,AGAAGTATCACCTCTG,L2
hMG1,AGAAGTATCTCGCAGG,L1
hMG1,AGACAAAAGGTCCAGA,L2
hMG1,AGACAAACAACGGGTA,L2
hMG1,AGACAAACAGAACTCT,L2
hMG1,AGACAAACAGTAGAAT,Basal
hMG1,AGACAAACATCCGGTG,L2
hMG1,AGACAAATCAGGGATG,L2
hMG1,AGACACTAGCTTTCTT,L2
hMG1,AGACACTCAGCATCTA,L2
hMG1,AGACACTCAGCTCGGT,L2
hMG1,AGACACTCATCATTGG,L2
hMG1,AGACACTCATTGGGAG,Basal
hMG1,AGACACTGTAACCCGC,L2
hMG1,AGACACTGTCGAGCAA,L2
hMG1,AGACACTGTGAATGTA,L2
hMG1,AGACACTTCAAGCGTT,L2
hMG1,AGACACTTCCTCAGGG,L2
hMG1,AGACAGGCAAGCGGAT,L2
hMG1,AGACAGGCAATCGCAT,L1
hMG1,AGACAGGCACGAAGAC,L2
hMG1,AGACAGGCACGTCGTG,L2
hMG1,AGACAGGCAGAACGCA,L2
hMG1,AGACAGGCAGGTGTTT,L2
hMG1,AGACAGGCAGTAACCT,Basal
hMG1,AGACAGGGTCGCAGTC,L2
hMG1,AGACAGGGTGCCTGAC,L2
hMG1,AGACAGGTCAGGACGA,L1
hMG1,AGACAGGTCGCGCTGA,L2
hMG1,AGACAGGTCTGAGATC,L2
hMG1,AGACAGGTCTTCTCAA,L2
hMG1,AGACCATAGACTCTTG,Basal
hMG1,AGACCATAGAGTGTTA,L2
hMG1,AGACCATCAACCGATT,L2
hMG1,AGACCATCAAGATTGA,L2
hMG1,AGACCATGTTGACTGT,L2
hMG1,AGACCATTCCTTGAAG,L2
hMG1,AGACCATTCGTGTGGC,L1
hMG1,AGACCATTCGTGTTCC,L2
hMG1,AGACCATTCTGGCTGG,L1
hMG1,AGACCCGAGCACCTGC,L1
hMG1,AGACCCGAGCACTCTA,L2
hMG1,AGACCCGAGGCCCACT,L1
hMG1,AGACCCGCAGCTGGTC,L1
hMG1,AGACCCGCATCCTCAC,L2
hMG1,AGACCCGCATTAAAGG,L2
hMG1,AGACCCGGTATCGTAC,L2
hMG1,AGACCCGGTCCAAGAG,L2
hMG1,AGACCCGTCCGATAGT,L1
hMG1,AGACCCGTCCTATTTG,L2
hMG1,AGACCCGTCTCTGCTG,L2
hMG1,AGACTCAAGGCACAAC,L1
hMG1,AGACTCAAGGCCACTC,L2
hMG1,AGACTCACAACACAGG,L2
hMG1,AGACTCACAACGGGTA,L2
hMG1,AGACTCACAAGAGAGA,L2
hMG1,AGACTCACAATAGGAT,L1
hMG1,AGACTCACAGCCGTCA,L1
hMG1,AGACTCAGTCCCGCAA,L2
hMG1,AGACTCAGTCTGTAAC,Basal
hMG1,AGACTCATCAAAGGTA,L2
hMG1,AGACTCATCAATGTCG,L2
hMG1,AGACTCATCATGTCTT,Basal
hMG1,AGACTCATCGCCGAGT,L2
hMG1,AGACTCATCTTAGGAC,L1
hMG1,AGAGAATAGCAGCCCT,L2
hMG1,AGAGAATAGCGTGCTC,L1
hMG1,AGAGAATAGGGTATAT,L2
hMG1,AGAGAATCAACGCCCA,L2
hMG1,AGAGAATCATGACTAC,L2
hMG1,AGAGAATCATGGAACG,L2
hMG1,AGAGAATGTACCCGAC,L2
hMG1,AGAGAATGTATCGGTT,L2
hMG1,AGAGAATGTGGTACAG,L2
hMG1,AGAGAATGTTCGGTAT,L2
hMG1,AGAGAATTCCGTGTCT,L1
hMG1,AGAGAATTCGACGACC,L2
hMG1,AGAGAATTCTAGGCCG,L1
hMG1,AGAGAATTCTGCGGAC,L1
hMG1,AGAGAATTCTGGTTGA,L1
hMG1,AGAGAATTCTTCTAAC,L2
hMG1,AGAGAGCAGAGAACCC,L2
hMG1,AGAGAGCAGATGTTCC,L2
hMG1,AGAGAGCAGCCGATTT,L2
hMG1,AGAGAGCAGGAGTATT,L1
hMG1,AGAGAGCCAAGTATAG,L2
hMG1,AGAGAGCGTAGCGTTT,L1
hMG1,AGAGAGCTCAAGTGGG,L2
hMG1,AGAGAGCTCGAACTCA,L2
hMG1,AGAGCAGAGACGAGCT,L2
hMG1,AGAGCAGCACCTTCGT,Basal
hMG1,AGAGCAGCAGCAGTGA,L2
hMG1,AGAGCAGGTACGTAGG,L2
hMG1,AGAGCAGGTATGTCTG,L2
hMG1,AGAGCAGGTCCAGAAG,L2
hMG1,AGAGCAGTCCATCTGC,L1
hMG1,AGAGCAGTCCGATAAC,L2
hMG1,AGAGCAGTCGAGGCAA,L1
hMG1,AGAGCAGTCGATGCTA,L2
hMG1,AGAGCCCAGAACTCCT,L2
hMG1,AGAGCCCAGAATTGCA,L2
hMG1,AGAGCCCAGGGTACGT,L2
hMG1,AGAGCCCGTGGATCGA,L2
hMG1,AGAGCCCTCACAGAGG,L1
hMG1,AGAGCCCTCAGTCATG,L2
hMG1,AGAGCCCTCGCCTTGT,L2
hMG1,AGAGCCCTCGGTCAGC,L1
hMG1,AGAGCCCTCGTTGCCT,L2
hMG1,AGAGCCCTCTGGGCAC,L1
hMG1,AGATAGAAGCGCCTCA,L2
hMG1,AGATAGAAGTACCGGA,L1
hMG1,AGATAGAAGTGAGGCT,L1
hMG1,AGATAGACAACGCATT,L2
hMG1,AGATAGACAAGCACCC,Basal
hMG1,AGATAGAGTACTTGTG,L2
hMG1,AGATAGAGTATGAAAC,L2
hMG1,AGATAGATCTAGACCA,L1
hMG1,AGATCCAAGACGCAGT,L2
hMG1,AGATCCAAGATCCCGC,L2
hMG1,AGATCCAAGTTACTCG,L2
hMG1,AGATCCAGTATGAGAT,L1
hMG1,AGATCCAGTTCATCTT,L1
hMG1,AGATCCAGTTGCATCA,L2
hMG1,AGATCCATCACCATGA,L2
hMG1,AGATCCATCAGCGTCG,L1
hMG1,AGATCCATCGAGAGCA,L2
hMG1,AGATCCATCGATGGAG,L2
hMG1,AGATCCATCTACTTCA,L2
hMG1,AGATCGTAGCGCCTCA,L1
hMG1,AGATCGTAGGTCGTGA,L2
hMG1,AGATCGTAGTTCCGTA,L2
hMG1,AGATCGTCACTAGTAC,L2
hMG1,AGATCGTGTGAGTTTC,L2
hMG1,AGATCGTGTTATGTCG,L1
hMG1,AGATCGTTCACTCACC,L2
hMG1,AGATCGTTCTACGGTA,Basal
hMG1,AGATGAAAGACTCTTG,L1
hMG1,AGATGAACACACGGTC,L2
hMG1,AGATGAATCACCTCTG,L2
hMG1,AGATGAATCCGGGACT,L2
hMG1,AGATGCTAGACCAGCA,L2
hMG1,AGATGCTAGCGGACAT,L2
hMG1,AGATGCTAGGGCAATC,L2
hMG1,AGATGCTAGGGCAGGA,L2
hMG1,AGATGCTAGGTCATTC,L2
hMG1,AGATGCTAGGTGGGTT,L1
hMG1,AGATGCTCAATTAGGA,L2
hMG1,AGATGCTCACAATGCT,L2
hMG1,AGATGCTCACGTATAC,L2
hMG1,AGATGCTCACTAGGTT,L2
hMG1,AGATGCTCAGATACTC,L1
hMG1,AGATGCTTCAGTGTTG,L2
hMG1,AGATGCTTCATCGCCT,L1
hMG1,AGATGCTTCCCACAGG,L2
hMG1,AGATGCTTCGCAACAT,L2
hMG1,AGATGCTTCTTAGTTC,Basal
hMG1,AGCATCAAGCAAACAT,L2
hMG1,AGCATCAGTCATAGTC,L2
hMG1,AGCATCAGTCTGCGCA,L2
hMG1,AGCATCAGTTTCGTAG,L1
hMG1,AGCATCATCCCAATAG,L1
hMG1,AGCCAATAGCCTGAAG,L2
hMG1,AGCCAATAGGGTCAAC,L1
hMG1,AGCCAATGTCACGTGC,L2
hMG1,AGCCAATGTGGCTGCT,L2
hMG1,AGCCAATTCCAACTGA,L1
hMG1,AGCCAATTCCCATTCG,Basal
hMG1,AGCCAATTCGGCTCTT,L2
hMG1,AGCCACGAGATACCAA,L1
hMG1,AGCCACGAGGTACAAT,L2
hMG1,AGCCACGAGTTTGAGA,L2
hMG1,AGCCACGCAACGACTT,L1
hMG1,AGCCACGCAACGATCT,L2
hMG1,AGCCACGCACTGCATA,L2
hMG1,AGCCACGCAGTGCGCT,L2
hMG1,AGCCACGGTCATCGGC,L2
hMG1,AGCCACGTCCTTCTAA,L2
hMG1,AGCCAGCAGCACTTTG,L2
hMG1,AGCCAGCAGTACAGAT,L2
hMG1,AGCCAGCAGTCACGCC,Basal
hMG1,AGCCAGCAGTCGGCCT,L2
hMG1,AGCCAGCCATATACCG,L2
hMG1,AGCCAGCGTCTACGAT,L2
hMG1,AGCGATTAGATAGGGA,L2
hMG1,AGCGATTAGGTAGGCT,L2
hMG1,AGCGATTAGGTTGACG,L1
hMG1,AGCGATTAGTAGAGTT,Basal
hMG1,AGCGATTCAAAGAGTT,L2
hMG1,AGCGATTCATCAGCAT,L1
hMG1,AGCGATTGTACCCGCA,L2
hMG1,AGCGATTTCTCCTGAC,L2
hMG1,AGCGATTTCTCGTCAC,Basal
hMG1,AGCGATTTCTGAGGTT,L2
hMG1,AGCGCCAAGCGACAGT,L2
hMG1,AGCGCCAAGGCCTTGC,L2
hMG1,AGCGCCAAGTGATGGC,L1
hMG1,AGCGCCACACAGTCAT,L2
hMG1,AGCGCCACACCAAATC,Basal
hMG1,AGCGCCAGTCCATAGT,L2
hMG1,AGCGCCAGTCTCAGGC,L2
hMG1,AGCGCCAGTCTTAGTG,L1
hMG1,AGCGCCATCATGGCCG,L1
hMG1,AGCGCCATCCTCACTG,L1
hMG1,AGCGCCATCGACACTA,L2
hMG1,AGCGCCATCTGTGCGG,Basal
hMG1,AGCGCTGCAAGCACCC,L2
hMG1,AGCGCTGCACCAGACC,Basal
hMG1,AGCGCTGCAGTGGTGA,L1
hMG1,AGCGCTGGTGATCGTT,L2
hMG1,AGCGCTGGTGTCCACG,L2
hMG1,AGCGCTGGTTGACTGT,L2
hMG1,AGCGCTGTCCATCTAT,L1
hMG1,AGCGCTGTCCGTCACT,L1
hMG1,AGCGTATAGACATACA,L1
hMG1,AGCGTATAGCCACTCG,L2
hMG1,AGCGTATAGGCACAAC,L1
hMG1,AGCGTATAGTTGTCGT,L1
hMG1,AGCGTATCACGTATAC,L2
hMG1,AGCGTATCAGCGTTTA,L2
hMG1,AGCGTATGTCATTGCA,L2
hMG1,AGCGTATGTGAGTAAT,L2
hMG1,AGCGTATGTTGCATCA,L2
hMG1,AGCGTATTCACGAGGA,Basal
hMG1,AGCGTATTCGACGACC,L1
hMG1,AGCGTATTCTACGGTA,L1
hMG1,AGCGTCGAGAGAGTTT,L2
hMG1,AGCGTCGAGAGATTCA,L2
hMG1,AGCGTCGAGCACGATG,L2
hMG1,AGCGTCGCAAATTGGA,L2
hMG1,AGCGTCGCAGCTAACT,L2
hMG1,AGCGTCGGTTTGTTCT,L2
hMG1,AGCTACAAGAAATTGC,L1
hMG1,AGCTACAAGCCGATAG,L2
hMG1,AGCTACACAATTGTGC,L2
hMG1,AGCTACACAGTAGATA,L2
hMG1,AGCTACACATGACAGG,L2
hMG1,AGCTACAGTGGCTGCT,L2
hMG1,AGCTACAGTGGGACAT,L1
hMG1,AGCTACATCCGTTGGG,L1
hMG1,AGCTACATCGAACTCA,L2
hMG1,AGCTCAAAGGCGAACT,L2
hMG1,AGCTCAAAGGGACCAT,L2
hMG1,AGCTCAAAGTCTCTGA,L1
hMG1,AGCTCAACAGGACATG,L2
hMG1,AGCTCAACATAACTCG,L2
hMG1,AGCTCAAGTATCGTGT,L1
hMG1,AGCTCAAGTATTTCCT,Basal
hMG1,AGCTCAAGTGGAACAC,L2
hMG1,AGCTCAATCGATCCAA,L1
hMG1,AGCTCAATCGCTCCTA,L2
hMG1,AGCTCAATCGTCGGGT,L2
hMG1,AGCTCAATCTGTAAGC,L2
hMG1,AGCTCAATCTTGAGCA,L2
hMG1,AGCTTCCAGAATAGTC,L2
hMG1,AGCTTCCAGCGTCTCG,L2
hMG1,AGCTTCCAGTCAACAA,L1
hMG1,AGCTTCCCAAAGGCAC,L2
hMG1,AGCTTCCCACATCCCT,L2
hMG1,AGCTTCCCACGACTAT,L2
hMG1,AGCTTCCCACGCACCA,L2
hMG1,AGCTTCCCAGAAGCTG,Basal
hMG1,AGCTTCCGTAGCCCTG,L1
hMG1,AGCTTCCGTCGTACAT,L2
hMG1,AGCTTCCTCGGCCCAA,L2
hMG1,AGCTTCCTCTCTGCCA,L2
hMG1,AGGAAATAGAGGTATT,L2
hMG1,AGGAAATAGATCGGTG,L2
hMG1,AGGAAATAGGGTTAAT,L1
hMG1,AGGAAATAGTATGACA,L2
hMG1,AGGAAATAGTTGTAGA,L2
hMG1,AGGAAATCAACACGAG,L1
hMG1,AGGAAATCAAGAGCTG,Basal
hMG1,AGGAAATCACTCATAG,L2
hMG1,AGGAAATCATCGCTCT,L2
hMG1,AGGAAATCATTGAAGA,L2
hMG1,AGGAAATGTCACATTG,L2
hMG1,AGGAAATTCCTTATAC,Basal
hMG1,AGGAAATTCTGCATAG,L2
hMG1,AGGAATAAGAGTGACC,L1
hMG1,AGGAATAAGCGTCAAG,L2
hMG1,AGGAATACAGACCGCT,L2
hMG1,AGGAATATCACTAGCA,L2
hMG1,AGGAATATCGCAGAGA,Basal
hMG1,AGGAATATCGCATGAT,L2
hMG1,AGGAATATCTACCACC,L1
hMG1,AGGACGAAGCAGCCTC,L1
hMG1,AGGACGAAGGATGGCT,L2
hMG1,AGGACGACACTTCAAG,L2
hMG1,AGGACGACATCACGGC,L2
hMG1,AGGACGACATCCTGTC,Basal
hMG1,AGGACGAGTGCATGAG,L2
hMG1,AGGACGAGTTTGCAGT,L2
hMG1,AGGACGATCCTCATAT,L1
hMG1,AGGACTTAGGTTCCAT,L2
hMG1,AGGACTTCACAATGAA,Basal
hMG1,AGGACTTCACACGCCA,L1
hMG1,AGGACTTCATCAGCAT,L2
hMG1,AGGACTTCATCTGGGC,L1
hMG1,AGGACTTGTAGAGGAA,Basal
hMG1,AGGAGGTAGGATATAC,L1
hMG1,AGGAGGTAGTAATTGG,L2
hMG1,AGGAGGTCATCGAACT,L2
hMG1,AGGAGGTCATCGGATT,L2
hMG1,AGGAGGTGTCGAGTGA,L2
hMG1,AGGAGGTGTTGCATAC,L1
hMG1,AGGAGGTTCCTCTCTT,Basal
hMG1,AGGAGGTTCGCTAATG,L2
hMG1,AGGATAAAGCGACTAG,L1
hMG1,AGGATAAAGCGCCGTT,L2
hMG1,AGGATAAAGGCTCTCG,L2
hMG1,AGGATAAAGTGTCATC,L1
hMG1,AGGATAACAACCAACT,L2
hMG1,AGGATAACAATCGTCA,L2
hMG1,AGGATAACATAGGTTC,L2
hMG1,AGGATAAGTTGGGATG,L1
hMG1,AGGATAATCTGTGCTC,L2
hMG1,AGGATCTAGTCTAACC,L1
hMG1,AGGATCTAGTTGGCTT,L1
hMG1,AGGATCTCAGGTCCCA,L1
hMG1,AGGATCTCATCGGTTA,L2
hMG1,AGGATCTGTCCAGCAC,L2
hMG1,AGGATCTGTGAGATTA,L2
hMG1,AGGATCTTCAGTCTTT,L2
hMG1,AGGATCTTCCACGGGT,L2
hMG1,AGGATCTTCTCGTTTA,L1
hMG1,AGGATCTTCTTGGAAC,L1
hMG1,AGGCATTAGAGGGTGG,L2
hMG1,AGGCATTCAAGATGGC,L1
hMG1,AGGCATTCATGGCCCA,L2
hMG1,AGGCATTGTACACGCC,L2
hMG1,AGGCATTGTACAGTCT,L2
hMG1,AGGCATTGTCCTATAG,L1
hMG1,AGGCATTTCCTGGTCT,L2
hMG1,AGGCATTTCGACTCCT,L2
hMG1,AGGCCACAGAAATGGG,L1
hMG1,AGGCCACAGCCTCAGC,L1
hMG1,AGGCCACAGCGTTACT,Basal
hMG1,AGGCCACAGGTCGCCT,L2
hMG1,AGGCCACAGTATGAAC,L2
hMG1,AGGCCACAGTTACTCG,L2
hMG1,AGGCCACCAACGTAAA,L2
hMG1,AGGCCACCAAGAGTGC,L2
hMG1,AGGCCACCAATTGAAG,L2
hMG1,AGGCCACCATGAAGGC,L2
hMG1,AGGCCACCATGCACTA,L2
hMG1,AGGCCACGTGTCATGT,L2
hMG1,AGGCCACTCGAGAACG,L1
hMG1,AGGCTGCAGCTCAGAG,L2
hMG1,AGGCTGCAGGTTGAGC,Basal
hMG1,AGGCTGCAGTATAGAC,L1
hMG1,AGGCTGCCAATTAGGA,L2
hMG1,AGGCTGCCATCAGCGC,L2
hMG1,AGGCTGCCATCCTATT,L2
hMG1,AGGCTGCCATGCCGCA,L1
hMG1,AGGCTGCTCGGAGCAA,L2
hMG1,AGGGAGTAGCATGCGA,L2
hMG1,AGGGAGTAGGGAGGCA,L2
hMG1,AGGGAGTCAATAACCC,L1
hMG1,AGGGAGTGTACGGTTT,L2
hMG1,AGGGAGTGTGCCCACA,L1
hMG1,AGGGAGTTCATAGACC,L2
hMG1,AGGGAGTTCTTTGCAT,L2
hMG1,AGGGCCTAGGGTTAAT,L1
hMG1,AGGGCCTCAAGACGAC,L2
hMG1,AGGGCCTCACTGAATC,L2
hMG1,AGGGCCTGTCGCATGC,L1
hMG1,AGGGCCTTCATTGTTC,L2
hMG1,AGGGCCTTCCAGTTCC,L2
hMG1,AGGGCTCAGAGCCATG,L1
hMG1,AGGGCTCAGTCTGGAG,L1
hMG1,AGGGCTCCAAGACGGT,L1
hMG1,AGGGCTCCACTCATAG,L1
hMG1,AGGGCTCCAGACCAAG,L1
hMG1,AGGGCTCCATTGAGCT,L2
hMG1,AGGGCTCGTCTGATCA,Basal
hMG1,AGGGCTCGTGCGCTCA,L1
hMG1,AGGGCTCTCCACGGGT,L2
hMG1,AGGGCTCTCGCAACAT,L1
hMG1,AGGGTCCAGAGCTTTC,L1
hMG1,AGGGTCCAGGGTTGCA,L2
hMG1,AGGGTCCAGGTAAGAG,L2
hMG1,AGGGTCCCAAATGGAT,L1
hMG1,AGGGTCCCAAGAAATC,L2
hMG1,AGGGTCCGTCCTACAA,L2
hMG1,AGGGTCCGTGGCCACT,L2
hMG1,AGGGTCCTCCACGGAC,L2
hMG1,AGGGTGAAGATAGCAT,L2
hMG1,AGGGTGACAACACGTT,L1
hMG1,AGGGTGAGTACTTCCC,L1
hMG1,AGGGTGAGTGAGCTCC,L2
hMG1,AGGGTGATCCCTCTAG,L2
hMG1,AGGGTGATCCGCAACG,L1
hMG1,AGGGTTTAGGGCGAGA,Basal
hMG1,AGGGTTTAGGTTCTTG,Basal
hMG1,AGGGTTTCAACAAAGT,L2
hMG1,AGGGTTTCAAGGTCGA,L2
hMG1,AGGGTTTCATTCACCC,L1
hMG1,AGGGTTTGTCGTGATT,L1
hMG1,AGGGTTTGTGCAGTGA,L1
hMG1,AGGGTTTGTGGTTCTA,L2
hMG1,AGGGTTTGTTGGCCGT,L1
hMG1,AGGGTTTTCATTGCTT,L2
hMG1,AGGGTTTTCCACTTTA,L1
hMG1,AGGGTTTTCGTTGTTT,L2
hMG1,AGGGTTTTCTTGCAGA,L2
hMG1,AGGTAGGAGATTACCC,L2
hMG1,AGGTAGGAGCACCAGA,L2
hMG1,AGGTAGGAGGGTGAGG,L2
hMG1,AGGTAGGGTCGTTCAA,L2
hMG1,AGGTAGGTCTGCGATA,L2
hMG1,AGGTCATAGACCATTC,Basal
hMG1,AGGTCATAGCATGCAG,L1
hMG1,AGGTCATAGCCTAACT,Basal
hMG1,AGGTCATAGTCAATCC,L2
hMG1,AGGTCATCAACTTGCA,L1
hMG1,AGGTCATCAAGAGTAT,L2
hMG1,AGGTCATGTGCCTTTC,L2
hMG1,AGGTCATGTGCTCTTC,L2
hMG1,AGGTCATTCTTCCCAG,L1
hMG1,AGGTCTAAGTTGTAAG,L2
hMG1,AGGTCTACAAATGGCG,L2
hMG1,AGGTCTACAACAGATA,L2
hMG1,AGGTCTAGTAGACGTG,L2
hMG1,AGGTCTAGTCATCCCT,L1
hMG1,AGGTCTATCAAGTCTG,L1
hMG1,AGGTCTATCGCCAATA,L1
hMG1,AGGTGTTAGATTACCC,L2
hMG1,AGGTGTTCAAGACGAC,L1
hMG1,AGGTGTTGTAAGATTG,L1
hMG1,AGGTGTTGTCTCTCTG,L2
hMG1,AGGTGTTGTTACACTG,L1
hMG1,AGGTGTTTCGCTAAAC,L1
hMG1,AGGTTACAGAAGCGCT,L2
hMG1,AGGTTACAGCGGTAGT,L2
hMG1,AGGTTACAGGTACAGC,L2
hMG1,AGGTTACAGGTGCATG,L2
hMG1,AGGTTACCACTATCGA,L2
hMG1,AGGTTACCAGGTGTGA,Basal
hMG1,AGGTTACCAGTGTATC,Basal
hMG1,AGGTTACCAGTTTGGT,L1
hMG1,AGGTTACGTCCTGAAT,L2
hMG1,AGGTTACGTGGACAGT,L2
hMG1,AGGTTACGTTTGTTGG,L2
hMG1,AGGTTACTCCAAACCA,L2
hMG1,AGGTTGTAGCCAAGCA,L2
hMG1,AGGTTGTAGGCGCTCT,L2
hMG1,AGGTTGTAGGTCCCGT,L2
hMG1,AGGTTGTAGTAACCGG,L2
hMG1,AGGTTGTAGTCTTCCC,L2
hMG1,AGGTTGTCAACCCGCA,L2
hMG1,AGGTTGTCATATACCG,Basal
hMG1,AGGTTGTCATCCGAGC,L2
hMG1,AGGTTGTGTCTTTATC,L2
hMG1,AGGTTGTTCATTGCCC,L2
hMG1,AGGTTGTTCGCGTTTC,L2
hMG1,AGGTTGTTCTCTCCGA,L1
hMG1,AGTAACCAGAGTACCG,L2
hMG1,AGTAACCAGTGGCAGT,L1
hMG1,AGTAACCGTAATCAGA,L2
hMG1,AGTAACCGTGGATGAC,L2
hMG1,AGTAACCGTTGAGTCT,L2
hMG1,AGTAACCTCCCTCTCC,L1
hMG1,AGTAACCTCGTCAGAT,L2
hMG1,AGTAACCTCGTGGACC,L2
hMG1,AGTACCAAGAACCGCA,L2
hMG1,AGTACCAAGGGATCTG,L1
hMG1,AGTACCACACCAGGTC,L1
hMG1,AGTACCACAGGTGTGA,L1
hMG1,AGTACCACAGTCGAGA,L2
hMG1,AGTACCAGTCGCCTAG,L2
hMG1,AGTACCAGTGACATCT,L2
hMG1,AGTACCAGTGGCTCTG,L2
hMG1,AGTACTGAGCTCGACC,L2
hMG1,AGTACTGAGGTGGCTA,L2
hMG1,AGTACTGAGTATGATG,L2
hMG1,AGTACTGGTAACGATA,L2
hMG1,AGTACTGTCAAGTGGG,L2
hMG1,AGTACTGTCTCGCGTT,L2
hMG1,AGTAGCTAGGGTTGCA,L2
hMG1,AGTAGCTCAACTCCAA,Basal
hMG1,AGTAGCTCACGAGGAT,L1
hMG1,AGTAGCTCAGATCACT,L1
hMG1,AGTAGCTCATCGATCA,L2
hMG1,AGTAGCTGTATGAGAT,L2
hMG1,AGTAGCTTCTGATGGT,L2
hMG1,AGTAGTCAGGAGAATG,L2
hMG1,AGTAGTCAGGCTCTCG,L2
hMG1,AGTAGTCCACTTCCTG,L2
hMG1,AGTAGTCCAGTCCCGA,L2
hMG1,AGTAGTCGTAACACCT,L2
hMG1,AGTAGTCGTTCTGAGT,Basal
hMG1,AGTAGTCTCATGCCAA,Basal
hMG1,AGTAGTCTCATTTGGG,L2
hMG1,AGTAGTCTCCATAGAC,L2
hMG1,AGTCAACCACTAGGCC,L2
hMG1,AGTCAACGTCCAAAGG,L2
hMG1,AGTCAACGTGACACGA,L2
hMG1,AGTCAACGTTCAAGGG,L2
hMG1,AGTCAACGTTGGACCC,L2
hMG1,AGTCAACGTTTGGGTT,L2
hMG1,AGTCACAAGAGTCACG,L2
hMG1,AGTCACAAGCGAACTG,L1
hMG1,AGTCACAAGCGGACAT,L2
hMG1,AGTCACAAGCTTACGT,L2
hMG1,AGTCACACAATCGAAA,L1
hMG1,AGTCACACACAGAGAC,L2
hMG1,AGTCACAGTACCAGAG,L1
hMG1,AGTCACAGTATGAGGC,Basal
hMG1,AGTCACAGTCGAGTTT,L2
hMG1,AGTCACAGTGTTGATC,L2
hMG1,AGTCACAGTTTGAACC,L2
hMG1,AGTCACATCAGCTAGT,L2
hMG1,AGTCACATCGCCACTT,L1
hMG1,AGTCACATCTAGTTCT,L2
hMG1,AGTCATGAGCGGTAAC,L2
hMG1,AGTCATGCAAATCGGG,L2
hMG1,AGTCATGCACACACGC,L2
hMG1,AGTCATGGTCAGCTTA,L2
hMG1,AGTCATGGTGAGCCAA,Basal
hMG1,AGTCATGGTGGGTCAA,L1
hMG1,AGTCATGGTTGTTGAC,L1
hMG1,AGTCATGTCATACGGT,L1
hMG1,AGTCATGTCGGTAAGG,L2
hMG1,AGTCTCCAGACATAAC,L2
hMG1,AGTCTCCAGCTGTGCC,L2
hMG1,AGTCTCCAGGTCGACA,L2
hMG1,AGTCTCCAGTTTGCTG,L1
hMG1,AGTCTCCCAAGAATAC,L2
hMG1,AGTCTCCCAGTGCCTG,L2
hMG1,AGTCTCCCATCAACCA,L2
hMG1,AGTCTCCGTAGCTGCC,L2
hMG1,AGTCTCCGTCGCACGT,L1
hMG1,AGTCTCCGTTTCTATC,L2
hMG1,AGTCTCCTCCCTCGAT,L2
hMG1,AGTGACTAGGCCACCT,L2
hMG1,AGTGACTCAGATTTCG,L2
hMG1,AGTGACTCATCTAACG,L1
hMG1,AGTGACTGTCTGTGGC,L2
hMG1,AGTGACTGTGAGGCAT,L2
hMG1,AGTGACTGTGTGACCC,L2
hMG1,AGTGACTTCAATCCGA,L2
hMG1,AGTGACTTCCACTTTA,L1
hMG1,AGTGACTTCCCATTTA,L1
hMG1,AGTGATCAGGGATCGT,L2
hMG1,AGTGATCAGTACGAGC,L2
hMG1,AGTGATCAGTGCCGAA,L2
hMG1,AGTGATCCAAGCGAGT,L1
hMG1,AGTGATCCAAGGACAC,L2
hMG1,AGTGATCCAGCACCCA,L1
hMG1,AGTGATCCAGGTGAGT,L2
hMG1,AGTGATCGTAATGCTC,L2
hMG1,AGTGATCTCCTATTGT,L1
hMG1,AGTGATCTCCTTCGAC,L1
hMG1,AGTGCCGAGCTCCCTT,L2
hMG1,AGTGCCGAGGTCACCC,L2
hMG1,AGTGCCGCACGCGCTA,Basal
hMG1,AGTGCCGCACTCCTGT,L2
hMG1,AGTGCCGCATAGATGA,L1
hMG1,AGTGCCGCATCGTGCG,L2
hMG1,AGTGCCGGTACTGCGC,L2
hMG1,AGTGCCGGTAGGACCA,L1
hMG1,AGTGCCGGTGTCTTAG,L2
hMG1,AGTGCCGGTGTTTGCA,L2
hMG1,AGTGCCGGTTCGAAGG,L2
hMG1,AGTGCCGGTTCGGGTC,L1
hMG1,AGTGCCGTCAAGCGTT,L2
hMG1,AGTGCCGTCCTGTACC,L2
hMG1,AGTGCCGTCGCTATTT,L2
hMG1,AGTGCCGTCGCTTACC,L2
hMG1,AGTGCCGTCTTGATTC,L2
hMG1,AGTGCCGTCTTTCGAT,L1
hMG1,AGTGTTGAGAACTTCC,L2
hMG1,AGTGTTGAGCAGTAAT,L1
hMG1,AGTGTTGAGCTGACAG,Basal
hMG1,AGTGTTGAGGCACTAG,L2
hMG1,AGTGTTGAGGCGTCCT,L2
hMG1,AGTGTTGCACTGAGTT,L2
hMG1,AGTGTTGCAGACCCGT,L1
hMG1,AGTGTTGGTTACCTTT,L1
hMG1,AGTGTTGTCACCTGTC,L1
hMG1,AGTGTTGTCGGCATTA,L1
hMG1,AGTTAGCAGTAGAGTT,L2
hMG1,AGTTAGCCAAACTGCT,L2
hMG1,AGTTAGCCAAATGGAT,L1
hMG1,AGTTAGCGTATCGCAT,L1
hMG1,AGTTAGCGTGTTACTG,L2
hMG1,AGTTAGCGTTAAGGGC,L2
hMG1,AGTTAGCTCGCGTTTC,L2
hMG1,AGTTAGCTCGGCTGAC,L2
hMG1,AGTTCCCAGATTGGGC,L2
hMG1,AGTTCCCAGGTTGAGC,L2
hMG1,AGTTCCCAGTAGACCG,L2
hMG1,AGTTCCCGTAGCTTAC,L1
hMG1,AGTTCCCGTCTGATAC,L2
hMG1,AGTTCCCGTGTTCCTC,L2
hMG1,AGTTCCCGTTGGAGAC,L2
hMG1,AGTTCCCTCCACTTCG,L2
hMG1,AGTTCGAAGGATCACG,L2
hMG1,AGTTCGAAGGTTGGTG,L2
hMG1,AGTTCGAAGTCAGCGA,L2
hMG1,AGTTCGACACACCTAA,L2
hMG1,AGTTCGAGTCGACTTA,L2
hMG1,AGTTCGAGTGAGAACC,Basal
hMG1,ATACCGAAGAAGATCT,L1
hMG1,ATACCGAAGATGTTAG,L2
hMG1,ATACCGAAGTTCCGGC,L2
hMG1,ATACCGACAATACAGA,L2
hMG1,ATACCGACAATCTCGA,L2
hMG1,ATACCGACACGGTGCT,L2
hMG1,ATACCGACAGCTATAC,L1
hMG1,ATACCGACAGGATGAC,L2
hMG1,ATACCGACAGTAGGAC,L2
hMG1,ATACCGACATCACAGT,L1
hMG1,ATACCGAGTCGCACAC,L2
hMG1,ATACCGAGTGTGTACT,L2
hMG1,ATACCGAGTTCCAGGC,L2
hMG1,ATACCGATCCTGTACC,L1
hMG1,ATACCGATCTCAGTCC,L1
hMG1,ATACCTTAGACAACAT,L2
hMG1,ATACCTTAGCGAATGC,L2
hMG1,ATACCTTAGTGGCCTC,L2
hMG1,ATACCTTCACATCCCT,L2
hMG1,ATACCTTCAGCCGTCA,L2
hMG1,ATACCTTGTGAGTTGG,L2
hMG1,ATACCTTGTTAGAGTA,L2
hMG1,ATACCTTTCCACGGGT,L1
hMG1,ATACCTTTCCATACAG,L2
hMG1,ATACCTTTCTCGGGAC,L1
hMG1,ATACCTTTCTGCTAGA,L2
hMG1,ATACTTCAGTTACGGG,L2
hMG1,ATACTTCGTAGCCAGA,L2
hMG1,ATACTTCTCCAAATGC,L2
hMG1,ATACTTCTCCTTACCG,L2
hMG1,ATACTTCTCTCTCCGA,L2
hMG1,ATAGACCAGCGTCTGC,L2
hMG1,ATAGACCAGGTAGTCG,L2
hMG1,ATAGACCAGGTTACAA,L2
hMG1,ATAGACCAGTGCGTCC,L2
hMG1,ATAGACCCAAGCGGAT,Basal
hMG1,ATAGACCCACTGTCGG,L2
hMG1,ATAGACCCAGCTCGGT,L2
hMG1,ATAGACCGTCAAATCC,L2
hMG1,ATAGACCGTGTTGACT,L2
hMG1,ATAGACCTCAACACCA,L2
hMG1,ATAGACCTCAAGAATG,L1
hMG1,ATAGACCTCGGAAGGT,L2
hMG1,ATAGACCTCGTTGTAG,L2
hMG1,ATAGACCTCTAACACG,L1
hMG1,ATAGACCTCTCGGGAC,L2
hMG1,ATAGACCTCTGCGGGT,L2
hMG1,ATAGAGAAGTGTGTTC,L2
hMG1,ATAGAGACAACGATTC,L2
hMG1,ATAGAGACACAAAGTA,L2
hMG1,ATAGAGACACCGGTCA,L2
hMG1,ATAGAGAGTGTGTGGA,L2
hMG1,ATAGAGATCTCAACCC,L1
hMG1,ATAGAGATCTCCTGCA,L2
hMG1,ATAGAGATCTCTGGTC,L2
hMG1,ATAGGCTAGCGCTTCG,L2
hMG1,ATAGGCTAGGGAGATA,L2
hMG1,ATAGGCTCAACGCATT,L1
hMG1,ATAGGCTCAATTGGTC,L2
hMG1,ATAGGCTCACAAGTGG,L2
hMG1,ATAGGCTCACAGACGA,L2
hMG1,ATAGGCTCACATATGC,L2
hMG1,ATAGGCTCAGATGCGA,L1
hMG1,ATAGGCTGTACATTGC,L2
hMG1,ATAGGCTGTAGCACAG,L2
hMG1,ATAGGCTGTATGAGAT,L2
hMG1,ATAGGCTGTGGTCTGC,L2
hMG1,ATAGGCTGTTGATCGT,L2
hMG1,ATAGGCTTCGCAGTTA,L2
hMG1,ATATCCTCAAGCGCAA,L2
hMG1,ATATCCTCAATGTGGG,L1
hMG1,ATATCCTCACTTGTCC,L2
hMG1,ATATCCTCAGACAAGC,L2
hMG1,ATATCCTCAGGCACTC,L1
hMG1,ATATCCTCATCGATCA,L2
hMG1,ATATCCTTCAGCATTG,L1
hMG1,ATATCCTTCCATTGTT,L2
hMG1,ATATCCTTCCGCAGTG,L1
hMG1,ATATCCTTCTCCATAT,L1
hMG1,ATCACAGAGATTCGAA,L2
hMG1,ATCACAGAGCTAATCC,L2
hMG1,ATCACAGAGTCATCGT,Basal
hMG1,ATCACAGCAGAAGCGT,L1
hMG1,ATCACAGCAGATTAAG,L1
hMG1,ATCACAGCAGGTGACA,L1
hMG1,ATCACAGGTCCACGCA,L1
hMG1,ATCACAGGTGAGATCG,L2
hMG1,ATCACAGTCCATCAGA,L2
hMG1,ATCACGACAAATAAGC,Basal
hMG1,ATCACGACACCTGAAT,L2
hMG1,ATCACGAGTTGGTGTT,L2
hMG1,ATCACGATCACACCCT,L1
hMG1,ATCACGATCAGACCTA,L1
hMG1,ATCACTTAGAGGTGCT,L1
hMG1,ATCACTTAGATGACAT,L2
hMG1,ATCACTTCAAAGGCGT,L2
hMG1,ATCACTTCACACCGAC,L2
hMG1,ATCACTTCACTGCGAC,L2
hMG1,ATCACTTCAGAACTCT,L1
hMG1,ATCACTTGTCGGTAAG,L2
hMG1,ATCACTTGTGTCATCA,L2
hMG1,ATCACTTTCAGGTGTT,L2
hMG1,ATCACTTTCGCAGTGC,L1
hMG1,ATCAGGTAGTCTGCAT,Basal
hMG1,ATCAGGTCAAGAGAGA,L2
hMG1,ATCAGGTCAAGTGGAC,L2
hMG1,ATCAGGTCAGCGTAGA,L1
hMG1,ATCAGGTCATCCTTCG,L2
hMG1,ATCAGGTCATTCAGCA,L2
hMG1,ATCAGGTGTACCTATG,L2
hMG1,ATCAGGTGTACTGAGG,L2
hMG1,ATCAGGTGTGAGATCG,L2
hMG1,ATCAGGTGTGTCTAAC,L1
hMG1,ATCAGGTTCACGGGCT,L2
hMG1,ATCAGGTTCGGCTTGG,L2
hMG1,ATCATTCCACTATCGA,L2
hMG1,ATCATTCCATAACTCG,L2
hMG1,ATCATTCGTCCGGACT,L2
hMG1,ATCATTCGTCCGGTCA,L2
hMG1,ATCATTCGTGAATAAC,L2
hMG1,ATCATTCGTTGTCATG,L2
hMG1,ATCATTCTCAAGAGTA,L2
hMG1,ATCATTCTCTCATGCC,L2
hMG1,ATCCACCAGAGGGCGA,L2
hMG1,ATCCACCAGTCTCTGA,L1
hMG1,ATCCACCCAAGGACAC,L2
hMG1,ATCCACCCACATATCG,L1
hMG1,ATCCACCGTATAGGGC,L2
hMG1,ATCCACCGTCTCGGAC,L2
hMG1,ATCCACCGTGTCATTG,Basal
hMG1,ATCCACCGTTGGGTTT,L1
hMG1,ATCCATTAGACGGTCA,L2
hMG1,ATCCATTAGATAGTGT,L2
hMG1,ATCCATTAGCTGAAGC,L2
hMG1,ATCCATTAGGTTACAA,L1
hMG1,ATCCATTAGTGTTCAC,L2
hMG1,ATCCATTCAAACCGGA,L1
hMG1,ATCCATTCATAAGCGG,L1
hMG1,ATCCATTCATCTGCGG,L1
hMG1,ATCCATTGTTCTTAGG,L1
hMG1,ATCCATTTCAGAATAG,L1
hMG1,ATCCATTTCCCGAGGT,L1
hMG1,ATCCCTGCAATCCTAG,L1
hMG1,ATCCCTGCACTAGGTT,L2
hMG1,ATCCCTGCAGACCTAT,L1
hMG1,ATCCCTGGTAGCCCTG,L1
hMG1,ATCCCTGTCGTAATGC,L1
hMG1,ATCCCTGTCTTGGTCC,L1
hMG1,ATCCGTCAGAAATCCA,L1
hMG1,ATCCGTCCAGTGCCTG,L2
hMG1,ATCCGTCGTCCGAAAG,L2
hMG1,ATCCGTCTCAACCCGG,L2
hMG1,ATCCGTCTCAAGAATG,L1
hMG1,ATCCGTCTCCTGTAGA,L2
hMG1,ATCCGTCTCTCCTGCA,L2
hMG1,ATCCTATCAGCGTGAA,L2
hMG1,ATCCTATCAGGGTCTC,L2
hMG1,ATCCTATCAGTCGCTG,L2
hMG1,ATCCTATCATAGTCGT,L1
hMG1,ATCCTATTCATTCTTG,L1
hMG1,ATCCTATTCCAAAGGG,L1
hMG1,ATCGATGAGGAAGAAC,L1
hMG1,ATCGATGAGGAGATAG,L2
hMG1,ATCGATGAGGATAATC,Basal
hMG1,ATCGATGAGTGATCGG,L1
hMG1,ATCGATGCAAGAAACT,L2
hMG1,ATCGATGCATCCGTGG,L2
hMG1,ATCGATGGTGGTCCCA,L2
hMG1,ATCGATGGTGTCGATT,Basal
hMG1,ATCGATGGTTCGTACA,L1
hMG1,ATCGATGGTTGCCGCA,L2
hMG1,ATCGATGGTTTGTTGG,L2
hMG1,ATCGATGTCAGTGTTG,L2
hMG1,ATCGATGTCGTCCTTG,L2
hMG1,ATCGATGTCTGCTAGA,L2
hMG1,ATCGATGTCTGCTTTA,L2
hMG1,ATCGCCTAGCCTCAGC,L2
hMG1,ATCGCCTCAGATTCGT,L2
hMG1,ATCGCCTCATAATCGC,L1
hMG1,ATCGCCTCATCTAGAC,L1
hMG1,ATCGCCTGTATGGTAA,L2
hMG1,ATCGCCTTCACATTGG,L2
hMG1,ATCGCCTTCGGTAACT,L2
hMG1,ATCGCCTTCTCGCGTT,L1
hMG1,ATCGGATAGCATGTTC,L1
hMG1,ATCGGATCAAATAAGC,L2
hMG1,ATCGGATCACCCTGTT,L2
hMG1,ATCGGATCACTATCGA,Basal
hMG1,ATCGGATGTCAAATCC,L2
hMG1,ATCGGATGTGCCCGTA,L1
hMG1,ATCGGATGTTTGGAGG,L2
hMG1,ATCGGATTCACCTCGT,L2
hMG1,ATCGGATTCATGAAAG,L2
hMG1,ATCGGCGAGTTTCGAC,L2
hMG1,ATCGGCGCAACGGGTA,L2
hMG1,ATCGGCGCACACAGCC,L2
hMG1,ATCGGCGGTGAATGAT,L2
hMG1,ATCGGCGGTGAGTAGC,L2
hMG1,ATCGGCGGTGGACCTC,L2
hMG1,ATCGGCGTCACTACTT,L2
hMG1,ATCGGCGTCACTTGTT,L2
hMG1,ATCGGCGTCCGATCTC,L2
hMG1,ATCGTAGCAATTGAGA,L1
hMG1,ATCGTAGCACCTGCAG,L2
hMG1,ATCGTAGGTAACGATA,L2
hMG1,ATCGTAGGTAAGATAC,L2
hMG1,ATCGTAGGTGGCTACC,L1
hMG1,ATCGTAGGTGGGCTTC,L2
hMG1,ATCGTAGTCATGACAC,L2
hMG1,ATCGTAGTCCGTGACG,Basal
hMG1,ATCGTAGTCGCAGTTA,L2
hMG1,ATCGTAGTCTGGGCAC,L2
hMG1,ATCGTAGTCTTCCCGA,L2
hMG1,ATCGTCCCAACGATCT,L2
hMG1,ATCGTCCCAGACCCGT,L2
hMG1,ATCGTCCCAGCAGTCC,Basal
hMG1,ATCGTCCGTAGGCTGA,L2
hMG1,ATCGTCCGTGCTGCAC,L1
hMG1,ATCGTCCGTTCAGGTT,L2
hMG1,ATCGTCCGTTCGTACA,L1
hMG1,ATCGTCCTCATTGCTT,L2
hMG1,ATCGTCCTCGGTTAGT,L2
hMG1,ATCGTCCTCTCCAAGA,L2
hMG1,ATCGTGACAAAGGAGA,L1
hMG1,ATCGTGACACGAGGTA,L2
hMG1,ATCGTGACACGGTGCT,L1
hMG1,ATCGTGACACTGTGTA,L1
hMG1,ATCGTGACATAGACTC,L1
hMG1,ATCGTGACATGCGGTC,L2
hMG1,ATCGTGAGTGATGGCA,L2
hMG1,ATCGTGAGTGGCTCTG,L2
hMG1,ATCGTGAGTTACCTTT,L2
hMG1,ATCGTGAGTTCGTACA,L1
hMG1,ATCGTGATCATTGTTC,L2
hMG1,ATCGTGATCCCATTCG,Basal
hMG1,ATCTCTAAGAATTGTG,L1
hMG1,ATCTCTAAGCTCCCTT,L2
hMG1,ATCTCTAAGGTTCACT,L2
hMG1,ATCTCTACATCGCTAA,L2
hMG1,ATCTCTAGTACGCTTA,L1
hMG1,ATCTCTAGTGGGCTTC,L2
hMG1,ATCTCTATCGGCTTGG,L2
hMG1,ATCTTCAAGAGGACTC,L2
hMG1,ATCTTCAAGGCAGGTT,L2
hMG1,ATCTTCAAGTATGGAT,L2
hMG1,ATCTTCAAGTGACCTT,L1
hMG1,ATCTTCACACCGGTCA,L2
hMG1,ATCTTCACACGCAAAG,L2
hMG1,ATCTTCACAGCTACAT,L2
hMG1,ATCTTCACATCAGCTA,L2
hMG1,ATCTTCACATGGTACT,L2
hMG1,ATCTTCACATTGACAC,L2
hMG1,ATCTTCAGTATCTCTT,L2
hMG1,ATCTTCAGTATTAAGG,L2
hMG1,ATCTTCAGTCGCATCG,L1
hMG1,ATCTTCAGTCTTTCAT,Basal
hMG1,ATCTTCAGTGTCTTAG,L2
hMG1,ATCTTCATCGAACGGA,L1
hMG1,ATCTTCATCGCTTTAT,L2
hMG1,ATGAAAGAGCGTATAA,Basal
hMG1,ATGAAAGAGCTCGAAG,L2
hMG1,ATGAAAGCAAGCCCAC,L2
hMG1,ATGAAAGCACATATGC,L2
hMG1,ATGAAAGCATGACTAC,L2
hMG1,ATGAAAGGTACGCGTC,L2
hMG1,ATGAAAGGTGTCATGT,L1
hMG1,ATGAAAGTCGCCCAGA,L2
hMG1,ATGAAAGTCGTCCTTG,L1
hMG1,ATGAAAGTCTAAACGC,L2
hMG1,ATGAAAGTCTGAGGCC,L2
hMG1,ATGACCACAACAGTGG,L2
hMG1,ATGACCACAGAGTCAG,L2
hMG1,ATGACCACAGCAGAAC,L1
hMG1,ATGACCACAGGTCCGT,L1
hMG1,ATGACCAGTAGTATAG,L2
hMG1,ATGACCAGTGATGGCA,L2
hMG1,ATGACCATCCAGTACA,L2
hMG1,ATGACCATCTCAATCT,L2
hMG1,ATGAGGGAGATAACAC,L2
hMG1,ATGAGGGCAGAATTCC,L1
hMG1,ATGAGGGCAGCCTTCT,L2
hMG1,ATGAGGGCAGTAACCT,L2
hMG1,ATGAGGGGTTGCCGCA,L2
hMG1,ATGAGGGGTTTGTTGG,L2
hMG1,ATGAGGGTCCACGAAT,L1
hMG1,ATGAGGGTCTCGTGGG,L2
hMG1,ATGAGTCAGACAACTA,L2
hMG1,ATGAGTCAGCGCCTAC,L1
hMG1,ATGAGTCAGTTGGACG,L1
hMG1,ATGAGTCCAAATTGCC,L1
hMG1,ATGAGTCCAACTTGGT,Basal
hMG1,ATGAGTCCACCGCTGA,L1
hMG1,ATGAGTCCATGACAGG,L2
hMG1,ATGAGTCGTCACATTG,L2
hMG1,ATGAGTCGTCTCGGGT,L2
hMG1,ATGAGTCTCGTAGTGT,L1
hMG1,ATGATCGAGGAAAGTG,L1
hMG1,ATGATCGAGTAAACTG,L2
hMG1,ATGATCGAGTAGGGTC,L2
hMG1,ATGATCGCAACGTATC,L2
hMG1,ATGATCGCACCGTCGA,L1
hMG1,ATGATCGGTATGGTAA,L2
hMG1,ATGATCGGTCTAGTGT,L2
hMG1,ATGATCGGTGTGTGTT,L2
hMG1,ATGATCGTCATACGAC,L2
hMG1,ATGATCGTCCCGATCT,L2
hMG1,ATGATCGTCTACTTCA,L2
hMG1,ATGATCGTCTCCTGTG,L2
hMG1,ATGCATGAGATTGAGT,L2
hMG1,ATGCATGAGCTAGTTC,L2
hMG1,ATGCATGAGGGATGTC,L2
hMG1,ATGCATGAGGTCCGAA,L2
hMG1,ATGCATGCAAATGATG,L2
hMG1,ATGCATGGTACAGAAT,L2
hMG1,ATGCATGGTCAAAGTA,L1
hMG1,ATGCATGGTCAACACT,L2
hMG1,ATGCATGTCACATACG,L2
hMG1,ATGCATGTCCATATGG,Basal
hMG1,ATGCATGTCGACCCAG,L2
hMG1,ATGCCTCAGATGCTGG,L2
hMG1,ATGCCTCAGATTCGAA,L2
hMG1,ATGCCTCAGGAAGAAC,L2
hMG1,ATGCCTCAGGTAAGGA,L1
hMG1,ATGCCTCAGTAGGGTC,L2
hMG1,ATGCCTCCACCGCTAG,L2
hMG1,ATGCCTCCAGAGATTA,L2
hMG1,ATGCCTCCAGAGTGAC,L2
hMG1,ATGCCTCCATCACGGC,L2
hMG1,ATGCCTCTCACCATAG,L1
hMG1,ATGCCTCTCGCCGATG,L2
hMG1,ATGCCTCTCTCCCATG,Basal
hMG1,ATGCCTCTCTCTGCCA,L1
hMG1,ATGCGATAGAACTCCT,Basal
hMG1,ATGCGATAGGGCTGAT,L2
hMG1,ATGCGATAGTCACTAC,L1
hMG1,ATGCGATCACATTGTG,L2
hMG1,ATGCGATCACTAGAGG,L2
hMG1,ATGCGATCACTTCATT,L2
hMG1,ATGCGATCAGTTACCA,L2
hMG1,ATGCGATCAGTTGTTG,L2
hMG1,ATGCGATCATTCCTAT,L2
hMG1,ATGCGATGTACTGTTG,L1
hMG1,ATGCGATGTCAAGGCA,L1
hMG1,ATGCGATGTCCTGTCT,L2
hMG1,ATGCGATGTTGTCTAG,L2
hMG1,ATGCGATTCAATCTTC,Basal
hMG1,ATGCGATTCACACCCT,L2
hMG1,ATGCGATTCAGGAGAC,L1
hMG1,ATGCGATTCAGGGATG,L2
hMG1,ATGCGATTCCCGATCT,L1
hMG1,ATGCGATTCCCTCATG,L1
hMG1,ATGCGATTCTTTCCGG,L2
hMG1,ATGGAGGAGATCACCT,L2
hMG1,ATGGAGGAGCCAAGCA,Basal
hMG1,ATGGAGGAGCTGTCCG,L2
hMG1,ATGGAGGAGGGTAGCT,L2
hMG1,ATGGAGGAGTGCCCGT,L2
hMG1,ATGGAGGCACGTCGTG,L1
hMG1,ATGGAGGGTACGGATG,L2
hMG1,ATGGAGGGTATACAGA,L1
hMG1,ATGGAGGGTCAGGCAA,L1
hMG1,ATGGAGGGTTCCGCTT,L2
hMG1,ATGGAGGGTTCCTTGC,L2
hMG1,ATGGAGGTCTTTGCTA,L2
hMG1,ATGGATCAGCTATCCA,L2
hMG1,ATGGATCAGGTTCTTG,L2
hMG1,ATGGATCAGTAACGAT,L2
hMG1,ATGGATCCACACCGAC,L2
hMG1,ATGGATCGTGATAGAT,L2
hMG1,ATGGGAGAGAAATTGC,L2
hMG1,ATGGGAGAGACATCAA,L1
hMG1,ATGGGAGAGATTAGTG,L2
hMG1,ATGGGAGAGGGAGATA,L1
hMG1,ATGGGAGCAATCTGCA,L1
hMG1,ATGGGAGCACGCACCA,L2
hMG1,ATGGGAGCACTCCTTG,L2
hMG1,ATGGGAGCATCTGTTT,L1
hMG1,ATGGGAGGTCCACTTC,L2
hMG1,ATGGGAGGTTACGATC,L2
hMG1,ATGGGAGTCATTTGCT,L2
hMG1,ATGGGAGTCCTACGAA,L2
hMG1,ATGGGTTGTCAGATTC,L2
hMG1,ATGGGTTGTGCAACGA,L1
hMG1,ATGGGTTGTGCCCAGT,L2
hMG1,ATGGGTTGTGGCTGAA,L2
hMG1,ATGGGTTGTTCAGCGC,L2
hMG1,ATGGGTTTCCTAACAG,L2
hMG1,ATGGGTTTCTGACCCT,L2
hMG1,ATGGTTGAGTAACGAT,L2
hMG1,ATGGTTGAGTGGAAGA,L2
hMG1,ATGGTTGAGTTCCTGA,L2
hMG1,ATGGTTGCACATTCTT,L2
hMG1,ATGGTTGGTACATACC,L2
hMG1,ATGGTTGTCCTCACTG,L1
hMG1,ATGGTTGTCCTCTAAT,L2
hMG1,ATGTCCCAGCACTCTA,L1
hMG1,ATGTCCCAGCTGAAGC,L1
hMG1,ATGTCCCCACTTGAGT,L2
hMG1,ATGTCCCCAGCCTTCT,L2
hMG1,ATGTCCCCATAACGGG,L2
hMG1,ATGTCCCGTTATGTCG,L1
hMG1,ATGTCCCGTTGCATAC,L1
hMG1,ATGTCCCTCATTGTGG,Basal
hMG1,ATGTCCCTCTTAGGAC,L2
hMG1,ATGTCTTAGATCACCT,L2
hMG1,ATGTCTTAGCGTCAGA,L1
hMG1,ATGTCTTAGCTAGAGC,L1
hMG1,ATGTCTTAGCTCTGTA,L2
hMG1,ATGTCTTAGGCATGCA,L2
hMG1,ATGTCTTCACTTTAGG,L1
hMG1,ATGTCTTGTAGCTTAC,L2
hMG1,ATGTCTTGTGAGATCG,L1
hMG1,ATGTCTTGTGGACCTC,L2
hMG1,ATGTCTTTCACTTCTA,L1
hMG1,ATGTCTTTCTATGTGG,L2
hMG1,ATGTCTTTCTATTGTC,L2
hMG1,ATGTCTTTCTTTCAGT,L2
hMG1,ATTACCTAGAGAGCGG,L2
hMG1,ATTACCTAGCAGGGAG,L2
hMG1,ATTACCTAGCGCGTTC,L2
hMG1,ATTACCTAGCGTTGTT,L2
hMG1,ATTACCTAGGAACGCT,L1
hMG1,ATTACCTAGTCAGAGC,L2
hMG1,ATTACCTAGTCGAATA,L2
hMG1,ATTACCTAGTGGACTG,L2
hMG1,ATTACCTCAAGTATCC,L2
hMG1,ATTACCTCAGGAGGAG,L1
hMG1,ATTACCTCAGTAGAAT,L2
hMG1,ATTACCTGTGCTATTG,Basal
hMG1,ATTACCTGTGGAGGTT,L1
hMG1,ATTACCTTCCGCACTT,L2
hMG1,ATTACCTTCGAACTCA,L2
hMG1,ATTACCTTCGAGTGAG,L1
hMG1,ATTACTCAGATAGCAT,L1
hMG1,ATTACTCAGATGTTCC,L2
hMG1,ATTACTCAGCACTAGG,L2
hMG1,ATTACTCCAAGCGATG,L1
hMG1,ATTATCCAGCGCGTTC,L2
hMG1,ATTATCCAGCTCCATA,L1
hMG1,ATTATCCCAGTTAAAG,L2
hMG1,ATTATCCCATTCTCCG,Basal
hMG1,ATTATCCGTACGTTCA,L2
hMG1,ATTATCCGTGGAAATT,L2
hMG1,ATTATCCGTGGTAACG,L1
hMG1,ATTATCCGTTAATCGC,L2
hMG1,ATTATCCGTTTAGAGA,L2
hMG1,ATTATCCTCACCGGTG,L2
hMG1,ATTATCCTCACTGCTC,L2
hMG1,ATTATCCTCCGCGATG,L2
hMG1,ATTCACTAGAGGCCAT,L2
hMG1,ATTCACTAGGTCGTGA,L2
hMG1,ATTCACTAGTCATGGG,L2
hMG1,ATTCACTCAGACACCC,L1
hMG1,ATTCACTCAGCTGTTA,L1
hMG1,ATTCACTCATCGAAGG,L2
hMG1,ATTCACTCATTCACCC,L2
hMG1,ATTCACTGTACAAGCG,L2
hMG1,ATTCACTGTATCCCTC,Basal
hMG1,ATTCACTTCCAGTGTA,L2
hMG1,ATTCACTTCGTAATGC,Basal
hMG1,ATTCAGGAGCAAGTGC,L2
hMG1,ATTCAGGAGGATTCAA,L1
hMG1,ATTCAGGAGTCGCCAC,L2
hMG1,ATTCAGGAGTTACGGG,L2
hMG1,ATTCAGGCATAATCGC,L1
hMG1,ATTCAGGCATCGTTCC,L2
hMG1,ATTCAGGGTATGGTTC,L2
hMG1,ATTCAGGGTCGAGCAA,L2
hMG1,ATTCAGGGTGTATCCA,L1
hMG1,ATTCAGGTCGACGATT,Basal
hMG1,ATTCAGGTCTCCGAAA,L1
hMG1,ATTCAGGTCTGTTGGA,L2
hMG1,ATTCATCAGCACTCGC,L2
hMG1,ATTCATCAGGAGGGTG,L2
hMG1,ATTCATCAGTAACCTC,L1
hMG1,ATTCATCCAATTGCAC,L1
hMG1,ATTCATCGTGCAGATG,L2
hMG1,ATTCATCGTGGATCAG,L2
hMG1,ATTCATCGTTAAACCC,L2
hMG1,ATTCATCGTTAAGAAC,L2
hMG1,ATTCATCGTTGGGACA,L2
hMG1,ATTCATCTCATCTCTA,L1
hMG1,ATTCATCTCCTCATAT,L1
hMG1,ATTCATCTCGCGTTTC,L1
hMG1,ATTCATCTCGTGCTCT,L2
hMG1,ATTCATCTCTCGCCTA,L2
hMG1,ATTCCATAGAAGCTGC,L2
hMG1,ATTCCATAGCGTTAGG,L2
hMG1,ATTCCATAGGTACATA,L1
hMG1,ATTCCATCAAGTGCAG,L1
hMG1,ATTCCATGTCGAATGG,L1
hMG1,ATTCCATGTTGCATCA,Basal
hMG1,ATTCCATGTTGGAGAC,L1
hMG1,ATTCCCGAGGAGTCTG,L2
hMG1,ATTCCCGAGGATATAC,L2
hMG1,ATTCCCGAGGCATCTT,L2
hMG1,ATTCCCGAGTAACGTA,L2
hMG1,ATTCCCGAGTATCTGC,L2
hMG1,ATTCCCGCAAAGGCGT,L2
hMG1,ATTCCCGCACTGTGAT,L2
hMG1,ATTCCCGGTCTCGCGA,L2
hMG1,ATTCCCGGTTCTTCAT,L2
hMG1,ATTCCCGGTTGTGGCC,L1
hMG1,ATTCCCGTCGCAATTG,L2
hMG1,ATTCCTAAGTGCACCC,L2
hMG1,ATTCCTACAGCCGGTT,L1
hMG1,ATTCCTAGTCCTGAAT,L1
hMG1,ATTCCTAGTTCCCAAA,L1
hMG1,ATTCCTATCAACTACG,L2
hMG1,ATTCCTATCACTGTTT,Basal
hMG1,ATTCCTATCGGAAACG,L2
hMG1,ATTCCTATCGGTCTAA,L2
hMG1,ATTCGTTAGCGCAATG,L2
hMG1,ATTCGTTCACGGTGCT,L1
hMG1,ATTCGTTCATGCCGGT,L2
hMG1,ATTCGTTGTACAAGCG,L1
hMG1,ATTCGTTGTACGATCT,L2
hMG1,ATTCGTTGTTTGGAAA,L2
hMG1,ATTCGTTTCCGCGAGT,L2
hMG1,ATTCGTTTCCTTCAGC,L2
hMG1,ATTCGTTTCGGTAACT,L1
hMG1,ATTCGTTTCTGGAAGG,L1
hMG1,ATTCTACAGTAGGCCA,L2
hMG1,ATTCTACCAGCAGTTT,L2
hMG1,ATTCTACCATCCTTGC,L2
hMG1,ATTCTACGTACCCAGC,L2
hMG1,ATTCTACGTACTGACT,L2
hMG1,ATTCTACGTCCAGCGT,L1
hMG1,ATTCTACGTCTAGGTT,L2
hMG1,ATTCTACGTGTCATGT,L2
hMG1,ATTCTACTCAAGAGTA,L1
hMG1,ATTCTACTCCATGATG,Basal
hMG1,ATTCTACTCCCAGTGG,L2
hMG1,ATTCTACTCGTGAGAG,L2
hMG1,ATTCTACTCGTGCATA,L2
hMG1,ATTCTTGAGATACAGT,L2
hMG1,ATTCTTGAGTTAACAG,L1
hMG1,ATTCTTGCACTAGTAC,L2
hMG1,ATTCTTGCATAAGATG,L2
hMG1,ATTCTTGGTAACACCT,L2
hMG1,ATTCTTGGTAGGACTG,L1
hMG1,ATTCTTGGTGGCTCTG,L2
hMG1,ATTCTTGTCGATTCCC,L1
hMG1,ATTGGGTAGAGCAGTC,L1
hMG1,ATTGGGTGTGTAGCAG,L1
hMG1,ATTGTTCAGGCTCACC,L2
hMG1,ATTGTTCCAAGTAGTA,L1
hMG1,ATTGTTCCACACACGC,L2
hMG1,ATTGTTCTCAAACCTG,L2
hMG1,ATTGTTCTCACCGGTG,L1
hMG1,ATTGTTCTCCCAGGAC,L2
hMG1,ATTGTTCTCCCATACC,L2
hMG1,ATTTACCAGTAAACTG,L1
hMG1,ATTTACCCACACCTTC,L2
hMG1,ATTTACCGTACGTAGG,L2
hMG1,ATTTACCGTCTTGCTC,L2
hMG1,ATTTCACCATGGAATA,L1
hMG1,ATTTCACGTAGATCCT,L1
hMG1,ATTTCACGTGTATACC,L2
hMG1,ATTTCACTCCATCTGC,L2
hMG1,ATTTCACTCGCTTAAG,L1
hMG1,ATTTCTGAGCAAGGAA,L2
hMG1,ATTTCTGAGCGAATGC,Basal
hMG1,ATTTCTGAGCGTTGTT,Basal
hMG1,ATTTCTGCACCCTCTA,L2
hMG1,ATTTCTGCACGTTGGC,L2
hMG1,ATTTCTGCATCAGCGC,L1
hMG1,ATTTCTGTCGAGAAGC,L2
hMG1,ATTTCTGTCGTTCAGA,L1
hMG1,ATTTCTGTCGTTCTAT,L1
hMG1,ATTTCTGTCTACCAGA,Basal
hMG1,ATTTCTGTCTTGAGCA,L2
hMG1,CAAAGAAAGCACAAAT,L2
hMG1,CAAAGAAAGGTCCCTG,Basal
hMG1,CAAAGAACAAAGTGTA,L1
hMG1,CAAAGAACAATCAGCT,Basal
hMG1,CAAAGAACACACCTAA,L2
hMG1,CAAAGAAGTACGGGAT,L1
hMG1,CAAAGAAGTGTCGCTG,L1
hMG1,CAAAGAATCAAGAGGC,Basal
hMG1,CAAAGAATCAAGTTGC,L1
hMG1,CAACAACAGCACCAGA,L2
hMG1,CAACAACAGTACCCTA,L1
hMG1,CAACAACAGTCGCCAC,L2
hMG1,CAACAACCAGCAGACA,L2
hMG1,CAACAACCAGCGTACC,L1
hMG1,CAACAACTCGTAGCCG,L2
hMG1,CAACAACTCTCTAGGA,L1
hMG1,CAACAGTAGACGTCCC,L2
hMG1,CAACAGTAGCCATTGT,L2
hMG1,CAACAGTAGCCTCGTG,L2
hMG1,CAACAGTAGTCATACC,L2
hMG1,CAACAGTCAGACCTAT,Basal
hMG1,CAACAGTCAGAGTAAT,L2
hMG1,CAACAGTGTACGACAG,L2
hMG1,CAACAGTGTAGGAGGG,L2
hMG1,CAACAGTGTATCAGCT,L2
hMG1,CAACAGTGTGGACCTC,L1
hMG1,CAACCAAAGACTTAAG,L2
hMG1,CAACCAAAGCATCCCG,Basal
hMG1,CAACCAAAGGTGGCTA,L2
hMG1,CAACCAAAGTCCTGCG,L2
hMG1,CAACCAACAAGTTCGT,L2
hMG1,CAACCAAGTAGTACGG,L2
hMG1,CAACCAAGTCGCGTTG,L2
hMG1,CAACCAAGTGACGTCC,L2
hMG1,CAACCAAGTGGACCTC,L2
hMG1,CAACCAAGTTCCGCTT,Basal
hMG1,CAACCAAGTTGTGGCC,L2
hMG1,CAACCAATCCAGCAAT,L2
hMG1,CAACCAATCCTCAGGG,L1
hMG1,CAACCTCAGCAATAGT,L1
hMG1,CAACCTCAGCTTCATG,L2
hMG1,CAACCTCAGGATTTAG,L2
hMG1,CAACCTCAGGGTACAC,L2
hMG1,CAACCTCCAATAGGAT,L2
hMG1,CAACCTCCAATCCTTT,L2
hMG1,CAACCTCGTACAGTCT,L2
hMG1,CAACGATAGCACACAG,L1
hMG1,CAACGATAGGTAAACT,L2
hMG1,CAACGATAGTCGCTAT,L2
hMG1,CAACGATAGTGGATTA,L1
hMG1,CAACGATAGTTCCAGT,L1
hMG1,CAACGATCACCAGTAT,L2
hMG1,CAACGATCAGGTCAGA,L1
hMG1,CAACGATCATGTGGCC,L1
hMG1,CAACGATGTCTACAGT,L2
hMG1,CAACGATGTGCATACT,L1
hMG1,CAACGATGTGGAAGTC,L2
hMG1,CAACGATGTGTTAAAG,L2
hMG1,CAACGATTCCTGGGAC,L2
hMG1,CAACGATTCGTAGTCA,L2
hMG1,CAACGATTCTCAGAAC,L1
hMG1,CAACGGCAGCCGCACT,L1
hMG1,CAACGGCCAATCGCCG,L1
hMG1,CAACGGCCACGGCACT,L2
hMG1,CAACGGCCAGGGAATC,L2
hMG1,CAACGGCCATGTTCAG,L2
hMG1,CAACGGCGTAGGCAGT,L2
hMG1,CAACGGCGTCGGAACA,L2
hMG1,CAACGGCGTTTCGCTC,L2
hMG1,CAACGGCTCACCATAG,L2
hMG1,CAACGGCTCAGCTAGT,L1
hMG1,CAACGGCTCGTTCTAT,L2
hMG1,CAAGACTAGAGGTGCT,L2
hMG1,CAAGACTAGAGTCGAC,Basal
hMG1,CAAGACTAGCCACCGT,L1
hMG1,CAAGACTAGGTAAGTT,L2
hMG1,CAAGACTCAACGATTC,L2
hMG1,CAAGACTCAGAACTCT,L2
hMG1,CAAGACTCATCTCCCA,L2
hMG1,CAAGACTCATGTCAGT,L1
hMG1,CAAGACTGTACAAGCG,L2
hMG1,CAAGACTGTGACGTCC,Basal
hMG1,CAAGACTTCATGCATG,L1
hMG1,CAAGACTTCCATTCAT,L2
hMG1,CAAGACTTCCCATGGG,L2
hMG1,CAAGACTTCCCGAAAT,Basal
hMG1,CAAGAGGAGAGGTTTA,L2
hMG1,CAAGAGGAGTTAGTAG,Basal
hMG1,CAAGAGGCAAGGCAAC,L1
hMG1,CAAGAGGCAATGGCCC,L2
hMG1,CAAGAGGCACCCGTAG,L2
hMG1,CAAGAGGGTCGAACGA,L2
hMG1,CAAGAGGGTGTCGATT,L2
hMG1,CAAGAGGGTGTTAGCT,L2
hMG1,CAAGCTACAACGATCT,L2
hMG1,CAAGCTACAATAGTAG,L2
hMG1,CAAGCTAGTAACGTTC,L2
hMG1,CAAGCTAGTGAGATCG,L2
hMG1,CAAGGGAAGTTGCTCA,L1
hMG1,CAAGGGACAACGGCTC,L2
hMG1,CAAGGGACACGTATAC,L2
hMG1,CAAGGGACAGCTAACT,L2
hMG1,CAAGGGAGTATTCCTT,L2
hMG1,CAAGGGATCGCCTTTG,L2
hMG1,CAAGGGATCGTTCTAT,L1
hMG1,CAATACGAGCTAATCC,L1
hMG1,CAATACGCAGAGGAAA,L1
hMG1,CAATACGCAGCCTATA,L2
hMG1,CAATACGCAGCCTTCT,L2
hMG1,CAATACGGTAATGTGA,L2
hMG1,CAATACGGTCCCGTGA,L1
hMG1,CAATACGGTCTGCCTT,L2
hMG1,CAATACGTCGTGGCTG,L2
hMG1,CAATCGAAGGATACGC,L1
hMG1,CAATCGAAGTTAACGA,L1
hMG1,CAATCGACACGTAGAG,L1
hMG1,CAATCGACACTTGTCC,L2
hMG1,CAATCGAGTTAGTCGT,L2
hMG1,CAATCGATCCAGCCTT,L2
hMG1,CAATCGATCGCTTAAG,L1
hMG1,CAATCGATCTATCGGA,L2
hMG1,CAATGACAGACACACG,L2
hMG1,CAATGACAGCAGTACG,L2
hMG1,CAATGACAGGGCCCTT,L2
hMG1,CAATGACAGGTGGGTT,L2
hMG1,CAATGACAGTTTCGAC,L2
hMG1,CAATGACCAAGGAGTC,L2
hMG1,CAATGACCATTCATCT,L2
hMG1,CAATGACGTATCGAAA,L2
hMG1,CAATGACGTGATGGCA,L1
hMG1,CAATGACTCCCGTTCA,L2
hMG1,CAATGACTCTCACGAA,L2
hMG1,CAATTTCAGCCTCACG,L2
hMG1,CAATTTCAGGCCCGTT,L1
hMG1,CAATTTCGTACACTCA,L2
hMG1,CAATTTCTCATCACAG,L2
hMG1,CAATTTCTCTCGCCTA,L2
hMG1,CACAACAAGAAACACT,L1
hMG1,CACAACAAGCTTCTAG,L2
hMG1,CACAACAAGGGTTGCA,L2
hMG1,CACAACAAGTAAACTG,L2
hMG1,CACAACACACCGCTAG,L1
hMG1,CACAACACAGTCACGC,L2
hMG1,CACAACACATTGTACG,Basal
hMG1,CACAACAGTGAGTGAC,L2
hMG1,CACAACATCAATCGGT,L1
hMG1,CACAACATCTCAGTCC,L2
hMG1,CACACAAAGACGCCAA,L2
hMG1,CACACAAAGCCTCATA,L1
hMG1,CACACAAAGGTCGTCC,L2
hMG1,CACACAACAGTCTCTC,L2
hMG1,CACACAACATATCTGG,L2
hMG1,CACACAAGTATCAAGA,L2
hMG1,CACACAAGTGAGCTCC,Basal
hMG1,CACACAAGTGGAGAAA,L1
hMG1,CACACAATCCTACACC,L2
hMG1,CACACAATCGCTGTCT,L1
hMG1,CACACAATCGTGGGAA,Basal
hMG1,CACACAATCTGGGAGA,L2
hMG1,CACAGATAGGCCTAGA,L1
hMG1,CACAGATAGTTTGTCG,L2
hMG1,CACAGATCATACAGAA,L2
hMG1,CACAGATCATGCTGCG,L2
hMG1,CACAGATGTATGTCCA,Basal
hMG1,CACAGATGTCAAAGAT,L2
hMG1,CACAGATGTGAACGGT,L2
hMG1,CACAGATGTGATGTAA,L2
hMG1,CACAGATTCATGAGAA,L1
hMG1,CACAGGCAGAGCAGAA,L2
hMG1,CACAGGCAGGCCTGAA,L2
hMG1,CACAGGCAGGTAGCAC,L1
hMG1,CACAGGCCAGACCATT,L2
hMG1,CACAGGCCAGCAGATG,L1
hMG1,CACAGGCCAGTGTGGA,Basal
hMG1,CACAGGCCATGGCACC,L1
hMG1,CACAGGCGTAGGATAT,L2
hMG1,CACAGGCGTGACGCCT,L2
hMG1,CACAGGCTCACTAGCA,Basal
hMG1,CACAGGCTCCTGGTCT,L2
hMG1,CACATGAAGATTAGCA,L1
hMG1,CACATGAAGCAGCAGT,L2
hMG1,CACATGACAATCTCGA,L2
hMG1,CACATGACACCAGCTG,L2
hMG1,CACATGAGTAGCTTAC,L2
hMG1,CACATGATCTATTTCG,L1
hMG1,CACATGATCTCGTCGT,L2
hMG1,CACATGATCTGTGCAA,L2
hMG1,CACCAAAAGGTTACAA,Basal
hMG1,CACCAAAAGTCATAGA,L2
hMG1,CACCAAACACCATTCC,L2
hMG1,CACCAAACACTACTTT,L2
hMG1,CACCAAACAGTAGAGC,L1
hMG1,CACCAAAGTACCCACG,L1
hMG1,CACCAAAGTCCGGTGT,L2
hMG1,CACCAAAGTCGCGTTG,L1
hMG1,CACCAAAGTCGTCTCT,L2
hMG1,CACCAAATCTCCGAGG,L2
hMG1,CACCGTTCAGTCGCTG,L2
hMG1,CACCGTTGTATGTCCA,L2
hMG1,CACCGTTTCAGTCAGT,L1
hMG1,CACCGTTTCTATACGG,L2
hMG1,CACCGTTTCTGGAGAG,L2
hMG1,CACGAATAGCCGTCGT,L1
hMG1,CACGAATAGTCAATCC,L2
hMG1,CACGAATGTCCTTAAG,L2
hMG1,CACGAATTCAACTCTT,L2
hMG1,CACGAATTCAGCAGAG,Basal
hMG1,CACGAATTCCTAAGTG,L2
hMG1,CACGAATTCTTAGGAC,L2
hMG1,CACGGGTAGATGGCAC,L1
hMG1,CACGGGTAGTCGTCTA,L2
hMG1,CACGGGTCAACTGCTA,L1
hMG1,CACGGGTCAGGCAATG,L1
hMG1,CACGGGTCAGTCGCTG,L2
hMG1,CACGGGTCATCCGTGG,Basal
hMG1,CACGGGTGTGGTCCGT,L1
hMG1,CACGGGTTCAGCGCGT,L2
hMG1,CACGGGTTCCGCGAGT,L2
hMG1,CACGGGTTCGCGGACT,L2
hMG1,CACGGGTTCGTCGATA,L2
hMG1,CACGTGGAGAGTGACC,L2
hMG1,CACGTGGAGCCTTCTC,L2
hMG1,CACGTGGCATCAGTCA,L1
hMG1,CACGTGGGTCACCACG,L1
hMG1,CACGTGGGTGTCCATA,Basal
hMG1,CACGTGGTCAAGTGTC,L2
hMG1,CACGTTCAGTCCTGTA,L2
hMG1,CACGTTCCAACTCGTA,L2
hMG1,CACGTTCCAATGAACA,L2
hMG1,CACGTTCCAGGTTCAT,L2
hMG1,CACGTTCGTCCGTACG,L2
hMG1,CACGTTCGTGAGCTCC,L2
hMG1,CACGTTCGTGTGATGG,L2
hMG1,CACGTTCGTTGCGGAA,Basal
hMG1,CACGTTCTCCGATCGG,L1
hMG1,CACGTTCTCTCCAATT,L1
hMG1,CACTAAGAGAATCGAT,L2
hMG1,CACTAAGAGAGGTTAT,L2
hMG1,CACTAAGAGATTTGCC,L2
hMG1,CACTAAGAGCGCCGTT,L2
hMG1,CACTAAGAGGCCTGAA,L2
hMG1,CACTAAGAGTATGATG,L1
hMG1,CACTAAGAGTGCCTCG,Basal
hMG1,CACTAAGCACTACTTT,L1
hMG1,CACTAAGCATCGCTGG,L2
hMG1,CACTAAGCATGTGGTT,L2
hMG1,CACTAAGGTCCCAAAT,L1
hMG1,CACTAAGGTCCTACGG,L2
hMG1,CACTAAGGTGTTCGTA,L2
hMG1,CACTAAGTCACCCTTG,L2
hMG1,CACTAAGTCAGACCGC,L2
hMG1,CACTAAGTCCGATTAG,L2
hMG1,CACTAAGTCGTCACCT,L2
hMG1,CACTGAAAGGATACAT,L1
hMG1,CACTGAACAACCGTGC,L2
hMG1,CACTGAACAACGCATT,L2
hMG1,CACTGAACAATTGCCA,L2
hMG1,CACTGAACACGAGGAT,L1
hMG1,CACTGAACAGAGATGC,L2
hMG1,CACTGAACAGATTTCG,L2
hMG1,CACTGAACATCAGCTA,L1
hMG1,CACTGAACATCGCTGG,Basal
hMG1,CACTGAACATCGTTCC,L2
hMG1,CACTGAAGTGACTCGC,L1
hMG1,CACTGAAGTGCCGGTT,Basal
hMG1,CACTGAAGTGGGCTTC,L2
hMG1,CACTGAATCGCGTCGA,L2
hMG1,CACTGGGAGAGGTTTA,L2
hMG1,CACTGGGAGCATGTTC,L2
hMG1,CACTGGGAGCTACGTT,L1
hMG1,CACTGGGCAGGGATAC,L2
hMG1,CACTGGGGTGGCTGAA,L2
hMG1,CACTGGGGTTGCATTG,L1
hMG1,CACTGGGGTTGGGCCT,L2
hMG1,CACTGGGTCAGAGTGG,Basal
hMG1,CACTGGGTCGCCGATG,L2
hMG1,CACTGGGTCGCTGACG,L1
hMG1,CACTGGGTCTGACGCG,Basal
hMG1,CACTGTCAGCAGAAAG,Basal
hMG1,CACTGTCAGTATGGCG,L2
hMG1,CACTGTCCAAGAGTAT,L2
hMG1,CACTGTCCACTAGGTT,L1
hMG1,CACTGTCCACTTTAGG,L2
hMG1,CACTGTCCATGGAGAC,L2
hMG1,CACTGTCGTACGCTAT,L2
hMG1,CACTGTCGTAGGAGTC,L2
hMG1,CACTTCGCATGTACGT,L2
hMG1,CACTTCGGTCCTTTGC,Basal
hMG1,CACTTCGGTGCCGTAC,L2
hMG1,CACTTCGTCAACCCGG,L2
hMG1,CACTTCGTCAGGCGAA,L2
hMG1,CACTTCGTCGTGGAAG,L1
hMG1,CACTTCGTCTCTCCGA,L2
hMG1,CAGAGCCAGCTGTGCC,L2
hMG1,CAGAGCCAGGCACGAT,L2
hMG1,CAGAGCCCAAATCGGG,L2
hMG1,CAGAGCCCATGGGCAA,L1
hMG1,CAGAGCCGTATCCTCC,L2
hMG1,CAGAGCCGTCCATAGT,L2
hMG1,CAGAGCCGTTATGGTC,L1
hMG1,CAGAGCCGTTCAAAGA,L2
hMG1,CAGAGCCTCATACGAC,L2
hMG1,CAGAGCCTCCTTTAGT,L2
hMG1,CAGAGCCTCTGGTGCG,L2
hMG1,CAGATACAGTATGGAT,L1
hMG1,CAGATACCAATCCTTT,Basal
hMG1,CAGATACGTAATTAGG,L2
hMG1,CAGATACGTCGAGCTC,L2
hMG1,CAGATACGTCTACACA,L1
hMG1,CAGATACGTTCCACGG,L2
hMG1,CAGATCAAGACGTCCC,L2
hMG1,CAGATCAAGATGCCGA,L2
hMG1,CAGATCAAGGGACTGT,L2
hMG1,CAGATCAAGGTGCCAA,L2
hMG1,CAGATCACAACGGCTC,L2
hMG1,CAGATCACATAAGCGG,L1
hMG1,CAGATCACATCTGTTT,L1
hMG1,CAGATCAGTATTCTCT,L1
hMG1,CAGATCAGTCAACCTA,L2
hMG1,CAGATCATCCAAGCCG,L2
hMG1,CAGATCATCGTGCTCT,L2
hMG1,CAGATCATCTAGGCAT,L2
hMG1,CAGATTGAGATACTGA,L2
hMG1,CAGATTGAGCCTTCTC,L2
hMG1,CAGATTGAGTTGAATG,L2
hMG1,CAGATTGTCATGACAC,L2
hMG1,CAGATTGTCCGGGACT,L2
hMG1,CAGATTGTCTATTCGT,L2
hMG1,CAGCAATAGGAACGTC,L2
hMG1,CAGCAATCAAGGCCTC,Basal
hMG1,CAGCAATCAGAGACTG,Basal
hMG1,CAGCAATCAGCGACCT,L1
hMG1,CAGCAATCATATCTGG,L2
hMG1,CAGCAATCATGACTGT,L2
hMG1,CAGCAATGTAGCCAGA,L2
hMG1,CAGCAATGTTACCCAA,L2
hMG1,CAGCAATTCCATACAG,L2
hMG1,CAGCAATTCCGTATAG,L2
hMG1,CAGCAATTCGGTCGGT,Basal
hMG1,CAGCAATTCGTCAGAT,L2
hMG1,CAGCACGAGGGAGTGG,L2
hMG1,CAGCACGAGTTCCAGT,L2
hMG1,CAGCACGAGTTGTAAG,L2
hMG1,CAGCACGCAAGGCAAC,L2
hMG1,CAGCACGCAATAGTAG,L2
hMG1,CAGCACGCACAAATCC,L2
hMG1,CAGCACGCATTCCTCG,L2
hMG1,CAGCACGGTCAATGGG,Basal
hMG1,CAGCACGGTGTGTACT,L1
hMG1,CAGCACGGTTCAAAGA,L2
hMG1,CAGCACGTCGCTCATC,L2
hMG1,CAGCAGCAGTAAACAC,L2
hMG1,CAGCAGCCACATTCTT,L2
hMG1,CAGCAGCCAGCGTGAA,L1
hMG1,CAGCAGCGTACGTAGG,L2
hMG1,CAGCAGCGTAGCGTTT,L2
hMG1,CAGCAGCGTCTTGAGT,L2
hMG1,CAGCAGCGTGATTGGG,L2
hMG1,CAGCAGCGTGCATGTT,L2
hMG1,CAGCAGCTCCATTGGA,L2
hMG1,CAGCAGCTCGATTTCT,L2
hMG1,CAGCAGCTCTTACACT,L1
hMG1,CAGCCAGAGCTAGAGC,L1
hMG1,CAGCCAGAGGACACTG,L2
hMG1,CAGCCAGCATCCGCGA,L1
hMG1,CAGCCAGGTAGAGGAA,L1
hMG1,CAGCCAGGTGAAAGTT,L2
hMG1,CAGCCAGGTTACCTGA,L2
hMG1,CAGCCAGTCCATTTCA,L1
hMG1,CAGCCAGTCGACATTG,L2
hMG1,CAGCCAGTCGACGTCG,Basal
hMG1,CAGCGTGAGGAGGTTC,L2
hMG1,CAGCGTGCACTACGGC,L1
hMG1,CAGCGTGCAGACATCT,L1
hMG1,CAGCGTGGTCCTACAA,L1
hMG1,CAGCGTGGTCTGGTTA,L2
hMG1,CAGCGTGTCCACACCT,L2
hMG1,CAGCGTGTCCACTTTA,L2
hMG1,CAGGCCAAGGGACAGG,L1
hMG1,CAGGCCAAGGGCGAAG,L2
hMG1,CAGGCCAAGGGTCAAC,L2
hMG1,CAGGCCAAGGTACAGC,L2
hMG1,CAGGCCAAGTTCTCTT,L2
hMG1,CAGGCCACAAGTGGAC,L2
hMG1,CAGGCCACAATGAGCG,L2
hMG1,CAGGCCACACGCCACA,L2
hMG1,CAGGCCACATGACTCA,L2
hMG1,CAGGCCAGTCGATTTG,L1
hMG1,CAGGCCAGTGTGGTCC,L2
hMG1,CAGGCCAGTTCAGCTA,L2
hMG1,CAGGCCATCGTCCTTG,L2
hMG1,CAGGCCATCTCTAGGA,L2
hMG1,CAGGCCATCTGCGGAC,L1
hMG1,CAGGGCTAGAATAACC,L2
hMG1,CAGGGCTAGACGGATC,L2
hMG1,CAGGGCTAGATGCTGG,L2
hMG1,CAGGGCTAGCTGCCTG,L2
hMG1,CAGGGCTAGTAAGCAT,L2
hMG1,CAGGGCTAGTAGCATA,L2
hMG1,CAGGGCTAGTTGAAAC,L2
hMG1,CAGGGCTCAATACCCA,L2
hMG1,CAGGGCTCAATGGCCC,L2
hMG1,CAGGGCTCAGGTGAGT,Basal
hMG1,CAGGGCTGTCGGTACC,L2
hMG1,CAGGGCTGTTGGGATG,L2
hMG1,CAGGGCTTCCTACGGG,L2
hMG1,CAGGGCTTCGGAAACG,L2
hMG1,CAGGTATAGCTAAGTA,L2
hMG1,CAGGTATCACGGATCC,L2
hMG1,CAGGTATCACTGCTTC,L1
hMG1,CAGGTATCAGAGAATT,L2
hMG1,CAGGTATGTAAGCAAT,L2
hMG1,CAGGTATGTTGGCTAT,L2
hMG1,CAGGTATTCCCTCATG,L1
hMG1,CAGGTATTCTACTCAT,Basal
hMG1,CAGGTATTCTGCAGCG,L2
hMG1,CAGTGCGAGAAGCTGC,L2
hMG1,CAGTGCGAGAGTCACG,Basal
hMG1,CAGTGCGAGATGGGCT,L2
hMG1,CAGTGCGAGGCCCACT,L2
hMG1,CAGTGCGAGGCTTTCA,L2
hMG1,CAGTGCGAGTATGTAG,Basal
hMG1,CAGTGCGCAAGATGGC,L2
hMG1,CAGTGCGCAGGTACGA,L2
hMG1,CAGTGCGGTTTACGAC,L1
hMG1,CAGTGCGGTTTGGGTT,L2
hMG1,CAGTGCGTCACAAGAA,L1
hMG1,CAGTGCGTCCGGTTCT,L2
hMG1,CAGTTAGAGCCGATTT,L2
hMG1,CAGTTAGAGTCTAGCT,L2
hMG1,CAGTTAGCACACCAGC,L1
hMG1,CAGTTAGCACCCTAAA,L2
hMG1,CAGTTAGCATACACCA,L2
hMG1,CAGTTAGGTACTAACC,L2
hMG1,CAGTTAGGTGACTGTT,L2
hMG1,CAGTTAGTCATATGGC,L2
hMG1,CAGTTAGTCCCAGCGA,L1
hMG1,CAGTTAGTCCGGCTTT,L2
hMG1,CAGTTAGTCCGTTGGG,L2
hMG1,CAGTTAGTCTATCGCC,L2
hMG1,CAGTTCCAGAATCGAT,Basal
hMG1,CAGTTCCAGCGGGTTA,L2
hMG1,CAGTTCCAGGATACCG,L2
hMG1,CAGTTCCCAAATCCCA,L2
hMG1,CAGTTCCCAACTCATG,L2
hMG1,CAGTTCCCATCAGTCA,L2
hMG1,CAGTTCCCATGAATAG,L2
hMG1,CAGTTCCCATGACGTT,L2
hMG1,CAGTTCCGTAGCGTAG,L1
hMG1,CAGTTCCGTCCTGAAT,L2
hMG1,CAGTTCCTCGGCTCTT,L2
hMG1,CAGTTCCTCTATCGTT,L1
hMG1,CAGTTCCTCTCAGAAC,L2
hMG1,CAGTTCCTCTGTCCGT,L2
hMG1,CATAAGCAGCGAGTCA,L2
hMG1,CATAAGCAGCTCTGTA,L2
hMG1,CATAAGCCAAGAATGT,L1
hMG1,CATAAGCCAAGCACAG,L2
hMG1,CATAAGCCATATGGCT,L2
hMG1,CATAAGCGTCGAAACG,L2
hMG1,CATAAGCGTCTACTGA,L2
hMG1,CATAAGCTCCGTCCTA,L1
hMG1,CATAAGCTCTGATTCT,L2
hMG1,CATACAGAGAAGATCT,L2
hMG1,CATACAGCAAGCGATG,L2
hMG1,CATACAGCACTGAATC,L2
hMG1,CATACAGCAGCTACCG,L2
hMG1,CATACAGCAGCTGTAT,L1
hMG1,CATACAGCATGATCTG,L2
hMG1,CATACAGGTCACTTAG,L2
hMG1,CATACAGGTCTACAAC,L1
hMG1,CATACCCAGAGCCATG,L2
hMG1,CATACCCAGTAAACTG,L2
hMG1,CATACCCCACATTCTT,L2
hMG1,CATACCCCATGGCGCT,L2
hMG1,CATACCCGTAGATCCT,Basal
hMG1,CATACCCGTGCTATTG,L2
hMG1,CATACCCGTGTCCACG,L2
hMG1,CATACCCGTTAAACCC,L2
hMG1,CATACCCTCACCTACC,L2
hMG1,CATACCCTCACTCCGT,Basal
hMG1,CATACCCTCATTGCGA,L2
hMG1,CATACTTAGCCGCACT,L2
hMG1,CATACTTAGCTTGTGT,L2
hMG1,CATACTTCAACGTTAC,L2
hMG1,CATACTTCAAGTGACG,L2
hMG1,CATACTTCACAATGAA,L2
hMG1,CATACTTCAGATCCAT,L2
hMG1,CATACTTCATTCAGGT,L2
hMG1,CATACTTGTACAGTCT,L2
hMG1,CATACTTGTATCACGT,L2
hMG1,CATACTTGTGCATACT,L1
hMG1,CATACTTTCTTACCGC,L2
hMG1,CATAGACAGAAATTGC,L1
hMG1,CATAGACAGCAAACAT,L2
hMG1,CATAGACAGGAACTCG,L2
hMG1,CATAGACAGGTATTGA,L2
hMG1,CATAGACAGTCACACT,L2
hMG1,CATAGACAGTCGGGAT,L2
hMG1,CATAGACCACAACGTT,L2
hMG1,CATAGACCACCATTCC,L1
hMG1,CATAGACCACTGCTTC,Basal
hMG1,CATAGACCAGAATTCC,L2
hMG1,CATAGACGTCCTCCAT,L2
hMG1,CATAGACGTTATAGCC,L1
hMG1,CATAGACGTTGTGCCG,L1
hMG1,CATAGACTCCACAAGT,L2
hMG1,CATCAAGAGCGAACTG,L2
hMG1,CATCAAGAGGCTCACC,L2
hMG1,CATCAAGAGTCGCGAA,L1
hMG1,CATCAAGCAAGAGCTG,L2
hMG1,CATCAAGCAATGCAAA,L1
hMG1,CATCAAGCACGTACTA,L1
hMG1,CATCAAGCACTCTCGT,L1
hMG1,CATCAAGCAGCAGGAT,L2
hMG1,CATCAAGCAGGTGGAT,L2
hMG1,CATCAAGCATCTTCGC,L1
hMG1,CATCAAGGTGCGTCGT,L2
hMG1,CATCAAGGTGTCCAAT,L2
hMG1,CATCAAGGTTTAGAGA,L2
hMG1,CATCAAGTCATTCGTT,L1
hMG1,CATCAAGTCCACTGGG,L2
hMG1,CATCAAGTCTAGTCAG,L1
hMG1,CATCCACAGCGCCCAT,L1
hMG1,CATCCACAGGAATCGC,L1
hMG1,CATCCACAGTCTCTGA,L2
hMG1,CATCCACCAATAGGGC,L2
hMG1,CATCCACGTCAATGGG,L2
hMG1,CATCCACGTTGGAGGT,L2
hMG1,CATCCACGTTTCAGAC,L1
hMG1,CATCCACTCCATTGGA,L2
hMG1,CATCCACTCCTCTGCA,L1
hMG1,CATCCACTCGTGGGAA,L1
hMG1,CATCCCAAGCCGAATG,L2
hMG1,CATCCCAAGCTCTATG,L2
hMG1,CATCCCAAGGTTTACC,L2
hMG1,CATCCCAGTACTCGAT,L2
hMG1,CATCCCAGTATGATCC,L1
hMG1,CATCCCAGTATTGGCT,L1
hMG1,CATCCCAGTCGGTAAG,L2
hMG1,CATCCCATCATCGGGC,L2
hMG1,CATCCCATCGCTACGG,L1
hMG1,CATCCCATCGGCTATA,L2
hMG1,CATCCCATCGTGCACG,Basal
hMG1,CATCCGTAGTCCCGGT,L2
hMG1,CATCCGTCAATGAGCG,L1
hMG1,CATCCGTGTCCTTGTC,L2
hMG1,CATCCGTGTGACCTGC,L2
hMG1,CATCCGTGTTGTCCCT,L2
hMG1,CATCCGTTCAACCTCC,L2
hMG1,CATCCGTTCCAAGCCG,L1
hMG1,CATCCGTTCTCTCGCA,L2
hMG1,CATCGCTAGATAGTGT,L2
hMG1,CATCGCTAGTGGAAAG,L2
hMG1,CATCGCTCAAATGAGT,L2
hMG1,CATCGCTCATACCATG,L1
hMG1,CATCGCTGTACCACGC,L2
hMG1,CATCGCTGTCATAAAG,L2
hMG1,CATCGCTGTCCAGCAC,L2
hMG1,CATCGCTGTCGTGGTC,L2
hMG1,CATCGCTGTGGCCACT,L1
hMG1,CATCGGGAGATTAGCA,L2
hMG1,CATCGGGAGGGAGGAC,L1
hMG1,CATCGGGAGTACAGCG,L2
hMG1,CATCGGGAGTAGCTCT,L1
hMG1,CATCGGGCAAACGAGC,L2
hMG1,CATCGGGCAACATACC,L1
hMG1,CATCGGGCAGAATTCC,L2
hMG1,CATCGGGCATCGAACT,L1
hMG1,CATCGGGGTCCTGAAT,L2
hMG1,CATCGGGGTGTCGCTG,L2
hMG1,CATCGGGTCAATCTTC,L2
hMG1,CATCGGGTCGGATACT,Basal
hMG1,CATCGGGTCTCCAAGA,L1
hMG1,CATCGGGTCTGCTAGA,L2
hMG1,CATCGTCAGTAGTGCG,L2
hMG1,CATCGTCCAAGCTGTT,L1
hMG1,CATCGTCCACTATCGA,L2
hMG1,CATCGTCCAGAACGCA,L2
hMG1,CATCGTCCAGCTATAC,L2
hMG1,CATCGTCCATACAGGG,L1
hMG1,CATCGTCGTATCTCGA,L2
hMG1,CATCGTCGTGCACATT,L2
hMG1,CATCGTCTCAGCTTCC,L2
hMG1,CATGAGTAGAGTGGCT,L2
hMG1,CATGAGTAGCGTGCCT,L1
hMG1,CATGAGTAGGCCTAGA,L2
hMG1,CATGAGTCAAAGTATG,L2
hMG1,CATGAGTCAAGAGCTG,L1
hMG1,CATGAGTCAGCGGTCT,L2
hMG1,CATGAGTCATTGGATC,L2
hMG1,CATGAGTGTAGCTTGT,L2
hMG1,CATGAGTGTCGCGTTG,L2
hMG1,CATGAGTGTGGGACAT,L2
hMG1,CATGAGTTCGTCTACC,L2
hMG1,CATGCAAAGAGGCTGT,Basal
hMG1,CATGCAAAGAGGGTAA,L2
hMG1,CATGCAAAGCGCCTCA,L2
hMG1,CATGCAAAGTTACGTC,L2
hMG1,CATGCAAGTGACAACG,L2
hMG1,CATGCAAGTGATATAG,L2
hMG1,CATGCAATCTCGTGAA,L2
hMG1,CATGCAATCTCTATAC,L1
hMG1,CATGCCTAGGTCATAA,L2
hMG1,CATGCCTAGGTGATAT,L1
hMG1,CATGCCTCAATGCAGG,Basal
hMG1,CATGCCTGTAGACTGG,Basal
hMG1,CATGCCTTCAGCTCTC,L1
hMG1,CATGCCTTCCATCCGT,L1
hMG1,CATGCCTTCTAGGAAA,L2
hMG1,CATGCGGAGATACTGA,L2
hMG1,CATGCGGAGATTGCGG,L2
hMG1,CATGCGGAGTGGATTA,L2
hMG1,CATGCGGCAAGTTGGG,L2
hMG1,CATGCGGCACACGCCA,L2
hMG1,CATGCGGGTCTGCAAT,L2
hMG1,CATGCGGGTTAAACAG,L2
hMG1,CATGCGGGTTACGTAC,L1
hMG1,CATGCGGTCCACATAG,L2
hMG1,CATGCGGTCCGAAATC,L2
hMG1,CATGCGGTCCGACATA,L1
hMG1,CATGCTCAGCCGGATA,L1
hMG1,CATGCTCAGTGCACTT,L1
hMG1,CATGCTCCAAACTCGT,L2
hMG1,CATGCTCGTACGTGAG,L1
hMG1,CATGCTCTCATGAGAA,L2
hMG1,CATGCTCTCTAGCATG,L2
hMG1,CATGCTCTCTGTGCTC,L2
hMG1,CATGGATAGCTCGTGC,L2
hMG1,CATGGATAGGTAGATT,Basal
hMG1,CATGGATCAACAGTGG,L2
hMG1,CATGGATCAATCAGCT,L1
hMG1,CATGGATCACTAAACC,L1
hMG1,CATGGATCATAGACTC,L2
hMG1,CATGGATCATATCGGT,L1
hMG1,CATGGATCATTACTCT,L1
hMG1,CATGGATGTAATTGGA,L2
hMG1,CATGGATGTCCGCAGT,L1
hMG1,CATGGATTCAAAGACA,L2
hMG1,CATGGATTCAGTCACA,L2
hMG1,CATGGATTCGACCTAA,L2
hMG1,CATGGATTCTGATTCT,L1
hMG1,CATGGTAAGCTGTTCA,L2
hMG1,CATGGTAAGGCTGTAG,L2
hMG1,CATGGTACACCATAAC,L2
hMG1,CATGGTACACTCAAGT,L2
hMG1,CATGGTACAGCCGTTG,L2
hMG1,CATGGTACAGTGGTGA,L1
hMG1,CATGGTAGTGGTCCGT,L2
hMG1,CATGGTAGTTGGAGGT,L2
hMG1,CATGGTATCGCTCATC,L2
hMG1,CATGGTATCTGACCCT,L2
hMG1,CATTCATAGGTCACCC,L2
hMG1,CATTCATCAATATCCG,L1
hMG1,CATTCATCAGTTAGAA,Basal
hMG1,CATTCATGTACTGCGC,L1
hMG1,CATTCATGTGAACGGT,L2
hMG1,CATTCATGTTACCTTT,L2
hMG1,CATTCATGTTCCGCTT,L2
hMG1,CATTCATTCCGATCGG,L1
hMG1,CATTCATTCGACATCA,L1
hMG1,CATTCATTCTCCATAT,L2
hMG1,CATTCCGCAGAGGACT,Basal
hMG1,CATTCCGCAGAGGGTT,L2
hMG1,CATTCCGCAGTGTATC,Basal
hMG1,CATTCCGCATGAGTAA,L2
hMG1,CATTCCGGTAAGATTG,L2
hMG1,CATTCCGGTAGCCAGA,Basal
hMG1,CATTCCGGTCCTCCTA,L2
hMG1,CATTCCGGTCTCTCCA,L1
hMG1,CATTCCGGTTTAGACC,L1
hMG1,CATTCCGTCCATCAGA,L2
hMG1,CATTCCGTCTTTGGAG,L2
hMG1,CATTCTAAGACTCTTG,L2
hMG1,CATTCTATCAGCCTCT,Basal
hMG1,CATTCTATCCAAATGC,L2
hMG1,CATTGAGCACGTTGGC,L1
hMG1,CATTGAGCAGGGCTTC,L1
hMG1,CATTGAGCATGACTGT,L1
hMG1,CATTGAGGTATATGGA,L2
hMG1,CATTGAGGTGGCTGAA,L2
hMG1,CATTGAGTCAAATGAG,L2
hMG1,CATTGAGTCCCGAGGT,L1
hMG1,CATTGAGTCCTCACTG,L2
hMG1,CATTGCCAGATCCTAC,L2
hMG1,CATTGCCAGCGGGTTA,L2
hMG1,CATTGCCAGCTAAACA,L2
hMG1,CATTGCCAGCTTGTGT,L1
hMG1,CATTGCCAGGACAGCT,L2
hMG1,CATTGCCAGTAACGTA,Basal
hMG1,CATTGCCAGTTAACGA,L2
hMG1,CATTGCCCAACTGAAA,L2
hMG1,CATTGCCTCGTCAACA,L2
hMG1,CATTGTTAGGGTTAAT,L1
hMG1,CATTGTTAGGTGCATG,L2
hMG1,CATTGTTAGGTTAAAC,L2
hMG1,CATTGTTCACGACTAT,L2
hMG1,CATTGTTCAGCGTGCT,L2
hMG1,CATTGTTCAGTTGTTG,L2
hMG1,CATTGTTGTGAATTAG,L2
hMG1,CATTGTTTCACCTCTG,L1
hMG1,CATTGTTTCCCGTGAG,L2
hMG1,CATTGTTTCTGAGGCC,L1
hMG1,CATTTCAAGTTGGAAT,L1
hMG1,CATTTCACAAGAAACT,L2
hMG1,CATTTCACAAGCCTGC,L2
hMG1,CATTTCACAATCCTTT,L2
hMG1,CATTTCACAGAGGAAA,L2
hMG1,CATTTCACAGATAAAC,L2
hMG1,CATTTCAGTATACCCA,L2
hMG1,CATTTCAGTGACACGA,L1
hMG1,CATTTCAGTTCTTAGG,L2
hMG1,CATTTCAGTTGCCATA,Basal
hMG1,CATTTCATCCACGAAT,L1
hMG1,CATTTCATCGGACTGC,L2
hMG1,CATTTCATCGTTCTAT,L2
hMG1,CCAAGCGAGCGAGAAA,L1
hMG1,CCAAGCGAGTTCCAGT,L2
hMG1,CCAAGCGCAATGGCAG,L1
hMG1,CCAAGCGCACGTACAT,L2
hMG1,CCAAGCGCAGTCCCGA,L1
hMG1,CCAAGCGGTAACAGTA,Basal
hMG1,CCAAGCGGTATCGCGC,L2
hMG1,CCAAGCGTCAAGCTTG,L1
hMG1,CCAAGCGTCACTTATC,L2
hMG1,CCAAGCGTCTACCCAC,L2
hMG1,CCAAGCGTCTCAGGCG,L1
hMG1,CCAAGCGTCTTCCGTG,L2
hMG1,CCAATGAAGACAGTCG,L2
hMG1,CCAATGACAATGTTGC,L2
hMG1,CCAATGACAGCTACAT,L1
hMG1,CCAATGACATCGCCTT,L2
hMG1,CCAATGACATGAAAGT,L2
hMG1,CCAATGACATGTTCGA,L2
hMG1,CCAATGATCAAACTGC,Basal
hMG1,CCAATGATCTTAGTTC,L2
hMG1,CCAATTTAGCATTGAA,L2
hMG1,CCAATTTAGCCGAATG,L1
hMG1,CCAATTTAGGTAAAGG,L1
hMG1,CCAATTTAGGTAGGCT,L2
hMG1,CCAATTTCACAGGATG,L2
hMG1,CCAATTTCACCAATTG,L2
hMG1,CCAATTTGTCGCATGC,L2
hMG1,CCAATTTGTCTGATAC,L1
hMG1,CCAATTTGTGTAGTGG,L1
hMG1,CCAATTTTCCTCAGGG,L1
hMG1,CCAATTTTCGAACCTA,L2
hMG1,CCAATTTTCTGTGCTC,L1
hMG1,CCACAAAAGGTTCCAT,L2
hMG1,CCACAAACAACATACC,L2
hMG1,CCACAAACACTAACGT,L1
hMG1,CCACAAACATATCGGT,L2
hMG1,CCACAAAGTATCTCTT,Basal
hMG1,CCACAAAGTCGATTCA,L2
hMG1,CCACACTCACACGGAA,L2
hMG1,CCACACTCAGAACCGA,L2
hMG1,CCACACTCATGTCAGT,L1
hMG1,CCACACTGTCATCGCG,L1
hMG1,CCACACTGTGGTAATA,Basal
hMG1,CCACACTGTTAGAAGT,Basal
hMG1,CCACACTGTTATTCTC,L2
hMG1,CCACACTTCAATCTTC,L1
hMG1,CCACACTTCCGTAGGC,L2
hMG1,CCACCATAGAGAGGGC,Basal
hMG1,CCACCATAGCATGCGA,L1
hMG1,CCACCATAGCCGATTT,L1
hMG1,CCACCATAGCTAGTTC,L2
hMG1,CCACCATAGGTGCCAA,L2
hMG1,CCACCATAGTATGAGT,L1
hMG1,CCACCATAGTCAGAGC,L2
hMG1,CCACCATCAAGGATGC,L2
hMG1,CCACCATCAGCAGTCC,L2
hMG1,CCACCATTCACCATAG,L2
hMG1,CCACCATTCCATCAGA,L2
hMG1,CCACCATTCCGGTAAT,L1
hMG1,CCACGAGAGCGATCGA,L2
hMG1,CCACGAGAGGAGAGGC,L2
hMG1,CCACGAGAGGCCCACT,L2
hMG1,CCACGAGAGGCCTTGC,L2
hMG1,CCACGAGCACTACTTT,L2
hMG1,CCACGAGCAGGAGGAG,L2
hMG1,CCACGAGCATTGGATC,L1
hMG1,CCACGAGGTCCTGGGT,L2
hMG1,CCACGAGGTCTACTGA,Basal
hMG1,CCACGAGTCTAGCAAC,L2
hMG1,CCACGAGTCTTTACAC,L2
hMG1,CCACGTTAGATGCCGA,L2
hMG1,CCACGTTAGGGCGAAG,L2
hMG1,CCACGTTAGTAACGTA,L2
hMG1,CCACGTTAGTAGCATA,L1
hMG1,CCACGTTCAAGGACAC,L1
hMG1,CCACGTTCAGCTTTGA,L2
hMG1,CCACGTTCAGGAGGTT,L2
hMG1,CCACGTTCAGTGTACT,L2
hMG1,CCACGTTCATTGTGCA,L1
hMG1,CCACGTTGTTGGCCGT,L2
hMG1,CCACGTTTCAGCTGTA,L2
hMG1,CCACGTTTCGTCGACG,L1
hMG1,CCACGTTTCTGCCCTA,L2
hMG1,CCACTTGAGCTCTATG,L1
hMG1,CCACTTGAGGCTCTAT,L2
hMG1,CCACTTGAGTAACAGT,L1
hMG1,CCACTTGAGTCATCCA,L1
hMG1,CCACTTGAGTGTTCAC,L2
hMG1,CCACTTGCAGAGTGTG,L2
hMG1,CCACTTGCAGGTGTGA,L2
hMG1,CCACTTGGTTCTCTCG,L2
hMG1,CCACTTGTCAAGTGGG,L1
hMG1,CCACTTGTCACTGAAC,L2
hMG1,CCACTTGTCCATGATG,L2
hMG1,CCACTTGTCTGCGGCA,L2
hMG1,CCATAAGAGCACTCGC,L2
hMG1,CCATAAGAGGGACACT,L2
hMG1,CCATAAGAGTTGTAAG,L2
hMG1,CCATAAGCAGCGGATA,L2
hMG1,CCATAAGGTCAACCTA,L2
hMG1,CCATAAGGTTGCTGAT,L1
hMG1,CCATAAGTCAGAGCGA,L1
hMG1,CCATAAGTCCTAGCCT,L2
hMG1,CCATAAGTCGTTCAGA,L2
hMG1,CCATCACAGTAAATGC,L2
hMG1,CCATCACAGTTCATGC,Basal
hMG1,CCATCACGTACCTATG,L1
hMG1,CCATCACGTTAACAGA,L2
hMG1,CCATCACTCCTTATCA,L2
hMG1,CCATCACTCTCGCGTT,L2
hMG1,CCCAACTAGCACTTTG,L1
hMG1,CCCAACTAGTGTTGAA,L2
hMG1,CCCAACTCACCAATTG,L2
hMG1,CCCAACTCACGAGAAC,L1
hMG1,CCCAACTCATAACTCG,L2
hMG1,CCCAACTCATACCGTA,L1
hMG1,CCCAACTGTGCCCGTA,L1
hMG1,CCCAACTGTGCCTGAC,L2
hMG1,CCCAACTGTTAGCGGA,L2
hMG1,CCCATTGAGCGGACAT,L2
hMG1,CCCATTGAGTAGGGTC,L1
hMG1,CCCATTGCAAGATTGA,L2
hMG1,CCCATTGCAGCTGTAT,L2
hMG1,CCCATTGGTCTTCATT,L1
hMG1,CCCATTGGTGTTCATG,L1
hMG1,CCCATTGTCATTTACC,L2
hMG1,CCCGAAGAGTAAATGC,L2
hMG1,CCCGAAGAGTAGCATA,L2
hMG1,CCCGAAGAGTTGAATG,L2
hMG1,CCCGAAGCAAATGCGG,L2
hMG1,CCCGAAGCAACACAAA,L2
hMG1,CCCGAAGCACAAGCCC,Basal
hMG1,CCCGAAGCACAGAGAC,L1
hMG1,CCCGAAGCATCGAGCC,L1
hMG1,CCCGAAGGTGTATCCA,L2
hMG1,CCCGAAGTCAAAGGTA,L2
hMG1,CCCGAAGTCAACGAGG,L2
hMG1,CCCGGAAAGCGGTAAC,L1
hMG1,CCCGGAAAGCTATCTG,Basal
hMG1,CCCGGAAAGTCACACT,L2
hMG1,CCCGGAACAACACTAC,L1
hMG1,CCCGGAACACGCTTAA,L2
hMG1,CCCGGAACACGTCTCT,L2
hMG1,CCCGGAACATATCTCT,L2
hMG1,CCCGGAAGTAGCTCGC,L2
hMG1,CCCGGAAGTATTGAGA,L2
hMG1,CCCGGAAGTCTTTCTA,L2
hMG1,CCCGGAATCAAGCTTG,Basal
hMG1,CCCGGAATCAGCAGAG,L1
hMG1,CCCGGAATCATGAAAG,L2
hMG1,CCCGGAATCGTCGGGT,L2
hMG1,CCCGGAATCTCTTGCG,Basal
hMG1,CCCGGAATCTGTGCGG,L2
hMG1,CCCTAACAGGTTACAA,L2
hMG1,CCCTAACCAAATGCTC,L1
hMG1,CCCTAACCACTCACTC,L2
hMG1,CCCTAACGTGAGATTA,L2
hMG1,CCCTAACGTGGGATTG,L2
hMG1,CCCTCAAAGCGAAACC,L2
hMG1,CCCTCAAAGGTCACTT,L2
hMG1,CCCTCAACACGGGTAA,L2
hMG1,CCCTCAACAGTTAGGG,L1
hMG1,CCCTCAAGTAGGTAGC,L2
hMG1,CCCTCAAGTGATACCT,L2
hMG1,CCCTCAAGTTGGGAAC,L2
hMG1,CCCTCAATCACAGAGG,L2
hMG1,CCCTCAATCCCATGGG,L2
hMG1,CCCTCAATCGGCTTCT,L1
hMG1,CCCTCAATCTCGCGTT,L2
hMG1,CCCTCTCAGAAACACT,L2
hMG1,CCCTCTCCAAATGGCG,L1
hMG1,CCCTCTCGTGCGTTTA,L1
hMG1,CCCTCTCGTGGACTGA,L2
hMG1,CCCTCTCTCCACATAG,L2
hMG1,CCCTCTCTCGAGAGCA,L2
hMG1,CCCTCTCTCGCCGAGT,L1
hMG1,CCCTGATAGAGGATCC,L2
hMG1,CCCTGATAGATAGCTA,L2
hMG1,CCCTGATAGGGCAGGA,L2
hMG1,CCCTGATAGGTGCGAT,L2
hMG1,CCCTGATAGTACCGGA,L2
hMG1,CCCTGATCAAGGCGTA,L1
hMG1,CCCTGATGTGTTCCAA,L1
hMG1,CCCTGATGTTGATGTC,L2
hMG1,CCCTGATTCCTACAAG,L1
hMG1,CCCTGATTCGCGTGCA,L2
hMG1,CCCTGATTCTATCCAT,L2
hMG1,CCCTGATTCTCTCTAA,L2
hMG1,CCCTTAGAGACTAAGT,L2
hMG1,CCCTTAGAGAGTCCGA,L1
hMG1,CCCTTAGAGCGACTAG,L2
hMG1,CCCTTAGAGTACCGGA,L2
hMG1,CCCTTAGCACTCTGCT,L2
hMG1,CCCTTAGCAGGTCAGA,L2
hMG1,CCCTTAGGTCCCAAAT,Basal
hMG1,CCCTTAGGTCGGAACA,L1
hMG1,CCCTTAGGTGTGACCC,L2
hMG1,CCCTTAGTCAAGAGTA,L2
hMG1,CCCTTAGTCCGATCTC,L1
hMG1,CCCTTAGTCGTTCCCA,L1
hMG1,CCGAACGAGAAACCAT,Basal
hMG1,CCGAACGAGTCAATCC,Basal
hMG1,CCGAACGAGTCTAGCT,L2
hMG1,CCGAACGAGTGCAGCA,L2
hMG1,CCGAACGCAAAGAGTT,L1
hMG1,CCGAACGCACGTCATA,L2
hMG1,CCGAACGCAGTGGCTC,L2
hMG1,CCGATCTAGCTGTGCC,L1
hMG1,CCGATCTGTTAAGACA,L1
hMG1,CCGATCTGTTCCACAA,L1
hMG1,CCGATCTGTTTCCAAG,Basal
hMG1,CCGATCTTCAAGATAG,L2
hMG1,CCGATCTTCGTTCATT,L2
hMG1,CCGATGGAGGTTCCAT,L1
hMG1,CCGATGGCAACACGAG,L2
hMG1,CCGATGGCAATGTTGC,L2
hMG1,CCGATGGGTACCTGTA,L1
hMG1,CCGATGGGTCGTTCAA,L1
hMG1,CCGATGGTCGATAACC,L2
hMG1,CCGATGGTCGGCAGTC,L2
hMG1,CCGATGGTCGTCGATA,L2
hMG1,CCGCAAGAGGGAGGTG,L1
hMG1,CCGCAAGAGGTTCACT,L1
hMG1,CCGCAAGAGTCACTCA,Basal
hMG1,CCGCAAGCACCCTGAG,L1
hMG1,CCGCAAGGTGATGAAT,L1
hMG1,CCGCAAGTCGGCATCG,L2
hMG1,CCGCAAGTCTCCCATG,L1
hMG1,CCGGACAAGCGTTCCG,Basal
hMG1,CCGGACAAGTCGCCCA,L1
hMG1,CCGGACACACCGGTCA,L1
hMG1,CCGGACACATGCGTGC,L2
hMG1,CCGGACACATGTGCTA,L2
hMG1,CCGGACAGTAGCGTCC,L2
hMG1,CCGGACAGTCTGTAAC,L2
hMG1,CCGGACAGTTTGCCGG,L1
hMG1,CCGGACATCCCGTTCA,L2
hMG1,CCGGACATCTGTTCAT,L2
hMG1,CCGGGTAAGACTTCGT,L2
hMG1,CCGGGTAAGCAAGTCG,L1
hMG1,CCGGGTAAGCTCCCTT,L2
hMG1,CCGGGTACACATGTTG,Basal
hMG1,CCGGGTAGTTGAGAGC,Basal
hMG1,CCGGGTATCACCTGTC,L2
hMG1,CCGGGTATCCTTCGAC,L2
hMG1,CCGGTAGAGGATGCGT,L1
hMG1,CCGGTAGAGGCTCAAG,L2
hMG1,CCGGTAGCAAGATGTA,Basal
hMG1,CCGGTAGCACGTAGTT,L2
hMG1,CCGGTAGCACTACAGT,L2
hMG1,CCGGTAGCAGACAAGC,L1
hMG1,CCGGTAGCAGGTGTGA,Basal
hMG1,CCGGTAGCATTGAAAG,L2
hMG1,CCGGTAGGTACCGTCG,L2
hMG1,CCGGTAGGTCGTACTA,L1
hMG1,CCGGTAGGTGCGACAA,L2
hMG1,CCGGTAGTCAGGTAAA,L1
hMG1,CCGGTAGTCATCTCTA,L2
hMG1,CCGGTGAAGACATCCT,L2
hMG1,CCGGTGAAGGAGAGGC,L1
hMG1,CCGGTGAAGGTTGGAC,L2
hMG1,CCGGTGAGTCAGCGTC,L1
hMG1,CCGGTGAGTCTAGATC,L1
hMG1,CCGGTGAGTTACGTAC,L2
hMG1,CCGGTGATCTATACTC,L1
hMG1,CCGGTGATCTGCTGAA,L2
hMG1,CCGTAGGAGCTAATCC,L2
hMG1,CCGTAGGAGTATGGCG,L2
hMG1,CCGTAGGCAGCTGAGA,L2
hMG1,CCGTAGGGTCGAGCAA,L2
hMG1,CCGTAGGGTCTGTGCG,L1
hMG1,CCGTAGGTCACAACCA,Basal
hMG1,CCGTAGGTCGTCCTCA,L1
hMG1,CCGTAGGTCTCCAATT,L2
hMG1,CCGTGAGAGACCATGG,L2
hMG1,CCGTGAGAGCACCGTC,L1
hMG1,CCGTGAGAGCGTTCCG,L2
hMG1,CCGTGAGAGCTAATGA,L2
hMG1,CCGTGAGAGGCCATAG,L2
hMG1,CCGTGAGAGTCAATCC,L1
hMG1,CCGTGAGGTAGGCAAC,Basal
hMG1,CCGTGAGGTGTCCAAT,L2
hMG1,CCGTGAGTCATGCTAG,L1
hMG1,CCGTGAGTCCACACCT,Basal
hMG1,CCGTGAGTCGTGCACG,L2
hMG1,CCGTGAGTCTCCTGTG,L2
hMG1,CCGTTCAAGGGAGGCA,L2
hMG1,CCGTTCAAGGGCAACT,L2
hMG1,CCGTTCACAAACTAAG,L2
hMG1,CCGTTCACACAGAAGC,L1
hMG1,CCGTTCACACCGCTGA,L1
hMG1,CCGTTCAGTACTGCGC,L2
hMG1,CCGTTCAGTCAAGTTC,L1
hMG1,CCGTTCAGTCACAGTT,L2
hMG1,CCGTTCAGTCATTGCA,L2
hMG1,CCGTTCAGTCGCTTGG,L2
hMG1,CCGTTCATCAGACCGC,L2
hMG1,CCGTTCATCTCCATAT,L2
hMG1,CCTAACCCACGGTAGA,L1
hMG1,CCTAACCGTGGTAACG,L2
hMG1,CCTAACCGTTGATGTC,L1
hMG1,CCTAACCGTTGTCCCT,L1
hMG1,CCTAACCGTTTGCAGT,L1
hMG1,CCTAACCTCAAACGAA,L1
hMG1,CCTAACCTCAAGGACG,L2
hMG1,CCTAACCTCCTCGCAT,L2
hMG1,CCTAAGAAGAACGTGC,L2
hMG1,CCTAAGAAGATACCAA,L2
hMG1,CCTAAGAAGCATACTC,Basal
hMG1,CCTAAGAAGCTCGACC,L2
hMG1,CCTAAGACACATCCCT,Basal
hMG1,CCTAAGAGTAGACGTG,L1
hMG1,CCTAAGAGTTCGGACC,L2
hMG1,CCTAAGATCGAAGTGG,L1
hMG1,CCTACGTAGCTGAAGC,L1
hMG1,CCTACGTAGTTGAATG,Basal
hMG1,CCTACGTAGTTTCGGT,L2
hMG1,CCTACGTCACGTATAC,L1
hMG1,CCTACGTTCAAGCCAT,L2
hMG1,CCTACGTTCAGTCCGG,L2
hMG1,CCTACGTTCATCGACA,L1
hMG1,CCTATCGAGTCGAAGC,L2
hMG1,CCTATCGCAGGTATGG,L2
hMG1,CCTATCGGTATTGGCT,L1
hMG1,CCTATCGTCCACATAG,L2
hMG1,CCTATCGTCGGTTCAA,L1
hMG1,CCTATCGTCTCCATAT,L2
hMG1,CCTATCGTCTGCCCTA,L2
hMG1,CCTATCGTCTGCTGAA,L2
hMG1,CCTCAACAGCATGTTC,Basal
hMG1,CCTCAACAGGCGTTAG,L1
hMG1,CCTCAACCAAGAGTAT,L2
hMG1,CCTCAACCACATTCGA,L2
hMG1,CCTCAACGTTTGTTGG,L2
hMG1,CCTCAACTCACAAGAA,Basal
hMG1,CCTCACAAGACTCATC,L1
hMG1,CCTCACACAAATACGA,L2
hMG1,CCTCACACAAGTGTCT,L2
hMG1,CCTCACACACATCATG,L2
hMG1,CCTCACATCGACACTA,L2
hMG1,CCTCACATCGACCAAT,L2
hMG1,CCTCACATCGCTTACC,L1
hMG1,CCTCAGTAGAGTCACG,L2
hMG1,CCTCAGTAGCATTGAA,L2
hMG1,CCTCAGTAGGGTTGCA,L2
hMG1,CCTCAGTCAAACGAGC,L1
hMG1,CCTCAGTCAAATAGCA,L2
hMG1,CCTCAGTCACAGCCAC,L1
hMG1,CCTCAGTGTTTCTTAC,L2
hMG1,CCTCAGTTCAAAGACA,L2
hMG1,CCTCAGTTCGTAGCCG,Basal
hMG1,CCTCAGTTCTAGTGTG,L2
hMG1,CCTCATGAGAGCGACT,L1
hMG1,CCTCATGAGATGAATC,L1
hMG1,CCTCATGAGCATCAAA,L2
hMG1,CCTCATGCAAATGGTA,L2
hMG1,CCTCATGCAGGAATCG,L2
hMG1,CCTCATGGTATAGGGC,L2
hMG1,CCTCATGGTCGAAACG,L2
hMG1,CCTCATGGTGAATAAC,L1
hMG1,CCTCATGGTTTAGTCG,L2
hMG1,CCTCATGTCATTCCTA,L2
hMG1,CCTCATGTCCAGCTCT,L2
hMG1,CCTCCAAAGATTACCC,L2
hMG1,CCTCCAAAGGCACAAC,L1
hMG1,CCTCCAAAGGCATCGA,L1
hMG1,CCTCCAAAGGTAGACC,L1
hMG1,CCTCCAACACCCTGTT,L1
hMG1,CCTCCAACAGCGAACA,L1
hMG1,CCTCCAACATATGCGT,L1
hMG1,CCTCCAAGTCTACGTA,L2
hMG1,CCTCCAAGTGACTCTA,L2
hMG1,CCTCCAAGTGTATTGC,L2
hMG1,CCTCCAAGTTCCGGTG,L2
hMG1,CCTCCAATCTGCGGAC,L2
hMG1,CCTCCTCAGCTTTCTT,L1
hMG1,CCTCCTCAGGTAACTA,L2
hMG1,CCTCCTCCACGACGCT,L2
hMG1,CCTCCTCGTCCAGGTC,L2
hMG1,CCTCCTCGTCGCACAC,L2
hMG1,CCTCCTCTCTCTCAAT,L2
hMG1,CCTCCTCTCTGGCCGA,L2
hMG1,CCTCTAGAGACCTCAT,L2
hMG1,CCTCTAGAGCGCACAA,L1
hMG1,CCTCTAGAGTTGCGCC,L2
hMG1,CCTCTAGCAATCCTAG,L2
hMG1,CCTCTAGCATGCACTA,L1
hMG1,CCTCTAGGTCCTACGG,L1
hMG1,CCTCTAGGTCGAACAG,L1
hMG1,CCTCTAGGTGATTCAC,L2
hMG1,CCTCTAGGTTACACAC,L2
hMG1,CCTCTAGGTTCAAAGA,Basal
hMG1,CCTCTAGGTTGCTAGT,L2
hMG1,CCTCTCCAGGATGGCT,L2
hMG1,CCTCTCCAGGCTCAAG,L2
hMG1,CCTCTCCCAAATAAGC,L2
hMG1,CCTCTCCCAAATGGCG,L2
hMG1,CCTCTCCCAACGATTC,L1
hMG1,CCTCTCCCAAGGACAC,L2
hMG1,CCTCTCCCACAAATCC,L2
hMG1,CCTCTCCCAGCGCGTT,Basal
hMG1,CCTCTCCCATCTTAGG,L2
hMG1,CCTCTCCGTGCCAAGA,L2
hMG1,CCTCTCCTCGTTCCCA,L2
hMG1,CCTGCATCAACCACGC,L2
hMG1,CCTGCATCACAAGGTG,L2
hMG1,CCTGCATCACGAGAAC,L1
hMG1,CCTGCATCAGGACGAT,L2
hMG1,CCTGCATCAGTCACGC,L2
hMG1,CCTGCATCATCCCACT,L2
hMG1,CCTGCATCATGGAACG,L2
hMG1,CCTGCATGTGATTAGA,L1
hMG1,CCTGCATGTGCCCTTT,L2
hMG1,CCTGCATTCACCGACG,L1
hMG1,CCTGCATTCGCTTACC,L1
hMG1,CCTGCATTCGTCCTCA,L2
hMG1,CCTGTTGAGATTGGGC,L2
hMG1,CCTGTTGAGCGATTCT,L2
hMG1,CCTGTTGAGTGTACAA,L1
hMG1,CCTGTTGCACAGTCAT,L2
hMG1,CCTGTTGCACCATTCC,L2
hMG1,CCTGTTGGTGGCTCTG,L2
hMG1,CCTGTTGGTTCTCCCA,L2
hMG1,CCTGTTGTCAAGAAAC,L2
hMG1,CCTGTTGTCCAGTGTA,L2
hMG1,CCTGTTGTCCGCAAAT,L1
hMG1,CCTGTTGTCTCGGCTT,Basal
hMG1,CCTGTTGTCTGTTCAT,L2
hMG1,CCTTCAGCAACTAGAA,L2
hMG1,CCTTCAGCAACTTGCA,L2
hMG1,CCTTCAGCACACCTGG,L2
hMG1,CCTTCAGTCCATTGCC,L2
hMG1,CCTTCAGTCTCCTGCA,L2
hMG1,CCTTGTGAGAACTTCC,L2
hMG1,CCTTGTGAGAGCAAGA,L1
hMG1,CCTTGTGAGGACGGAG,L1
hMG1,CCTTGTGAGGGATCGT,L2
hMG1,CCTTGTGCACGCAAAG,L2
hMG1,CCTTGTGCACTCCGAG,L1
hMG1,CCTTGTGGTTATGTCG,L2
hMG1,CCTTGTGTCACATTGG,L2
hMG1,CCTTTGGCACCAGTAT,L1
hMG1,CCTTTGGCATGCCGAC,L2
hMG1,CCTTTGGCATGTGACT,L2
hMG1,CCTTTGGGTAACCCTA,L2
hMG1,CCTTTGGTCAATCCGA,L2
hMG1,CCTTTGGTCCCACAGG,L1
hMG1,CCTTTGGTCCGAGGCT,L2
hMG1,CCTTTGGTCTGAGTCA,L1
hMG1,CGAAGGAAGAGGATGA,L2
hMG1,CGAAGGAAGGGACCAT,L2
hMG1,CGAAGGACAACATACC,L2
hMG1,CGAAGGACAGGACTAG,L2
hMG1,CGAAGGACAGTTAGAA,L2
hMG1,CGAAGGACATAATCGC,L2
hMG1,CGAAGGACATTCATCT,L2
hMG1,CGAAGGAGTACACTCA,L1
hMG1,CGAAGGAGTCAGGAGT,L2
hMG1,CGAAGGAGTGAACTAA,L2
hMG1,CGAAGGAGTTCCTACC,L1
hMG1,CGAAGGATCGACGCGT,L1
hMG1,CGAAGGATCGCCGATG,L2
hMG1,CGAAGTTAGAGAAGGT,L2
hMG1,CGAAGTTAGGGAGTTC,L2
hMG1,CGAAGTTCACCAGCTG,L2
hMG1,CGAAGTTCAGATCCAT,L2
hMG1,CGAAGTTCAGCCTTCT,L2
hMG1,CGAAGTTCAGTTAGAA,L2
hMG1,CGAAGTTCATCATTTC,L2
hMG1,CGAAGTTGTATCATGC,L2
hMG1,CGAAGTTGTCATCTAG,L2
hMG1,CGAAGTTGTCGTGGTC,Basal
hMG1,CGAAGTTTCGGAATTC,L2
hMG1,CGAATTGAGTCATGCT,L2
hMG1,CGAATTGCAGCAGTTT,L1
hMG1,CGAATTGCATCCGAAT,L2
hMG1,CGAATTGCATTCTGTT,L2
hMG1,CGAATTGGTCTGTGAT,L2
hMG1,CGAATTGTCGGTCACG,L1
hMG1,CGACAGCAGTAGTCCT,L1
hMG1,CGACAGCCACGTGTGC,L2
hMG1,CGACAGCCAGAAGTTA,L1
hMG1,CGACAGCCAGAATCGG,L2
hMG1,CGACAGCCAGACCTAT,L2
hMG1,CGACAGCCATCCGATA,L2
hMG1,CGACAGCGTTCTGAGT,L2
hMG1,CGACAGCGTTGACTAC,L1
hMG1,CGACAGCTCCTATTTG,L2
hMG1,CGACAGCTCCTCAGAA,L1
hMG1,CGAGAAGCAAAGAGTT,L2
hMG1,CGAGAAGCAACAACAA,L1
hMG1,CGAGAAGCAATCTCGA,L2
hMG1,CGAGAAGCATGAGTAA,L2
hMG1,CGAGAAGGTAGAGACC,L1
hMG1,CGAGAAGGTGTCCACG,L2
hMG1,CGAGAAGTCGTTGCCT,Basal
hMG1,CGAGGAAAGTGTTGTC,L2
hMG1,CGAGGAACAAATGGTA,L1
hMG1,CGAGGAACAGCAGACA,L1
hMG1,CGAGGAAGTCAGTTTG,L2
hMG1,CGAGGAAGTTACGCCG,L2
hMG1,CGAGGAAGTTATGTCG,L1
hMG1,CGAGGAAGTTGCCAAT,L1
hMG1,CGAGGAATCGTGCATA,L2
hMG1,CGAGGAATCGTGTGGC,L1
hMG1,CGAGGAATCTACACTT,L1
hMG1,CGAGGAATCTCCGCAT,L2
hMG1,CGAGGCTAGACCTTTG,L2
hMG1,CGAGGCTAGCACTCGC,L1
hMG1,CGAGGCTAGTGGTGGT,L2
hMG1,CGAGGCTCACCAGACC,L2
hMG1,CGAGGCTCAGCACGAA,L1
hMG1,CGAGGCTCATGACTAC,L2
hMG1,CGAGGCTGTTAGAGAT,Basal
hMG1,CGAGGCTTCCTGCCAT,L1
hMG1,CGAGTGCAGCTCTATG,L1
hMG1,CGAGTGCAGTGCCCGT,L2
hMG1,CGAGTGCCAATCTGCA,L2
hMG1,CGAGTGCCAATGAGCG,L2
hMG1,CGAGTGCCACGCGTCA,L2
hMG1,CGAGTGCCATTCTCCG,L2
hMG1,CGAGTGCGTAGGGTAC,L2
hMG1,CGAGTGCGTGCCCTTT,L2
hMG1,CGAGTGCGTGCGTTTA,L1
hMG1,CGAGTGCGTGCTCCGA,L2
hMG1,CGAGTGCTCCATGCAA,L1
hMG1,CGAGTTAAGCACTAAA,L2
hMG1,CGAGTTACACAACGTT,L1
hMG1,CGAGTTAGTGGCCACT,L2
hMG1,CGAGTTAGTTAGTTCG,L1
hMG1,CGAGTTATCCGTTGGG,L2
hMG1,CGATCGGAGAAAGCGA,L1
hMG1,CGATCGGAGTCATCCA,L2
hMG1,CGATCGGCAAAGCAAT,Basal
hMG1,CGATCGGCAACACACT,L1
hMG1,CGATCGGCAAGCGCAA,L2
hMG1,CGATCGGCATAATGCC,L2
hMG1,CGATCGGGTACCTGTA,L1
hMG1,CGATCGGGTCAGGCAA,L2
hMG1,CGATCGGTCGAGTCTA,L2
hMG1,CGATCGGTCGGAAACG,Basal
hMG1,CGATCGGTCGTTCTAT,L2
hMG1,CGATCGGTCTTCTTCC,L1
hMG1,CGATGCGCAATGAAAC,L2
hMG1,CGATGCGCACGCAGTC,L2
hMG1,CGATGCGCAGACACAG,L2
hMG1,CGATGCGGTAATTGGA,L2
hMG1,CGATGCGGTACGGTTT,L2
hMG1,CGATGCGGTCGCGGTT,L2
hMG1,CGATGCGGTCGGTAAG,L2
hMG1,CGATGCGGTGCTCGTG,L2
hMG1,CGATGCGGTGTTTACG,L2
hMG1,CGATGGCAGACTAGAT,L2
hMG1,CGATGGCCATGTTCGA,L2
hMG1,CGATGGCTCATGCAGT,L2
hMG1,CGCAGGTAGAGGCGTT,L2
hMG1,CGCAGGTAGCGCGTTC,L2
hMG1,CGCAGGTAGGCTCCCA,L2
hMG1,CGCAGGTAGTATGCAA,L2
hMG1,CGCAGGTCACATTCGA,L2
hMG1,CGCAGGTTCCTGTAAG,L2
hMG1,CGCATAAAGACTCAAA,Basal
hMG1,CGCATAAAGCGTGAAC,L2
hMG1,CGCATAAAGGTAGCAC,L2
hMG1,CGCATAAGTATCGTGT,L2
hMG1,CGCATAATCGCCCAGA,L2
hMG1,CGCATAATCGGCTGTG,Basal
hMG1,CGCATAATCTAAGCCA,L2
hMG1,CGCATAATCTTCACAT,L1
hMG1,CGCATGGAGGTAATCA,L2
hMG1,CGCATGGCAATGGCCC,L1
hMG1,CGCATGGCAGCAGTTT,L2
hMG1,CGCATGGCATGTCTAG,L1
hMG1,CGCATGGGTATCGCAT,L1
hMG1,CGCATGGGTTCTCACC,L2
hMG1,CGCATGGTCCACGTGG,Basal
hMG1,CGCATGGTCCATCTGC,Basal
hMG1,CGCATGGTCCCTATTA,L2
hMG1,CGCCAGAAGCCTAGGA,L2
hMG1,CGCCAGAAGTCCCGAC,L2
hMG1,CGCCAGAAGTCTTCCC,L1
hMG1,CGCCAGACAAGACCGA,L2
hMG1,CGCCAGACACCAACAT,L2
hMG1,CGCCAGAGTGAAAGTT,L1
hMG1,CGCCAGAGTGAGAACC,L2
hMG1,CGCCAGAGTGCCCGTA,Basal
hMG1,CGCCAGAGTTGGAGGT,L1
hMG1,CGCCAGATCATGCTAG,L2
hMG1,CGCCAGATCCGTGTAA,L1
hMG1,CGCCAGATCGAGGCAA,L2
hMG1,CGCCAGATCGTAATGC,L2
hMG1,CGCCAGATCTTAGCAG,L2
hMG1,CGCCATTAGCTCCACG,L2
hMG1,CGCCATTAGCTCGGCT,L1
hMG1,CGCCATTCAATGCAAA,Basal
hMG1,CGCCATTCATCCCGTT,L2
hMG1,CGCCATTCATGGCCAC,L2
hMG1,CGCCATTCATGGGTTT,L2
hMG1,CGCCATTGTACGTAGG,L2
hMG1,CGCCATTGTATTAAGG,L2
hMG1,CGCCATTGTGATAGTA,L2
hMG1,CGCCATTGTTGGGCCT,L2
hMG1,CGCCATTTCAGGTAAA,L1
hMG1,CGCCATTTCCCATGGG,L2
hMG1,CGCGTGAAGCTAGAGC,L2
hMG1,CGCGTGAAGGCTCCCA,L1
hMG1,CGCGTGAAGGGTGAGG,L1
hMG1,CGCGTGAAGTTCCGGC,L2
hMG1,CGCGTGACAATAAGGT,L2
hMG1,CGCGTGACACCCAAGC,L2
hMG1,CGCGTGACACCTGCAG,L2
hMG1,CGCGTGAGTCAGCGTC,Basal
hMG1,CGCGTGAGTCATAACC,L2
hMG1,CGCGTGAGTTCCTAAG,L2
hMG1,CGCGTGATCAGTCAGT,L1
hMG1,CGCGTGATCTCCGTGT,L2
hMG1,CGCGTGATCTCTCTAA,L2
hMG1,CGGAACCAGACCTCAT,L1
hMG1,CGGAACCAGATGAAGG,L2
hMG1,CGGAACCAGGATGGCT,L2
hMG1,CGGAACCAGTCCTGTA,L1
hMG1,CGGAACCCACAAATGA,L2
hMG1,CGGAACCCAGCTACCG,L1
hMG1,CGGAACCCATCTAACG,L2
hMG1,CGGAACCGTGATTCAC,L2
hMG1,CGGAACCGTTCTATCT,L1
hMG1,CGGAACCTCCAAACCA,Basal
hMG1,CGGAACCTCGCTTACC,L2
hMG1,CGGAACCTCTGTAAGC,L2
hMG1,CGGAATTAGCAGTAAT,L2
hMG1,CGGAATTCAAGCTGTT,L2
hMG1,CGGAATTCATGTCTAG,L2
hMG1,CGGAATTGTAAGCTCT,L2
hMG1,CGGACACAGTAACGTA,L2
hMG1,CGGACACAGTTTCTTC,L1
hMG1,CGGACACCAAGTCCCG,L1
hMG1,CGGACACCATAGTCGT,L2
hMG1,CGGACACGTCCGGCAT,L2
hMG1,CGGACACTCCGGCAGT,L2
hMG1,CGGACACTCGAACGGA,L1
hMG1,CGGACACTCTAGATCG,L1
hMG1,CGGAGAAAGCTGAAAT,L2
hMG1,CGGAGAAAGGGCAGGA,L2
hMG1,CGGAGAAAGTCTGCAT,L2
hMG1,CGGAGAACAACGATTC,L1
hMG1,CGGAGAAGTGGCTGAA,L1
hMG1,CGGAGAAGTTCGTACA,Basal
hMG1,CGGAGAATCAAACCCA,L2
hMG1,CGGAGAATCAGTGATC,Basal
hMG1,CGGAGAATCGACCATA,L1
hMG1,CGGAGAATCGTGGTAT,L2
hMG1,CGGAGAATCTGAGAAA,L2
hMG1,CGGAGAATCTGCATGA,L1
hMG1,CGGAGAATCTGTGCTC,L2
hMG1,CGGCAGTAGCATTTCG,L2
hMG1,CGGCAGTAGGCCTTGC,L2
hMG1,CGGCAGTAGGGTTTCT,L2
hMG1,CGGCAGTCACTTGAGT,L2
hMG1,CGGCAGTGTCCTCCAT,L2
hMG1,CGGCAGTTCATTGCTT,Basal
hMG1,CGGCAGTTCCATTCAT,L1
hMG1,CGGCAGTTCGTTCTAT,L2
hMG1,CGGGACTAGGAACTCG,L1
hMG1,CGGGACTAGGTGATAT,L2
hMG1,CGGGACTCAGCGTAGA,L1
hMG1,CGGGACTCATGCACTA,L2
hMG1,CGGGACTGTGAGACGT,L1
hMG1,CGGGACTTCCTACGGG,L2
hMG1,CGGGACTTCGTGCTCT,L1
hMG1,CGGGACTTCTAGGCAT,L2
hMG1,CGGGCATAGAGAACCC,L2
hMG1,CGGGCATAGCAGCCCT,L1
hMG1,CGGGCATAGCCAACCC,L1
hMG1,CGGGCATAGCTCCCTT,L2
hMG1,CGGGCATCAACACGTT,L2
hMG1,CGGGCATCAAGGAGTC,L1
hMG1,CGGGCATGTACAATAG,L2
hMG1,CGGGCATGTACCATAC,L2
hMG1,CGGGCATGTTGCCATA,L1
hMG1,CGGGCATTCATGCCAA,L2
hMG1,CGGGCATTCCGTAGTA,L2
hMG1,CGGGCATTCGGACGTC,L1
hMG1,CGGGCATTCTCGGTCT,L2
hMG1,CGGGTCAAGATTGACA,L2
hMG1,CGGGTCAAGCCAGAGT,L2
hMG1,CGGGTCAAGCTAAACA,L2
hMG1,CGGGTCACAAAGAGTT,L2
hMG1,CGGGTCACACTAGGCC,L1
hMG1,CGGGTCACAGACAATA,L1
hMG1,CGGGTCAGTGTTCGAT,L2
hMG1,CGGGTCAGTTGTGCAT,L1
hMG1,CGGGTCATCGATCCCT,L1
hMG1,CGGGTGTAGTTAGAAC,L2
hMG1,CGGGTGTCAACTCGTA,L2
hMG1,CGGGTGTCAATTGCTG,L2
hMG1,CGGGTGTCAGAGAAAG,L1
hMG1,CGGGTGTCATTAGGAA,L2
hMG1,CGGGTGTGTAACAGGC,L2
hMG1,CGGTCAGAGAGCATTA,L2
hMG1,CGGTCAGAGCAGTACG,Basal
hMG1,CGGTCAGAGCTAGATA,L2
hMG1,CGGTCAGAGGAGTACC,L2
hMG1,CGGTCAGAGGTGCTGA,L1
hMG1,CGGTCAGAGTGGACTG,L2
hMG1,CGGTCAGCACGGCGTT,L2
hMG1,CGGTCAGGTACGGGAT,L2
hMG1,CGGTCAGGTCTTCCGT,L2
hMG1,CGGTCAGGTGTCTTGA,L2
hMG1,CGGTCAGGTGTGGACA,L2
hMG1,CGGTCAGTCTCTCAAT,L2
hMG1,CGTAAGTAGGCATGCA,L2
hMG1,CGTAAGTAGTGTTCAC,L1
hMG1,CGTAAGTCACCAGCCA,L2
hMG1,CGTAAGTCATAGATGA,Basal
hMG1,CGTAAGTCATGCGGTC,L2
hMG1,CGTAAGTGTCGTGGTC,L1
hMG1,CGTAAGTGTGTCTTCC,L2
hMG1,CGTAAGTTCATGTCAG,L1
hMG1,CGTAAGTTCTCGGTAA,L2
hMG1,CGTAATGAGCAGTACG,L2
hMG1,CGTAATGAGTTCATCG,L2
hMG1,CGTAATGCACATTCTT,L2
hMG1,CGTAATGCACCAGCCA,L2
hMG1,CGTAATGCACTAAACC,L2
hMG1,CGTAATGCATAAGATG,L2
hMG1,CGTAATGGTACCCACG,L2
hMG1,CGTAATGTCAACACGT,L2
hMG1,CGTAATGTCCCATAAG,L1
hMG1,CGTAATGTCGCAATGT,L1
hMG1,CGTAGTAAGGGTCTTT,L1
hMG1,CGTAGTACAAGTCCAT,L2
hMG1,CGTAGTACAGAACTAA,L2
hMG1,CGTAGTACATGTAACC,L2
hMG1,CGTAGTACATTCAGCA,L1
hMG1,CGTAGTAGTCTCTCTG,L2
hMG1,CGTAGTAGTTCACGAT,L2
hMG1,CGTAGTAGTTCTCTCG,Basal
hMG1,CGTAGTATCGTAATGC,L2
hMG1,CGTCAAAAGCTCACTA,L2
hMG1,CGTCAAAAGCTGGCCT,L2
hMG1,CGTCAAACACAATGAA,L2
hMG1,CGTCAAACAGAGAAAG,L2
hMG1,CGTCAAACAGATTAAG,L2
hMG1,CGTCAAAGTAGGACCA,L1
hMG1,CGTCAAAGTCATCGGC,L1
hMG1,CGTCAAAGTTCTCACC,L2
hMG1,CGTCAAATCCTGGGAC,L2
hMG1,CGTCAAATCGGTAACT,Basal
hMG1,CGTCCATAGAAACCAT,L1
hMG1,CGTCCATAGAATCTAG,L2
hMG1,CGTCCATAGCAACTTC,L2
hMG1,CGTCCATAGCGCCATC,L2
hMG1,CGTCCATCACAAGCCC,L1
hMG1,CGTCCATCACCCAATA,L1
hMG1,CGTCCATCAGGGATAC,L2
hMG1,CGTGAATAGCTCTGTA,L2
hMG1,CGTGAATAGGGATCAC,L2
hMG1,CGTGAATAGTGCCGAA,L1
hMG1,CGTGAATCAACACAAA,L2
hMG1,CGTGAATCAACCGTAT,L2
hMG1,CGTGAATCAGTTACCA,L1
hMG1,CGTGAATCATCTCATT,L2
hMG1,CGTGAATGTAGAGGAA,L2
hMG1,CGTGAATGTCGTACTA,L2
hMG1,CGTGAATTCGTAGCCG,L1
hMG1,CGTGATAAGGTCATTC,L2
hMG1,CGTGATAAGTGTAGAT,L2
hMG1,CGTGATACACAGAAGC,L1
hMG1,CGTGATACAGCAGGAT,Basal
hMG1,CGTGATACATTATGCG,L2
hMG1,CGTGATAGTACGATGG,L2
hMG1,CGTGATAGTCAATGGG,L2
hMG1,CGTGATAGTCCGGTGT,L2
hMG1,CGTGATAGTCCTTGTC,L2
hMG1,CGTGATATCGGTCTGG,L2
hMG1,CGTGCTTAGATGGGCT,L2
hMG1,CGTGCTTAGGCCTAGA,L2
hMG1,CGTGCTTCAATAGTAG,L2
hMG1,CGTGCTTCAATTTCTC,L2
hMG1,CGTGCTTCACGACTAT,L1
hMG1,CGTGCTTCACTCGATA,L2
hMG1,CGTGCTTCAGCTGTTA,L2
hMG1,CGTGCTTGTCGTATTG,L1
hMG1,CGTGCTTGTCGTCAGC,L1
hMG1,CGTGTCTAGACTTCAC,L1
hMG1,CGTGTCTAGAGCAAGA,L1
hMG1,CGTGTCTAGTGCGTCC,L2
hMG1,CGTGTCTCAACTGTGT,L2
hMG1,CGTGTCTCATATAGCC,L1
hMG1,CGTGTCTGTAGATGTA,Basal
hMG1,CGTGTCTGTAGGCTGA,L2
hMG1,CGTGTCTGTCGTTATG,L1
hMG1,CGTGTCTGTCTGTCAA,L2
hMG1,CGTGTCTGTTCATCTT,L2
hMG1,CGTGTCTGTTGGGCCT,L1
hMG1,CGTGTCTGTTGTTTGG,L2
hMG1,CGTGTCTTCACCCTCA,Basal
hMG1,CGTGTCTTCCCACAGG,L1
hMG1,CGTGTCTTCCCGTTCA,L2
hMG1,CGTGTCTTCGTCCATC,L2
hMG1,CGTTAGAAGTCCCGAC,L2
hMG1,CGTTAGACACTTCATT,L1
hMG1,CGTTAGACAGAAGCTG,L2
hMG1,CGTTAGACAGGGACTA,L2
hMG1,CGTTAGACAGTCTACA,L2
hMG1,CGTTAGAGTCTACACA,Basal
hMG1,CGTTCTGAGCCGGAAT,L2
hMG1,CGTTCTGAGCTCGGCT,L2
hMG1,CGTTCTGCAACCAGAG,L2
hMG1,CGTTCTGCACTAACGT,L2
hMG1,CGTTCTGCATATGAAG,L1
hMG1,CGTTCTGGTTCAGTAC,Basal
hMG1,CGTTCTGTCATGCAGT,L2
hMG1,CGTTCTGTCCCTCGAT,L2
hMG1,CGTTCTGTCGCTAATG,L2
hMG1,CGTTCTGTCGGATACT,L2
hMG1,CGTTCTGTCTCAGTCC,L2
hMG1,CGTTCTGTCTGGACTA,L2
hMG1,CGTTGGGAGCCTGTCG,L1
hMG1,CGTTGGGAGGTACTGG,Basal
hMG1,CGTTGGGCAAATGAAC,L1
hMG1,CGTTGGGCACTCCGGA,L2
hMG1,CGTTGGGCAGTTGAAA,L2
hMG1,CGTTGGGCATTCTGTT,L2
hMG1,CGTTGGGCATTGACAC,L2
hMG1,CGTTGGGGTCGCTTGG,L1
hMG1,CGTTGGGGTGATCGTT,L1
hMG1,CGTTGGGGTGTGAATA,L1
hMG1,CGTTGGGTCCAGTTCC,L2
hMG1,CGTTGGGTCCGATAGT,L1
hMG1,CGTTGGGTCGGCTGAC,L1
hMG1,CTAACCCAGCTCCATA,L1
hMG1,CTAACCCAGTAGATCA,L2
hMG1,CTAACCCCATTGCCGG,L1
hMG1,CTAACCCGTGCGCTCA,L2
hMG1,CTAACCCTCATCCTGC,L2
hMG1,CTAACCCTCCTACCGT,L2
hMG1,CTAACCCTCGTAGGAG,L1
hMG1,CTAACCCTCGTTGCCT,L2
hMG1,CTAACTTAGCCTCTGG,L2
hMG1,CTAACTTAGCGAGTCA,L2
hMG1,CTAACTTCAAACCATC,L2
hMG1,CTAACTTCAATGTCTG,L2
hMG1,CTAACTTCAGGTCTCG,L2
hMG1,CTAACTTCATCGCTAA,Basal
hMG1,CTAACTTGTGCACGCT,L2
hMG1,CTAACTTTCACTTATC,L1
hMG1,CTAACTTTCTTCTTCC,L1
hMG1,CTAAGTGAGGTTACCT,L2
hMG1,CTAAGTGAGGTTAGTA,L2
hMG1,CTAAGTGCAATAGAGT,L2
hMG1,CTAAGTGCACTGATTG,L2
hMG1,CTAAGTGCAGCCATTA,L2
hMG1,CTAAGTGCATAATGCC,L2
hMG1,CTAAGTGCATCGCTGG,L2
hMG1,CTAAGTGGTGATCATC,L1
hMG1,CTAAGTGGTGTCCGTG,L2
hMG1,CTAAGTGGTTTGACAC,L2
hMG1,CTACAGACACAATGCT,L2
hMG1,CTACAGACAGAATTCC,L2
hMG1,CTACAGAGTCAAGCGA,L2
hMG1,CTACAGAGTCTGTCCT,L2
hMG1,CTACAGAGTGCCTGCA,L2
hMG1,CTACAGATCGGCCCAA,L2
hMG1,CTACAGATCTAGTTCT,L2
hMG1,CTACATTAGGGCGAGA,L1
hMG1,CTACATTAGGTGCTAG,L2
hMG1,CTACATTCAAGCGCTC,L1
hMG1,CTACATTCACAGCGCT,L2
hMG1,CTACATTCACGCAGTC,L1
hMG1,CTACATTCACTACCGG,L2
hMG1,CTACATTCAGTTAGAA,L2
hMG1,CTACATTCATCGTGGC,L2
hMG1,CTACATTGTTGCGGAA,L2
hMG1,CTACATTTCTAGTCAG,L2
hMG1,CTACCCAAGAAGTCAT,L2
hMG1,CTACCCAAGATTGGGC,L1
hMG1,CTACCCAAGTGAGGCT,L2
hMG1,CTACCCACACCAGCTG,L2
hMG1,CTACCCACACTTCCTG,L2
hMG1,CTACCCACATCAGTGT,L2
hMG1,CTACCCAGTAGAGATT,L2
hMG1,CTACCCAGTGCAGTGA,L2
hMG1,CTACCCAGTGGGTTGA,L2
hMG1,CTACCCAGTGTTGACT,L1
hMG1,CTACCTGAGCCGATAG,L1
hMG1,CTACCTGAGCTGACTT,L2
hMG1,CTACCTGAGGGTAATT,L2
hMG1,CTACCTGCAAACTAGA,L2
hMG1,CTACCTGCACGAAGAC,L2
hMG1,CTACCTGCACGCGTGT,L2
hMG1,CTACCTGCACTAGGTT,L1
hMG1,CTACCTGGTAACATCC,L2
hMG1,CTACCTGGTCGATTAC,L2
hMG1,CTACCTGGTGCCGGTT,L2
hMG1,CTACGGGAGGCGCTCT,L1
hMG1,CTACGGGCAAGCTCTA,L2
hMG1,CTACGGGCAGTTTGGT,L2
hMG1,CTACGGGTCAGACATC,L2
hMG1,CTACGGGTCCTACAAG,L1
hMG1,CTACGGGTCGAGATGG,L1
hMG1,CTACTATAGCCACAAG,Basal
hMG1,CTACTATAGGATCACG,L2
hMG1,CTACTATCACCAGTAT,Basal
hMG1,CTACTATCAGAAGCTG,L1
hMG1,CTACTATCAGCACCCA,L2
hMG1,CTACTATGTACCCACG,L1
hMG1,CTACTATGTGAGCGAT,L2
hMG1,CTACTATTCGAACGCC,L2
hMG1,CTACTATTCTTCCCAG,L1
hMG1,CTAGACACAGGAAGTC,L2
hMG1,CTAGACACATATACCG,L2
hMG1,CTAGACAGTACCTAAC,L2
hMG1,CTAGACAGTCACCGCA,L2
hMG1,CTAGACAGTCTGTGAT,L2
hMG1,CTAGACAGTGACTATC,L2
hMG1,CTAGACAGTTGTGGAG,L1
hMG1,CTAGGTAAGAATCTAG,L1
hMG1,CTAGGTAAGAGGGTAA,L2
hMG1,CTAGGTAAGAGTTGCG,Basal
hMG1,CTAGGTAAGCAGCACA,L2
hMG1,CTAGGTAAGGAGAATG,L2
hMG1,CTAGGTAAGTATTAGG,L2
hMG1,CTAGGTACATGAGAAT,L2
hMG1,CTAGGTATCAATCTCT,L2
hMG1,CTAGGTATCCTCTCGA,Basal
hMG1,CTAGGTATCTTCTGTA,L1
hMG1,CTATAGGAGCGCCGTT,L1
hMG1,CTATAGGCAGAGGACT,L2
hMG1,CTATAGGCAGCTGTCG,L1
hMG1,CTATAGGCATCGATAC,L2
hMG1,CTATAGGGTAGCGAGT,L1
hMG1,CTATAGGGTGCATCTA,L2
hMG1,CTATAGGGTGGGCTTC,L2
hMG1,CTATAGGGTTAAGGAT,Basal
hMG1,CTATAGGGTTATGTGC,L2
hMG1,CTATAGGTCAGCGCAC,L1
hMG1,CTATCCGAGCAATTAG,L2
hMG1,CTATCCGAGCAATTCC,L2
hMG1,CTATCCGCAAAGCTAA,L2
hMG1,CTATCCGCATTCGGGC,L2
hMG1,CTATCCGCATTGCTGA,L2
hMG1,CTATCCGCATTGTACG,L2
hMG1,CTATCCGGTCTGTTAG,L1
hMG1,CTATCCGGTGCAGTGA,L1
hMG1,CTATCCGTCTGCATAG,L2
hMG1,CTATCTAAGATGCGAC,L2
hMG1,CTATCTAAGATTGACA,L2
hMG1,CTATCTAAGCGCCTAC,L1
hMG1,CTATCTAGTATTCCTT,Basal
hMG1,CTATCTATCAGTGTCA,L1
hMG1,CTCAACCAGGATTACA,L2
hMG1,CTCAACCAGGTTCATC,L1
hMG1,CTCAACCCAAGCGAGT,L2
hMG1,CTCAACCCACAGAGAC,L2
hMG1,CTCAACCCAGCTAACT,L1
hMG1,CTCAACCCATAGAATG,L2
hMG1,CTCAACCGTCCACACG,L2
hMG1,CTCAACCGTCCCTGAG,L1
hMG1,CTCAACCGTCTTGTCC,L2
hMG1,CTCAACCGTTACCCTC,L2
hMG1,CTCAACCTCATACGAC,L1
hMG1,CTCAACCTCCACATAG,L1
hMG1,CTCAACCTCCCGAAAT,L2
hMG1,CTCAACCTCCGTACGG,L1
hMG1,CTCAACCTCCTGGGTG,L2
hMG1,CTCAACCTCGTAGAGG,L1
hMG1,CTCAACCTCTGCTAGA,L2
hMG1,CTCAAGAAGATGTTGA,L2
hMG1,CTCAAGAAGTCTTCGA,L2
hMG1,CTCAAGAAGTGCACAG,L2
hMG1,CTCAAGAAGTTAACGA,L2
hMG1,CTCAAGACACCTCAGG,L2
hMG1,CTCAAGAGTACGTGTT,L1
hMG1,CTCAAGAGTTGCCAAT,L2
hMG1,CTCAAGATCGTGGCGT,L2
hMG1,CTCAATTAGAACGTGC,L1
hMG1,CTCAATTAGGGTGAAA,L1
hMG1,CTCAATTAGTCTGGAG,L2
hMG1,CTCAATTAGTGCAGCA,L2
hMG1,CTCAATTCACTACCGG,L2
hMG1,CTCAATTCAGTCAACT,L2
hMG1,CTCAATTGTACACGCC,L1
hMG1,CTCAATTGTAGTTAGA,L2
hMG1,CTCAATTGTCAACCTA,L1
hMG1,CTCAATTGTCCCTGAG,L2
hMG1,CTCAATTGTGATAGAT,L2
hMG1,CTCAATTTCCACGTCT,L2
hMG1,CTCAATTTCTCGACGG,L1
hMG1,CTCACTGGTTAAGTCC,L2
hMG1,CTCACTGTCATCGCTC,L1
hMG1,CTCACTGTCCTACAAG,L1
hMG1,CTCACTGTCGTGGGAA,L1
hMG1,CTCACTGTCTCCTGAC,Basal
hMG1,CTCAGAAAGGACGGAG,L2
hMG1,CTCAGAAAGGTCATAA,L2
hMG1,CTCAGAACACAATTCG,L1
hMG1,CTCAGAACAGCGTATT,L1
hMG1,CTCAGAACAGTGACCC,L2
hMG1,CTCAGAAGTATGATCC,L2
hMG1,CTCAGAAGTCCCTGTT,L2
hMG1,CTCAGAAGTTCTGAGT,Basal
hMG1,CTCAGAATCCATACAG,L2
hMG1,CTCAGAATCCTGTAAG,L1
hMG1,CTCAGAATCGCGGACT,L2
hMG1,CTCAGAATCGCTTACC,L2
hMG1,CTCAGGGAGCATCCTA,L1
hMG1,CTCAGGGAGTACAGAT,L1
hMG1,CTCAGGGAGTGTTGTC,L2
hMG1,CTCAGGGGTCAAGTTC,L2
hMG1,CTCAGGGGTTCTAACG,L2
hMG1,CTCAGTCAGGTGCTTT,L2
hMG1,CTCAGTCCAATGTCTG,L2
hMG1,CTCAGTCCATGCGGTC,L2
hMG1,CTCAGTCGTGGTTCTA,L1
hMG1,CTCAGTCGTGTTCATG,L1
hMG1,CTCAGTCGTTGCTTGA,L2
hMG1,CTCAGTCGTTTGAACC,L2
hMG1,CTCAGTCTCCAGTTCC,L2
hMG1,CTCAGTCTCGTCAACA,L2
hMG1,CTCATCGAGGCTCCCA,L1
hMG1,CTCATCGCAAAGGCAC,L2
hMG1,CTCATCGCAGTTTGGT,L1
hMG1,CTCATCGGTAGACTGG,Basal
hMG1,CTCATCGGTATCAAGA,L1
hMG1,CTCATCGGTCTCAGGC,L2
hMG1,CTCATCGGTGGTCTGC,L2
hMG1,CTCATCGGTTGTACGT,L2
hMG1,CTCATCGTCGAAATCC,Basal
hMG1,CTCATCGTCGTGGTAT,L2
hMG1,CTCATGCAGATGGTAT,L2
hMG1,CTCATGCAGCTTACGT,L2
hMG1,CTCATGCAGGATTCCT,L1
hMG1,CTCATGCAGTCATGCT,L1
hMG1,CTCATGCAGTGGTTGG,L1
hMG1,CTCATGCAGTTACGAA,Basal
hMG1,CTCATGCCACAGCGCT,L1
hMG1,CTCATGCCACGACCTG,L2
hMG1,CTCATGCGTAGACGTG,L1
hMG1,CTCATGCGTGACATCT,L2
hMG1,CTCATGCTCCACGGGT,L2
hMG1,CTCATGCTCCTTTAGT,L2
hMG1,CTCATTAAGTCTGCAT,L2
hMG1,CTCATTACACATTGTG,L2
hMG1,CTCATTACAGAACTTC,L2
hMG1,CTCATTACAGATCCAT,L1
hMG1,CTCATTACAGCACCCA,L2
hMG1,CTCATTAGTATAATGG,L2
hMG1,CTCATTATCACTGCTC,L2
hMG1,CTCCAACAGTACCGGA,L2
hMG1,CTCCAACAGTGATGGC,L2
hMG1,CTCCAACCAGCTCATA,L2
hMG1,CTCCAACGTAACGGTG,L2
hMG1,CTCCAACGTACCTGTA,L2
hMG1,CTCCAACGTCAAAGAT,L2
hMG1,CTCCAACGTCTCGCGA,L1
hMG1,CTCCAACTCAAGCCCG,L2
hMG1,CTCCAACTCCGCATAA,L2
hMG1,CTCCACAAGATGATTG,L2
hMG1,CTCCACAAGCACACAG,L2
hMG1,CTCCACAAGTGTCATC,L2
hMG1,CTCCACACAGGTCCGT,L2
hMG1,CTCCACACATCGAACT,L2
hMG1,CTCCACAGTATTTCTC,L1
hMG1,CTCCACAGTGATAGAT,Basal
hMG1,CTCCACATCAACCGAT,L2
hMG1,CTCCACATCACTTATC,L2
hMG1,CTCCACATCTCGCTTG,L2
hMG1,CTCCACATCTGAATCG,L2
hMG1,CTCCACATCTGTAACG,L2
hMG1,CTCCATGAGACCACGA,L1
hMG1,CTCCATGAGAGTGGCT,L2
hMG1,CTCCATGAGATGACCG,L2
hMG1,CTCCATGAGGTTTACC,L2
hMG1,CTCCATGCAAGGTTGG,L2
hMG1,CTCCATGCAGCTACAT,L2
hMG1,CTCCATGGTAAGGCCA,L2
hMG1,CTCCATGGTCTGTGTA,L2
hMG1,CTCCATGGTGGCACTC,L2
hMG1,CTCCATGGTTACACAC,L2
hMG1,CTCCATGTCCGATAGT,L2
hMG1,CTCCCAAAGAGTCTTC,L1
hMG1,CTCCCAAAGGACGCTA,L2
hMG1,CTCCCAAAGGGCTGAT,L2
hMG1,CTCCCAAAGTTTGCTG,L2
hMG1,CTCCCAACACATTACG,L2
hMG1,CTCCCAAGTACAGAGC,Basal
hMG1,CTCCCAATCACTCACC,L2
hMG1,CTCCCAATCGCGCCAA,L2
hMG1,CTCCCTCAGAGAGGTA,L2
hMG1,CTCCCTCAGAGCAACC,L2
hMG1,CTCCCTCAGGGTATAT,L2
hMG1,CTCCCTCAGTCGAGGT,L2
hMG1,CTCCCTCAGTCGCCCA,L2
hMG1,CTCCCTCCAATAGTGA,L2
hMG1,CTCCCTCCAGGACGAT,L2
hMG1,CTCCCTCCATGCGGTC,L1
hMG1,CTCCCTCCATTCATCT,L1
hMG1,CTCCCTCGTATAATGG,L1
hMG1,CTCCCTCGTCACTACA,L2
hMG1,CTCCCTCGTGTGTACT,L2
hMG1,CTCCCTCGTTGTAAAG,L1
hMG1,CTCCCTCTCATAGACC,L2
hMG1,CTCCCTCTCCCTCAAC,L2
hMG1,CTCCCTCTCGGCGATC,L2
hMG1,CTCCCTCTCGGTGCAC,L2
hMG1,CTCCGATAGCGAGGAG,L2
hMG1,CTCCGATAGTTCATCG,L2
hMG1,CTCCGATCATGATAGA,L2
hMG1,CTCCGATTCATCAGTG,L2
hMG1,CTCCTCCAGGACAAGA,L2
hMG1,CTCCTCCAGGTGTGAC,L2
hMG1,CTCCTCCAGTTCAACC,L2
hMG1,CTCCTCCCACGAGGTA,L1
hMG1,CTCCTCCCATGAAGCG,L1
hMG1,CTCCTCCGTAGCGATG,L2
hMG1,CTCCTCCGTCCAGCCA,L2
hMG1,CTCCTCCGTGACTCGC,L2
hMG1,CTCCTCCTCGATCCCT,L2
hMG1,CTCCTCCTCGTAGCCG,L1
hMG1,CTCCTCCTCTTGCAAG,L2
hMG1,CTCCTTTAGATAGTCA,L1
hMG1,CTCCTTTAGCGCCTTG,L2
hMG1,CTCCTTTAGCTACTGT,L2
hMG1,CTCCTTTAGGCTTAAA,L2
hMG1,CTCCTTTAGTGACACG,L2
hMG1,CTCCTTTCAAACGGCA,L1
hMG1,CTCCTTTCAACGGCTC,L1
hMG1,CTCCTTTCACTTGGCG,L2
hMG1,CTCCTTTCAGATAAAC,L2
hMG1,CTCCTTTCAGGGAATC,L2
hMG1,CTCCTTTCATGATGCT,L2
hMG1,CTCCTTTGTGACACGA,L2
hMG1,CTCCTTTGTGCAATAA,L1
hMG1,CTCCTTTTCGAGGCAA,L2
hMG1,CTCCTTTTCTGGCCGA,L2
hMG1,CTCCTTTTCTGTAACG,Basal
hMG1,CTCGAGGAGCGCCCAT,L2
hMG1,CTCGAGGAGTGCACAG,L2
hMG1,CTCGAGGCAATAACCC,L2
hMG1,CTCGAGGCACAGTGAG,L2
hMG1,CTCGAGGCACTGGACC,L2
hMG1,CTCGAGGGTAGAATGT,L2
hMG1,CTCGAGGGTCTGATCA,L2
hMG1,CTCGAGGGTGGTCAAG,L2
hMG1,CTCGAGGGTTTAGACC,L2
hMG1,CTCGAGGTCCACCCTA,L2
hMG1,CTCGAGGTCCATGAGT,L2
hMG1,CTCGAGGTCCGACAGC,L2
hMG1,CTCGAGGTCTGGGTCG,L2
hMG1,CTCTCAGAGCCTCATA,L2
hMG1,CTCTCAGAGGACTTCT,L2
hMG1,CTCTCAGAGTAGTCAA,L2
hMG1,CTCTCAGAGTCCGCCA,L2
hMG1,CTCTCAGCAAATAGCA,L1
hMG1,CTCTCAGCACAATGCT,L1
hMG1,CTCTCAGCAGACGCTC,L2
hMG1,CTCTCAGCAGCTATTG,L1
hMG1,CTCTCAGCAGTTAGAA,L2
hMG1,CTCTCAGCATGAATAG,L2
hMG1,CTCTCAGGTGATCGTT,L2
hMG1,CTCTCAGGTGCCCGTA,L2
hMG1,CTCTCAGGTGGCTAGA,L1
hMG1,CTCTCAGTCAGTCAGT,L1
hMG1,CTCTCAGTCATCTGTT,L1
hMG1,CTCTCAGTCGAGTCTA,L2
hMG1,CTCTCAGTCTGGGCAC,L2
hMG1,CTCTCGAAGAAACCCG,L1
hMG1,CTCTCGAAGACCAGCA,L2
hMG1,CTCTCGAAGCCTATCA,L2
hMG1,CTCTCGAAGTATGAAC,L2
hMG1,CTCTCGAAGTTAGAAC,L2
hMG1,CTCTCGACAATGTGGG,L2
hMG1,CTCTCGACACTGCACG,L2
hMG1,CTCTCGACAGCATACT,L2
hMG1,CTCTCGATCTTGGTGA,L2
hMG1,CTCTGGTAGATAACGT,L2
hMG1,CTCTGGTAGCCTTCTC,L2
hMG1,CTCTGGTAGGCTCACC,L1
hMG1,CTCTGGTAGTCTAGCT,L2
hMG1,CTCTGGTCACTGCGTG,L2
hMG1,CTCTGGTGTAGTTAGA,Basal
hMG1,CTCTGGTGTGTACAGG,L2
hMG1,CTCTGGTGTTAGGGTG,L2
hMG1,CTCTGGTTCAACCTTT,L1
hMG1,CTCTGGTTCGGCTGTG,L1
hMG1,CTGAATGAGGTTGCCC,Basal
hMG1,CTGAATGCAATTTCTC,L1
hMG1,CTGAATGCATACTGTG,L2
hMG1,CTGAATGGTACTGACT,L2
hMG1,CTGAATGGTAGCGCCT,L1
hMG1,CTGAATGGTGTCGATT,L2
hMG1,CTGAATGGTTCGAGCC,Basal
hMG1,CTGAATGTCAATCCGA,L2
hMG1,CTGAATGTCACCTCGT,L2
hMG1,CTGAATGTCAGGGATG,L2
hMG1,CTGAGCGAGGAAACGA,L2
hMG1,CTGAGCGAGGTACAGC,L2
hMG1,CTGAGCGCACGCTATA,L2
hMG1,CTGAGCGCACTCACTC,L2
hMG1,CTGAGCGCAGATCCAT,L1
hMG1,CTGAGCGGTATCGCGC,L2
hMG1,CTGAGCGTCTACGGTA,L2
hMG1,CTGAGGCAGTCCCAGC,L2
hMG1,CTGAGGCCACCGAATT,L2
hMG1,CTGAGGCGTACCTATG,L1
hMG1,CTGAGGCGTGCAGATG,L1
hMG1,CTGAGGCTCTTCTCAA,L2
hMG1,CTGATCCAGAGTCAAT,L2
hMG1,CTGATCCAGCTATCTG,L2
hMG1,CTGATCCAGGCTCAAG,Basal
hMG1,CTGATCCAGGTCATTC,Basal
hMG1,CTGATCCCAACAGTGG,L2
hMG1,CTGATCCCACTTGGCG,L2
hMG1,CTGATCCCATACTGTG,L2
hMG1,CTGATCCGTGTTTCTT,L2
hMG1,CTGATCCTCAACACGT,Basal
hMG1,CTGATCCTCAACGCTA,L2
hMG1,CTGATCCTCACCTCAC,L2
hMG1,CTGATCCTCCGATGTA,L2
hMG1,CTGATCCTCCTGATAG,Basal
hMG1,CTGCAGGAGAAGAGCA,L2
hMG1,CTGCAGGAGATTAGAC,L2
hMG1,CTGCAGGAGTAGGCCA,L2
hMG1,CTGCAGGAGTATGAAC,L2
hMG1,CTGCAGGAGTCCTACA,L1
hMG1,CTGCAGGCAGACGCTC,L2
hMG1,CTGCAGGCATCGGTTA,L2
hMG1,CTGCAGGGTAGCGCCT,L2
hMG1,CTGCAGGGTAGTCTTG,L2
hMG1,CTGCAGGTCTACCCAC,L2
hMG1,CTGCAGGTCTACTGAG,L2
hMG1,CTGCAGGTCTCTGACC,L2
hMG1,CTGCATCAGTATGACA,L2
hMG1,CTGCATCCAATACAGA,L2
hMG1,CTGCATCGTACAACGG,L1
hMG1,CTGCATCGTGCACATT,L1
hMG1,CTGCATCGTGGTCTGC,L2
hMG1,CTGCCATAGGGTACAC,L1
hMG1,CTGCCATCACTTGTGA,L2
hMG1,CTGCCATGTTACAGCT,L1
hMG1,CTGCCATGTTGGGTAG,L2
hMG1,CTGCCATTCCACCCTA,L2
hMG1,CTGCCATTCGCCTATC,L1
hMG1,CTGCCATTCGTTCTAT,L1
hMG1,CTGCCATTCTCAGTCC,L2
hMG1,CTGCCTAAGCGGGTAT,L2
hMG1,CTGCCTACAACACGAG,L1
hMG1,CTGCCTACAATGGCAG,L1
hMG1,CTGCCTACACCATAAC,L1
hMG1,CTGCCTACAGCGTTGC,L2
hMG1,CTGCCTACAGGGTTGA,L2
hMG1,CTGCCTACAGTGCGCT,L1
hMG1,CTGCCTAGTCAGTCCG,L1
hMG1,CTGCCTAGTCATACCA,Basal
hMG1,CTGCCTAGTGAGATAT,Basal
hMG1,CTGCCTAGTGCCCAGT,Basal
hMG1,CTGCCTAGTTGGGCCT,L2
hMG1,CTGCCTATCCCAGGAC,L2
hMG1,CTGCCTATCCCTTGGT,L2
hMG1,CTGCCTATCGACCTAA,L2
hMG1,CTGCGAGCAAGCAGGT,L2
hMG1,CTGCGAGCACATTCGA,L1
hMG1,CTGCGAGCATAACTCG,L2
hMG1,CTGCGAGGTCCGCAGT,L1
hMG1,CTGCGAGTCAAATAGG,L2
hMG1,CTGCGAGTCCAGTACA,L1
hMG1,CTGCGAGTCCCGGTAG,L2
hMG1,CTGCGAGTCTGCAGCG,L1
hMG1,CTGCGAGTCTTGTTAC,L2
hMG1,CTGCTCAAGAAGCCTG,L2
hMG1,CTGCTCAAGTGTTCAC,L2
hMG1,CTGCTCACACCAAATC,L2
hMG1,CTGCTCAGTTGACTAC,L1
hMG1,CTGCTCAGTTTGTGGT,L1
hMG1,CTGCTCATCACGGACC,L2
hMG1,CTGCTCATCCGAGAAG,L2
hMG1,CTGCTCATCTGACCCT,L2
hMG1,CTGGACGAGAAGGGAT,L2
hMG1,CTGGACGTCGCTGACG,L2
hMG1,CTGGACGTCGGCCCAA,L2
hMG1,CTGGACGTCTAGCATG,Basal
hMG1,CTGGACGTCTTCGGAA,L1
hMG1,CTGGCAGAGACATAAC,L2
hMG1,CTGGCAGCAACAAGAT,L2
hMG1,CTGGCAGCACGCTGCA,L2
hMG1,CTGGCAGCAGAAATTG,L2
hMG1,CTGGCAGCATGAATCC,L1
hMG1,CTGGCAGGTCAGACTT,L2
hMG1,CTGGCAGGTCCGGCAT,L2
hMG1,CTGGCAGGTGCCTGAC,L1
hMG1,CTGGCAGGTGTTACTG,L2
hMG1,CTGGCAGGTTCGAGCC,L2
hMG1,CTGGCAGGTTCGTACA,L2
hMG1,CTGGCAGGTTGCTCGG,L2
hMG1,CTGGCAGTCACACCGG,L1
hMG1,CTGGCAGTCCGAGCTG,L1
hMG1,CTGGCAGTCCGATCTC,Basal
hMG1,CTGGCAGTCGCCTATC,L2
hMG1,CTGGTCTAGACCAAGC,L2
hMG1,CTGGTCTAGAGTCCGA,L2
hMG1,CTGGTCTAGCTACTGT,L2
hMG1,CTGGTCTAGGTGCAGT,L2
hMG1,CTGGTCTCAGCATACT,L2
hMG1,CTGGTCTCAGGCACAA,L2
hMG1,CTGGTCTCATAGCACT,L1
hMG1,CTGGTCTGTCACCGCA,L2
hMG1,CTGGTCTGTGAGCCAA,L2
hMG1,CTGGTCTGTTGGACCC,L2
hMG1,CTGTACCAGATTGCGG,L2
hMG1,CTGTACCAGCAGTACG,L2
hMG1,CTGTACCAGCGCGTTC,L2
hMG1,CTGTACCAGTAGGGTC,L1
hMG1,CTGTACCGTAATTGGA,L2
hMG1,CTGTACCGTTTGGAAA,L2
hMG1,CTGTACCTCATTGAGC,L1
hMG1,CTGTAGAAGGTTGGTG,L1
hMG1,CTGTAGACAATCACGT,L2
hMG1,CTGTAGAGTAGTATAG,L2
hMG1,CTGTAGAGTCTCAAGT,L2
hMG1,CTGTAGAGTGGATCGA,L2
hMG1,CTGTAGATCCACGGGT,L1
hMG1,CTGTAGATCGGAGTGA,L1
hMG1,CTGTAGATCTTCGATT,L1
hMG1,CTGTATTAGACCTCCG,L2
hMG1,CTGTATTAGGAGATAG,L2
hMG1,CTGTATTAGGTGATCG,L2
hMG1,CTGTATTCAACCGTAT,L2
hMG1,CTGTATTCACACACTA,L1
hMG1,CTGTATTCAGACCAGA,L1
hMG1,CTGTATTGTCAGGCAA,L2
hMG1,CTGTATTGTCCACAGC,L1
hMG1,CTGTATTGTGAGGCAT,L2
hMG1,CTGTATTGTGCGTTTA,L2
hMG1,CTGTATTTCCACTAGA,L2
hMG1,CTGTATTTCCACTGAA,L2
hMG1,CTGTCGTAGAGGCCAT,L2
hMG1,CTGTCGTAGCGCCTCA,L1
hMG1,CTGTCGTAGTTGCCCG,L2
hMG1,CTGTCGTCAACTCGAT,L2
hMG1,CTGTCGTCACATATGC,L2
hMG1,CTGTCGTCACTTGACA,L1
hMG1,CTGTCGTCAGAGGTAC,L2
hMG1,CTGTCGTGTCATGGCC,L2
hMG1,CTGTCGTTCCTGGTCT,L1
hMG1,CTGTCGTTCGAGATAA,L2
hMG1,CTGTCGTTCGGAACTT,L2
hMG1,CTGTGAAAGTCCCAAT,L2
hMG1,CTGTGAACACAAATGA,L1
hMG1,CTGTGAAGTCCGGACT,L2
hMG1,CTGTGAAGTGTACGCC,L2
hMG1,CTGTGAATCAGCTTGA,L2
hMG1,CTGTGAATCCTTATGT,L2
hMG1,CTGTGAATCCTTTGAT,L2
hMG1,CTGTGGGAGCAGATAT,Basal
hMG1,CTGTGGGAGCCTTTGA,L2
hMG1,CTGTGGGCAGAGGCTA,L2
hMG1,CTGTGGGGTCGAGCTC,L1
hMG1,CTGTGGGGTCGCATCG,L1
hMG1,CTGTGGGGTCGGTGTC,L2
hMG1,CTGTGGGGTGCTAGCC,L2
hMG1,CTGTGGGGTGGCTTAT,L1
hMG1,CTGTGGGTCAGCAGAG,L2
hMG1,CTGTGGGTCCTCATAT,L2
hMG1,CTGTGGGTCGACGTCG,L2
hMG1,CTGTGGGTCGTTACCC,Basal
hMG1,CTGTGGGTCTCTCAAT,L2
hMG1,CTTACCGAGAATACAC,Basal
hMG1,CTTACCGAGAGTCTTC,L1
hMG1,CTTACCGAGCCTCATA,L2
hMG1,CTTACCGAGGCATGCA,L2
hMG1,CTTACCGCAAGTCCCG,L2
hMG1,CTTACCGCACATACGT,L1
hMG1,CTTACCGCACGTAGAG,L2
hMG1,CTTACCGCACTAGGCC,L1
hMG1,CTTACCGCAGATCATC,L1
hMG1,CTTACCGCAGCTTTGA,L2
hMG1,CTTACCGCAGTTAGAA,L2
hMG1,CTTACCGCATGATAGA,L2
hMG1,CTTAGGAAGATAGCTA,L2
hMG1,CTTAGGAAGGTGATCG,Basal
hMG1,CTTAGGACAAGGTACG,L2
hMG1,CTTAGGACAATCGCGC,L1
hMG1,CTTAGGACAATGGCCC,L1
hMG1,CTTAGGACAATTGAGA,L2
hMG1,CTTAGGATCCGTGGCA,L1
hMG1,CTTAGGATCGCCCAGA,L1
hMG1,CTTAGGATCGTTGCCT,Basal
hMG1,CTTAGGATCTGTCGCT,L2
hMG1,CTTCAATAGAAGAGCA,L2
hMG1,CTTCAATAGAGTCGAC,L2
hMG1,CTTCAATAGCCATTCA,L2
hMG1,CTTCAATCAACCTAAC,L1
hMG1,CTTCAATCACCCTGAG,Basal
hMG1,CTTCAATCAGAGTTGG,L2
hMG1,CTTCAATCAGCAGTGA,L2
hMG1,CTTCAATCAGTTGGTT,L1
hMG1,CTTCAATCATCTGGGC,L2
hMG1,CTTCAATCATGACCCG,L2
hMG1,CTTCAATGTACGGTTT,L2
hMG1,CTTCAATGTGGTATGG,L2
hMG1,CTTCAATTCCAAACCA,L1
hMG1,CTTCAATTCTCAGTCC,L2
hMG1,CTTCCGAAGGTGCATG,Basal
hMG1,CTTCCGACACCTCGTT,L2
hMG1,CTTCCGACATGCCGAC,L2
hMG1,CTTCCGACATTCGATG,L1
hMG1,CTTCCGAGTAGTCGTT,L2
hMG1,CTTCCGAGTGTCCAAT,L2
hMG1,CTTCCGATCGAAGCCC,L1
hMG1,CTTCCGATCGTGTCAA,L1
hMG1,CTTCCGATCTCATTTG,L2
hMG1,CTTCCTTAGTAGTGCG,L1
hMG1,CTTCCTTCAAGAGGCT,L2
hMG1,CTTCCTTCACTAGGCC,L2
hMG1,CTTCCTTGTCTCAGGC,Basal
hMG1,CTTCCTTGTTATCTTC,L2
hMG1,CTTCCTTGTTTGGCTA,L2
hMG1,CTTCCTTTCCAATCTT,Basal
hMG1,CTTCCTTTCGGTAAGG,L2
hMG1,CTTCCTTTCGTTGTTT,L1
hMG1,CTTCCTTTCTCATTTG,Basal
hMG1,CTTCGGTAGATAGGGA,L1
hMG1,CTTCGGTAGCTGTTCA,L2
hMG1,CTTCGGTAGGATACAT,L2
hMG1,CTTCGGTCAACTCATG,L2
hMG1,CTTCGGTCAGATGCGA,L1
hMG1,CTTCGGTCATGGCTGC,L2
hMG1,CTTCGGTGTAGAATGT,L2
hMG1,CTTCGGTGTATCGTGT,L2
hMG1,CTTCGGTGTTAGGCTT,L2
hMG1,CTTCGGTGTTCGGTTA,L2
hMG1,CTTCGGTGTTCTCTCG,L2
hMG1,CTTCGGTTCCATTTGT,L1
hMG1,CTTCTAACAAATGCTC,L2
hMG1,CTTCTAACAATTTCCT,L1
hMG1,CTTCTAACAGGCACAA,Basal
hMG1,CTTCTAAGTACTAGCT,L2
hMG1,CTTCTAAGTCAAAGAT,L2
hMG1,CTTCTAATCAGACAAA,L2
hMG1,CTTCTAATCGAGCACC,L2
hMG1,CTTCTAATCTACACAG,L2
hMG1,CTTCTAATCTGATGGT,L2
hMG1,CTTCTAATCTGGGCGT,L1
hMG1,CTTCTCTAGATTAGCA,L1
hMG1,CTTCTCTAGCGACCCT,L2
hMG1,CTTCTCTCAAATGGCG,L2
hMG1,CTTCTCTCAGAGGCAT,L2
hMG1,CTTCTCTGTCATCACA,L2
hMG1,CTTCTCTTCAAGTTGC,L2
hMG1,CTTCTCTTCGAGATAA,Basal
hMG1,CTTCTCTTCGATTTCT,Basal
hMG1,CTTGAGAAGAAACTAC,L2
hMG1,CTTGAGAAGGAATTAC,L2
hMG1,CTTGAGACAAGTGATA,Basal
hMG1,CTTGAGACACGTTCGG,L1
hMG1,CTTGAGAGTAGAATAC,L2
hMG1,CTTGAGAGTTTGCAGT,Basal
hMG1,CTTGAGATCCGTGACG,L2
hMG1,CTTGAGATCTGTCGCT,L1
hMG1,CTTGATTAGACAGCTG,L2
hMG1,CTTGATTAGCATGCGA,L2
hMG1,CTTGATTCACTACCGG,L2
hMG1,CTTGATTCAGTCTTCC,L2
hMG1,CTTGATTGTCGTCATA,L1
hMG1,CTTGATTTCATTACTC,L1
hMG1,CTTGATTTCCATTGCC,L2
hMG1,CTTGATTTCGGTCATA,L2
hMG1,CTTGATTTCTAACGCA,L2
hMG1,CTTGATTTCTCCTGAC,L1
hMG1,CTTTCAAAGACATACA,L1
hMG1,CTTTCAAAGGTCGCCT,L2
hMG1,CTTTCAACAGGGTCTC,L1
hMG1,CTTTCAAGTATCGTGT,L1
hMG1,CTTTCAAGTGAACGGT,L2
hMG1,CTTTCAAGTGTTCGAT,L2
hMG1,CTTTCGGAGAGAATCT,L1
hMG1,CTTTCGGAGTGTTGAA,L1
hMG1,CTTTCGGCAAATAAGC,L2
hMG1,CTTTCGGCAAGAGTGC,L2
hMG1,CTTTCGGCAGAGCGTA,L2
hMG1,CTTTCGGCATATCGGT,L2
hMG1,CTTTCGGGTAAGACCG,L2
hMG1,CTTTCGGGTAAGTTAG,L2
hMG1,CTTTCGGGTCGCATCG,L2
hMG1,CTTTCGGGTTCTCAGA,L1
hMG1,CTTTCGGTCCTGGTCT,L1
hMG1,GAAACCTCAACCCTCT,L2
hMG1,GAAACCTCAGGATGAC,L2
hMG1,GAAACCTGTATGTCCA,L2
hMG1,GAAACCTGTATTCCTT,L2
hMG1,GAAACCTTCATCACCC,L2
hMG1,GAAACCTTCTCAGGCG,L2
hMG1,GAAATGACAATCGCGC,L2
hMG1,GAAATGACACCATAAC,L1
hMG1,GAAATGACACTACCGG,Basal
hMG1,GAAATGACAGATCCTA,L1
hMG1,GAAATGAGTAATACCC,L2
hMG1,GAAATGAGTGTAGGAC,L2
hMG1,GAAATGATCATCTACT,L2
hMG1,GAAATGATCCATAGAC,L2
hMG1,GAACACTAGATTCGCT,L2
hMG1,GAACACTAGGCCTTGC,L1
hMG1,GAACACTAGGTCCTGC,L2
hMG1,GAACACTCAACACTAC,L1
hMG1,GAACACTCAACCACGC,L1
hMG1,GAACACTCAACGGGTA,Basal
hMG1,GAACACTCACCACATA,L2
hMG1,GAACACTCAGTCAACT,L2
hMG1,GAACACTGTACAAAGT,L2
hMG1,GAACACTGTACCAATC,L2
hMG1,GAACACTGTAGTTACC,L1
hMG1,GAACACTGTCATAAAG,L1
hMG1,GAACACTGTCTACACA,L2
hMG1,GAACACTTCACGATCA,L2
hMG1,GAACACTTCCTCTAAT,L2
hMG1,GAACACTTCGCCAACG,L2
hMG1,GAACACTTCGCCGTGA,L1
hMG1,GAACACTTCGGTGTAT,L2
hMG1,GAACACTTCTTTCGAT,L1
hMG1,GAACGTTAGGATACCG,L1
hMG1,GAACGTTCACCTCTAC,L2
hMG1,GAACGTTCAGCACAAG,L1
hMG1,GAACGTTCAGCCCAGT,L2
hMG1,GAACGTTGTAGTCACT,L2
hMG1,GAACGTTGTTACGGAG,L2
hMG1,GAACGTTGTTATTCCT,L1
hMG1,GAACGTTTCATCGGGC,L1
hMG1,GAACGTTTCCCGGTAG,Basal
hMG1,GAACGTTTCGCATAGT,L2
hMG1,GAACGTTTCGGAGCAA,L2
hMG1,GAACTGTAGGAACGCT,L1
hMG1,GAACTGTAGGTGAGAA,L2
hMG1,GAACTGTAGTCAGCCC,L2
hMG1,GAACTGTCAGAATTCC,L2
hMG1,GAACTGTGTATGCTAC,L2
hMG1,GAACTGTTCATCTATC,L2
hMG1,GAACTGTTCCAACTAG,L1
hMG1,GAAGAATCAATGAACA,L1
hMG1,GAAGAATCAGTATGAA,L2
hMG1,GAAGAATCATCCGGTG,L2
hMG1,GAAGAATGTAGGTGCA,L2
hMG1,GAAGAATGTTTGCAGT,L1
hMG1,GAAGAATTCAAATGAG,L2
hMG1,GAAGAATTCAACGTGT,L2
hMG1,GAAGAATTCAGGTAAA,L2
hMG1,GAAGAATTCGGACTGC,Basal
hMG1,GAAGAATTCGGTCTGG,L1
hMG1,GAAGAATTCTGGTGGC,L2
hMG1,GAAGCCCAGACCAGAC,L2
hMG1,GAAGCCCAGGCTCAAG,Basal
hMG1,GAAGCCCAGGCTTCCG,L1
hMG1,GAAGCCCAGTGCCCGT,L2
hMG1,GAAGCCCCAGACACCC,L2
hMG1,GAAGCCCGTAACCCTA,L1
hMG1,GAAGCCCGTAAGAACT,L2
hMG1,GAAGCCCGTACGTACT,L2
hMG1,GAAGCCCTCAGCTCTC,L2
hMG1,GAAGCGAAGCATCTTG,L2
hMG1,GAAGCGAAGCGTCTCG,L2
hMG1,GAAGCGAAGTGAGCCA,L2
hMG1,GAAGCGACAAACCATC,L2
hMG1,GAAGCGACACGCCACA,L2
hMG1,GAAGCGACATAGCTGT,L1
hMG1,GAAGCGACATCGTGCG,L1
hMG1,GAAGCGACATGGGTTT,L1
hMG1,GAAGCGAGTAACGGTG,L1
hMG1,GAAGCGAGTGTTGAGG,L1
hMG1,GAAGCGATCAAAGCCT,L2
hMG1,GAAGGACAGCCTCGTG,L2
hMG1,GAAGGACAGCCTTTCC,L2
hMG1,GAAGGACAGCGTCAAG,L1
hMG1,GAAGGACAGTAAGGGA,L1
hMG1,GAAGGACCAGCACAGA,L2
hMG1,GAAGGACCAGTCGCTG,L1
hMG1,GAAGGACCAGTTGTTG,L2
hMG1,GAAGGACGTGTGTGGA,L2
hMG1,GAAGGACTCCTTATAC,L2
hMG1,GAAGGGTAGAGATTCA,L2
hMG1,GAAGGGTAGTAAACAC,L1
hMG1,GAAGGGTCAAAGGATT,Basal
hMG1,GAAGGGTCACAAATCC,L2
hMG1,GAAGGGTCAGATACTC,Basal
hMG1,GAAGGGTCATCCGTGG,L1
hMG1,GAAGGGTCATGCACTA,L2
hMG1,GAAGGGTGTAACTTCG,L2
hMG1,GAAGGGTGTTGACTAC,L2
hMG1,GAAGGGTGTTTGCAGT,L2
hMG1,GAAGGGTTCTCGCTCA,L2
hMG1,GAAGTAAAGCCTCAGC,L2
hMG1,GAAGTAAAGGTACAGC,L2
hMG1,GAAGTAACAGAGTCAG,L2
hMG1,GAAGTAAGTATCGTAC,L2
hMG1,GAAGTAAGTCCACATA,L2
hMG1,GAAGTAAGTTCGATTG,L2
hMG1,GAAGTAATCACCTCAC,L2
hMG1,GAAGTAATCTTGGCTC,L1
hMG1,GAATAGAAGCCAGACA,L2
hMG1,GAATAGAAGTTGGCTT,L2
hMG1,GAATAGACACTAACGT,L2
hMG1,GAATAGACAGAAATTG,L1
hMG1,GAATAGACAGGTGTTT,L2
hMG1,GAATAGAGTCACTGAT,L2
hMG1,GAATAGAGTGTGTGGA,L2
hMG1,GAATAGAGTTAGGACG,L1
hMG1,GAATAGATCCCTCTTT,L2
hMG1,GAATAGATCCGTAGGC,L2
hMG1,GAATCACAGAGCCTGA,L2
hMG1,GAATCACAGAGGTCAC,L2
hMG1,GAATCACAGGTCATAA,L2
hMG1,GAATCACCACTGGAAG,L2
hMG1,GAATCACCATGTTCAG,L1
hMG1,GAATCACGTAGCGCCT,L1
hMG1,GAATCACGTAGCGTCC,L2
hMG1,GAATCACGTGATGGCA,L2
hMG1,GAATCACTCGCTTACC,L2
hMG1,GAATCGTAGAATCTAG,L2
hMG1,GAATCGTCAAAGCAAT,L2
hMG1,GAATCGTGTACGGATG,L2
hMG1,GAATCGTGTCGAATTC,L1
hMG1,GAATCGTGTGCTTCAA,L1
hMG1,GAATCGTGTGGATTTC,L2
hMG1,GAATCGTTCCACATAG,L2
hMG1,GAATCGTTCGACACTA,L2
hMG1,GAATCGTTCGCTGTCT,L2
hMG1,GAATCGTTCGGAATTC,L2
hMG1,GAATCGTTCTGCAGCG,L2
hMG1,GACACGCAGGCCGCTT,L1
hMG1,GACACGCAGTTCCGGC,Basal
hMG1,GACACGCCACGGCTAC,L2
hMG1,GACACGCCACTCCGAG,L2
hMG1,GACACGCGTCCTTAAG,L2
hMG1,GACACGCGTGTACGCC,L2
hMG1,GACACGCGTTAGGAGC,L2
hMG1,GACACGCTCGGCCTTT,L2
hMG1,GACAGCCAGAGTTGCG,L2
hMG1,GACAGCCAGCACCAGA,L1
hMG1,GACAGCCCACTCCTTG,L1
hMG1,GACAGCCCAGATACCT,L2
hMG1,GACAGCCCAGATCACT,Basal
hMG1,GACAGCCCAGCTGTCG,L2
hMG1,GACAGCCCATATAGCC,L2
hMG1,GACAGCCCATTGTGCA,L1
hMG1,GACAGCCGTAAGGTCG,L2
hMG1,GACAGCCTCACACCCT,L1
hMG1,GACAGCCTCTCGTGAA,L2
hMG1,GACATCACATAGAAAC,L2
hMG1,GACATCAGTAAGATTG,L2
hMG1,GACATCAGTAGTTACC,L1
hMG1,GACATCAGTCAGGCAA,L1
hMG1,GACATCAGTCTAATCG,Basal
hMG1,GACATCAGTGGTAACG,L1
hMG1,GACATCAGTTACCTGA,L1
hMG1,GACATCAGTTCGATTG,L2
hMG1,GACATCATCGAGAGCA,L1
hMG1,GACCAATAGAAGAACG,L1
hMG1,GACCAATCAGTGTGGA,L1
hMG1,GACCAATCATCGAGCC,L2
hMG1,GACCAATGTCGGTAAG,L2
hMG1,GACCAATTCACGATCA,L2
hMG1,GACCCAGAGCTATCTG,L1
hMG1,GACCCAGCACAAATCC,L2
hMG1,GACCCAGGTATCCTTT,L2
hMG1,GACCCAGGTCACCGAC,Basal
hMG1,GACCCAGTCATTTGTC,L2
hMG1,GACCCAGTCCCTCGTA,L2
hMG1,GACCCTTAGCGTCAAG,L2
hMG1,GACCCTTAGTCATTGC,L2
hMG1,GACCCTTAGTTATGGA,L1
hMG1,GACCCTTCACAGTCAT,L2
hMG1,GACCCTTCATGAATAG,L2
hMG1,GACCCTTCATGTGGCC,L2
hMG1,GACCCTTGTACCCGCA,L2
hMG1,GACCCTTGTAGATCGG,L2
hMG1,GACCCTTGTGGCCTCA,L1
hMG1,GACCCTTTCAGTCCGG,L1
hMG1,GACCCTTTCGGTAGGA,L1
hMG1,GACCGTGCACAACATC,L2
hMG1,GACCGTGCACAGTGTT,L1
hMG1,GACCGTGCATCCGATA,L1
hMG1,GACCGTGGTTCTTCAT,L2
hMG1,GACCGTGTCCCGAACG,L2
hMG1,GACCTTCAGATGTTAG,L2
hMG1,GACCTTCCAAACTGCT,L2
hMG1,GACCTTCCAAGCACCC,L1
hMG1,GACCTTCGTATTAAGG,L1
hMG1,GACCTTCGTGACTATC,L2
hMG1,GACCTTCTCCCTCATG,L2
hMG1,GACGCTGCAGCGACCT,L2
hMG1,GACGCTGGTCAACCAT,L2
hMG1,GACGCTGGTCATACCA,L2
hMG1,GACGCTGGTGCATACT,L2
hMG1,GACGCTGTCACTTCTA,L2
hMG1,GACGCTGTCCAATCTT,L2
hMG1,GACGTTAAGAAGTGTT,L2
hMG1,GACGTTACACACAGCC,L2
hMG1,GACGTTACAGTATTCG,L2
hMG1,GACGTTAGTCGTAATC,L2
hMG1,GACTATGAGAACGCGT,L2
hMG1,GACTATGAGACCAGCA,L1
hMG1,GACTATGAGCATCCTA,L2
hMG1,GACTATGAGCGTATAA,L1
hMG1,GACTATGAGCTCGGCT,L1
hMG1,GACTATGAGCTGACTT,Basal
hMG1,GACTATGAGGCATCTT,L2
hMG1,GACTATGCACATCATG,L2
hMG1,GACTATGGTCTGGTTA,L1
hMG1,GACTATGGTGCGTTTA,L1
hMG1,GACTATGGTTTACCTT,L2
hMG1,GACTATGTCAGCGTCG,Basal
hMG1,GACTCAAAGCCAAGCA,L2
hMG1,GACTCAACAAACTGCT,L2
hMG1,GACTCAACAATTGCCA,L1
hMG1,GACTCAACATGATAGA,L2
hMG1,GACTCAAGTACAAACA,L2
hMG1,GACTCAAGTACACTCA,L2
hMG1,GACTCAAGTAGGAAAG,Basal
hMG1,GACTCAAGTGACTAAA,L2
hMG1,GACTCAATCTCGCTTG,L2
hMG1,GACTCAATCTCTATAC,L1
hMG1,GACTCTCAGGACTAAT,L2
hMG1,GACTCTCCAACCGTAT,L2
hMG1,GACTCTCCATCGATAC,L2
hMG1,GACTCTCCATTGTAGC,L2
hMG1,GACTCTCGTGACCGAA,L2
hMG1,GACTCTCGTGATACTC,L2
hMG1,GACTCTCGTGATAGAT,L2
hMG1,GACTCTCTCACGGAGA,L2
hMG1,GACTGATAGCTGCCAC,L2
hMG1,GACTGATAGTAGTGCG,Basal
hMG1,GACTGATAGTTCATCG,L2
hMG1,GACTGATAGTTCCGGC,L1
hMG1,GACTGATAGTTGTAAG,L2
hMG1,GACTGATCAAATGCGG,L1
hMG1,GACTGATCAATGTTGC,L2
hMG1,GACTGATCACTTCATT,L2
hMG1,GACTGATCATGGCTAT,L2
hMG1,GACTGATGTCGATGCC,L2
hMG1,GACTGATGTGAATATG,L2
hMG1,GACTGATTCACTTGGA,L2
hMG1,GACTGATTCCCGGTAG,L1
hMG1,GACTGATTCCGTCAAA,L1
hMG1,GACTGATTCGGTAGGA,L2
hMG1,GACTTCCAGCCTCATA,L1
hMG1,GACTTCCCACCTCTAC,L2
hMG1,GACTTCCCATAACGGG,L2
hMG1,GACTTCCGTGAAGCTG,L2
hMG1,GACTTCCGTTAGGAGC,L1
hMG1,GACTTCCGTTTAGACC,L2
hMG1,GACTTCCTCACGGGAA,L1
hMG1,GACTTCCTCGCATGAT,L2
hMG1,GAGAAATAGTGTTCAC,L2
hMG1,GAGAAATCATACAGAA,L1
hMG1,GAGAAATGTAACGTTC,L2
hMG1,GAGAAATGTTCCATTT,L2
hMG1,GAGAAATGTTTGATCG,L2
hMG1,GAGAAATTCTTACCAT,L2
hMG1,GAGAAATTCTTGATTC,L2
hMG1,GAGACCCAGATTAGTG,L2
hMG1,GAGACCCAGGCACGAT,L1
hMG1,GAGACCCAGGTGCTTT,L2
hMG1,GAGACCCCAGTGAGCA,L2
hMG1,GAGACCCGTATCGTGT,L2
hMG1,GAGACCCTCACAAGGG,L2
hMG1,GAGACCCTCATCCTGC,L1
hMG1,GAGACCCTCTAGCCAA,L1
hMG1,GAGACCCTCTCGTTTA,L2
hMG1,GAGACTTCAAATCGGG,L2
hMG1,GAGACTTCATTACGGT,L2
hMG1,GAGACTTGTAATGATG,L2
hMG1,GAGACTTGTTCTCGCT,L2
hMG1,GAGACTTTCGTAACCA,L1
hMG1,GAGACTTTCTGGGTCG,Basal
hMG1,GAGAGGTCAAACACCT,L2
hMG1,GAGAGGTCACGACCTG,L2
hMG1,GAGAGGTCAGCGAACA,L2
hMG1,GAGAGGTGTATGGAAT,L2
hMG1,GAGAGGTGTCTTAGTG,L1
hMG1,GAGAGGTGTTAAGGAT,L1
hMG1,GAGAGGTGTTGTTGTG,L1
hMG1,GAGAGGTTCGTCACCT,L1
hMG1,GAGAGGTTCTCAGAAC,Basal
hMG1,GAGATGGAGAGCTGAC,L2
hMG1,GAGATGGAGAGTTGCG,L2
hMG1,GAGATGGAGATTAGCA,L2
hMG1,GAGATGGAGCTAGAAT,L2
hMG1,GAGATGGCACCGTCTT,L2
hMG1,GAGATGGCATGGAAGC,L2
hMG1,GAGATGGGTCAGACGA,L2
hMG1,GAGATGGGTTGGCCGT,L2
hMG1,GAGATGGTCAGGAGAC,L2
hMG1,GAGATGGTCTCTAGGA,L1
hMG1,GAGCCTGAGAGCCGTA,L1
hMG1,GAGCCTGAGTAAAGCT,L2
hMG1,GAGCCTGAGTGCAACG,L2
hMG1,GAGCCTGCAAAGGTTA,L2
hMG1,GAGCCTGCAGAGTCTT,L2
hMG1,GAGCCTGCAGGGTTGA,L1
hMG1,GAGCCTGGTAAGTTAG,L2
hMG1,GAGCCTGGTTCTATCT,L1
hMG1,GAGCCTGGTTCTCAGA,L2
hMG1,GAGCCTGGTTGAGTCT,L2
hMG1,GAGCCTGTCACAAGGG,L2
hMG1,GAGCTGCAGTGAGTTA,L2
hMG1,GAGCTGCCACCGGCTA,L1
hMG1,GAGCTGCGTCAGGAGT,L2
hMG1,GAGGCAACATGACACT,L1
hMG1,GAGGCAAGTACCCACG,L2
hMG1,GAGGCAAGTCGTATGT,L2
hMG1,GAGGCAAGTCTCTCTG,L2
hMG1,GAGGCAAGTGTATACC,L2
hMG1,GAGGCAAGTTCTCACC,L1
hMG1,GAGGCAATCACTCGAA,L1
hMG1,GAGGCAATCATACAGC,L2
hMG1,GAGGCAATCCTGGGTG,L2
hMG1,GAGGCAATCGTAACTG,L1
hMG1,GAGGCCTAGCAGGTCA,L2
hMG1,GAGGCCTAGCGTCGAA,L1
hMG1,GAGGCCTAGCTTTCCC,L2
hMG1,GAGGCCTAGTATCCTG,L2
hMG1,GAGGCCTCAATGCTCA,L1
hMG1,GAGGCCTCAGAACTTC,L1
hMG1,GAGGCCTGTACGAGCA,L2
hMG1,GAGGCCTTCCAGCTCT,L2
hMG1,GAGGCCTTCGGCTGGT,L2
hMG1,GAGGGATAGCTGGCCT,L1
hMG1,GAGGGATCACTGTCCT,L2
hMG1,GAGGGATCAGAACTTC,L2
hMG1,GAGGGATGTCCAGCAC,L2
hMG1,GAGGGATTCACCCTGT,L2
hMG1,GAGGGATTCTCGACGG,L2
hMG1,GAGGGTAAGTATGAAC,Basal
hMG1,GAGGGTAAGTTTCTTC,L2
hMG1,GAGGGTACAGTCTACA,L2
hMG1,GAGGGTAGTGCCTGAC,L2
hMG1,GAGGGTAGTGGCGTAA,Basal
hMG1,GAGGGTATCAAGTGTC,L1
hMG1,GAGGGTATCATGGAGG,L2
hMG1,GAGGGTATCCTACTGC,L2
hMG1,GAGGGTATCGGTAGGA,L1
hMG1,GAGGGTATCTCATGCC,L2
hMG1,GAGTCATAGACATGCG,L2
hMG1,GAGTCATAGATCGCTT,L2
hMG1,GAGTCATCACAACGAG,L2
hMG1,GAGTCATCAGTTTCGA,L2
hMG1,GAGTCATTCAAAGAAC,L2
hMG1,GAGTCATTCAATCCAG,L2
hMG1,GAGTCATTCATTACTC,L2
hMG1,GAGTCTAAGCTGACAG,L1
hMG1,GAGTCTAAGGCAATGC,L1
hMG1,GAGTCTACAAGAGATT,L2
hMG1,GAGTCTACAATCGCGC,L2
hMG1,GAGTCTACACAACCGC,L2
hMG1,GAGTCTAGTAGCTCGC,L2
hMG1,GAGTCTAGTAGGAGGG,L1
hMG1,GAGTCTATCCTTCGAC,L2
hMG1,GAGTCTATCGGTTCAA,L1
hMG1,GAGTGAGCAAAGTATG,L2
hMG1,GAGTGAGCAATAACGA,L2
hMG1,GAGTGAGGTATGAGGC,Basal
hMG1,GAGTGAGTCCTAAGTG,L2
hMG1,GAGTGAGTCCTTCTAA,Basal
hMG1,GAGTGTTAGAGCCGAT,Basal
hMG1,GAGTGTTAGCGCGTTC,L1
hMG1,GAGTGTTAGTCACGAG,L2
hMG1,GAGTGTTCAAATGGTA,L2
hMG1,GAGTGTTCACAGAGCA,L2
hMG1,GAGTGTTCAGACAAAT,L2
hMG1,GAGTGTTCAGATCCAT,L2
hMG1,GAGTGTTCATAGGAGC,L1
hMG1,GAGTGTTGTCTGGTTA,L2
hMG1,GAGTGTTTCCACTGGG,L1
hMG1,GAGTGTTTCTATACGG,L2
hMG1,GAGTTACAGTGATGGC,L1
hMG1,GAGTTACCACGGTGAA,Basal
hMG1,GAGTTACCAGATCCTA,L2
hMG1,GAGTTACCAGGTTCGC,L1
hMG1,GAGTTACGTAAGGCTG,L1
hMG1,GAGTTACGTATTTCCT,L2
hMG1,GAGTTACGTGAATGAT,L2
hMG1,GAGTTACGTTGTGCCG,L2
hMG1,GAGTTACTCCGTCACT,L2
hMG1,GAGTTACTCGAGTCCG,L2
hMG1,GAGTTACTCGTGCGAC,L2
hMG1,GAGTTGTAGAATCCCT,L2
hMG1,GAGTTGTAGACTACGG,L1
hMG1,GAGTTGTAGACTTCAC,L2
hMG1,GAGTTGTCAAGGCTTT,L2
hMG1,GAGTTGTGTAGTCCTA,L2
hMG1,GAGTTGTGTATGGTAA,L2
hMG1,GAGTTTGAGGCAGGTT,L2
hMG1,GAGTTTGAGTCAGCCC,L1
hMG1,GAGTTTGCAACGGCCT,L2
hMG1,GAGTTTGCAGAGTTGG,L1
hMG1,GAGTTTGGTATCCTCC,L1
hMG1,GAGTTTGTCACACCGG,L2
hMG1,GAGTTTGTCTTCTTCC,L2
hMG1,GATAGAAAGCATGGGT,L2
hMG1,GATAGAAAGGATTCCT,L2
hMG1,GATAGAAAGGTCTTTG,L1
hMG1,GATAGAAAGTCTCTGA,L2
hMG1,GATAGAACAGAGTTGG,L1
hMG1,GATAGAAGTAGTTAGA,L2
hMG1,GATAGAATCTGTTGGA,L2
hMG1,GATAGCTAGTCCTACA,L2
hMG1,GATAGCTCACACTGGC,L2
hMG1,GATAGCTCATCATTGG,L2
hMG1,GATAGCTCATTCAGGT,L2
hMG1,GATAGCTGTCCCGCAA,Basal
hMG1,GATAGCTGTCGAGATG,L2
hMG1,GATAGCTTCATTGTTC,L2
hMG1,GATCACAAGAACTGAT,L1
hMG1,GATCACACAAGCACCC,L2
hMG1,GATCACACAAGTGACG,L1
hMG1,GATCACACAATTGCAC,L2
hMG1,GATCACACAGTAGAAT,L2
hMG1,GATCACACATGGAAGC,L1
hMG1,GATCACAGTCGAGCTC,L1
hMG1,GATCACATCCATATGG,L1
hMG1,GATCAGTAGCGCCTCA,L2
hMG1,GATCAGTAGTTGGCGA,L2
hMG1,GATCAGTCAAACCACT,L2
hMG1,GATCAGTCATAGTCAC,Basal
hMG1,GATCAGTGTGGTCTAT,L1
hMG1,GATCAGTTCCACTGAA,L2
hMG1,GATCAGTTCTTCCTAA,L1
hMG1,GATCATGAGATCCCGC,L2
hMG1,GATCATGAGATGGGCT,L2
hMG1,GATCATGCAGCTGTAT,L2
hMG1,GATCATGCAGTTGTCA,L2
hMG1,GATCATGGTAGAGACC,L2
hMG1,GATCATGGTATACCTG,L1
hMG1,GATCATGGTCGACGCT,L2
hMG1,GATCATGGTGATACAA,Basal
hMG1,GATCATGTCCACGTGG,L1
hMG1,GATCATGTCCCTCGTA,L2
hMG1,GATCATGTCGAGAGAC,L2
hMG1,GATCATGTCGGTCGAC,L1
hMG1,GATCCCTAGGTAGTCG,L2
hMG1,GATCCCTAGTGACCTT,L2
hMG1,GATCCCTCAAGACAAT,L2
hMG1,GATCCCTCAGAACATA,Basal
hMG1,GATCCCTCATCGGAGA,L2
hMG1,GATCCCTCATTGCTGA,L2
hMG1,GATCCCTTCACAATGC,L2
hMG1,GATCCCTTCACTGGTA,L2
hMG1,GATCCCTTCATCCTAT,L1
hMG1,GATCGTAAGGTCATTC,L2
hMG1,GATCGTACAGGACAGT,L2
hMG1,GATCGTACATAATCCG,L2
hMG1,GATCGTAGTCGTCATA,L2
hMG1,GATCGTAGTGTCATGT,L2
hMG1,GATCGTAGTGTTCAGT,L1
hMG1,GATCGTAGTGTTCCAA,L2
hMG1,GATCGTATCTCACGAA,L1
hMG1,GATCGTATCTTGGATG,L2
hMG1,GATGACTAGCCGATTT,L2
hMG1,GATGACTAGCTACGTT,L2
hMG1,GATGACTCAGGCGATA,Basal
hMG1,GATGACTTCATAGGCT,L2
hMG1,GATGACTTCCGACATA,L2
hMG1,GATGAGGAGTAAAGCT,L2
hMG1,GATGAGGAGTTGAAAC,L2
hMG1,GATGAGGCACTTACAG,L2
hMG1,GATGAGGCATTCTCTA,L2
hMG1,GATGAGGGTAGCTGAG,L2
hMG1,GATGAGGGTAGTGGCA,L2
hMG1,GATGAGGGTCCCGGTA,Basal
hMG1,GATGAGGGTGCCTATA,L2
hMG1,GATGAGGTCGATCCCT,L1
hMG1,GATGAGGTCTTGGAAC,L2
hMG1,GATGATCAGAGATGCC,Basal
hMG1,GATGATCAGCGAATGC,L2
hMG1,GATGATCCAGCAGTAG,L2
hMG1,GATGATCCAGTAACAA,L2
hMG1,GATGATCCATTGACCA,L2
hMG1,GATGATCGTATGCTTG,L1
hMG1,GATGATCGTCATCAGT,L2
hMG1,GATGATCTCCCTAGGG,Basal
hMG1,GATGCTAAGCTAGAAT,L2
hMG1,GATGCTAAGGAACTAT,L2
hMG1,GATGCTAAGGCGTTAG,L2
hMG1,GATGCTAAGTCATGAA,L2
hMG1,GATGCTACAGCAGTGA,L2
hMG1,GATGCTACAGCGTGAA,L1
hMG1,GATGCTACATAGAAAC,L2
hMG1,GATGCTAGTGGATACG,L2
hMG1,GATGCTATCACCTGGG,L1
hMG1,GATGCTATCCTGCTAC,L2
hMG1,GATGGAGAGGGTACGT,L2
hMG1,GATGGAGAGTCCCGGT,L2
hMG1,GATGGAGAGTTGAAAC,L2
hMG1,GATGGAGCATTGTACG,L2
hMG1,GATGGAGGTCATTGCA,L2
hMG1,GATGGAGGTTAAACAG,L1
hMG1,GATGGAGGTTGGGCCT,L1
hMG1,GATGTTGAGACATCCT,L2
hMG1,GATGTTGAGGTTTACC,L2
hMG1,GATGTTGCACACCTGG,L1
hMG1,GATGTTGCAGGCGTTC,L1
hMG1,GATGTTGCAGTCAGCC,L2
hMG1,GATGTTGCATCTGGGC,L1
hMG1,GATGTTGGTCGACTTA,L2
hMG1,GATGTTGGTTGAGGAC,L2
hMG1,GATGTTGTCTATGCCC,Basal
hMG1,GATTCGAAGCTGGAGT,L2
hMG1,GATTCGAAGGACAGCT,Basal
hMG1,GATTCGACAGAATTCC,L2
hMG1,GATTCGACATGTAACC,Basal
hMG1,GATTCGACATGTACGT,L1
hMG1,GATTCGAGTATGCAAA,L2
hMG1,GATTCGAGTCGAATTC,L2
hMG1,GATTCGAGTGAGATTA,L1
hMG1,GATTCGATCCCTCGAT,L1
hMG1,GATTCTTAGATGTTCC,L2
hMG1,GATTCTTAGGCGACAT,L2
hMG1,GATTCTTAGTTTGAGA,L2
hMG1,GATTCTTCAAGTATCC,L1
hMG1,GATTCTTCAGCAGAAC,L1
hMG1,GATTCTTCAGGTTCCG,L2
hMG1,GATTCTTGTCCAGTTA,L2
hMG1,GATTCTTTCTACACAG,L2
hMG1,GATTGGTAGACTCAAA,L1
hMG1,GATTGGTAGCTGGCTC,L2
hMG1,GATTGGTAGGCCTTCG,L2
hMG1,GATTGGTCAAAGGCTG,L2
hMG1,GATTGGTCAAATGCTC,L1
hMG1,GATTGGTCAATGAACA,L2
hMG1,GATTGGTCACAATGTC,L2
hMG1,GATTGGTCACCTATCC,L1
hMG1,GATTGGTGTATTCCGA,L1
hMG1,GATTGGTGTCCGAAGA,L1
hMG1,GATTGGTGTCGTAATC,L2
hMG1,GATTGGTGTGCCGTTG,L2
hMG1,GATTGGTGTGGTATGG,L1
hMG1,GATTGGTTCAAGAAAC,L2
hMG1,GATTGGTTCACAAGGG,L2
hMG1,GATTGGTTCATCGTAG,L2
hMG1,GATTGGTTCTCCAAGA,L2
hMG1,GATTTCTAGAAATGGG,L1
hMG1,GATTTCTAGGACTTCT,L1
hMG1,GATTTCTAGGCACAAC,L2
hMG1,GATTTCTCACATTGTG,L1
hMG1,GATTTCTCACCATAAC,L2
hMG1,GATTTCTCACTGAGTT,L2
hMG1,GATTTCTCAGGACGAT,L2
hMG1,GATTTCTCAGTCTCTC,L1
hMG1,GATTTCTCATTAGGAA,L2
hMG1,GATTTCTGTAGACGGT,L2
hMG1,GATTTCTGTCACCCTT,L2
hMG1,GATTTCTGTCATCGCG,L2
hMG1,GATTTCTGTCGAACAG,L1
hMG1,GATTTCTGTGTCCGGT,L2
hMG1,GATTTCTGTTGCCATA,L2
hMG1,GATTTCTTCACACCGG,L2
hMG1,GATTTCTTCCGATCGG,L2
hMG1,GATTTCTTCTATTTCG,L1
hMG1,GCAACATAGAAGTGTT,L2
hMG1,GCAACATAGATTGACA,L2
hMG1,GCAACATAGCTGAGCA,L2
hMG1,GCAACATCATGTGGTT,L2
hMG1,GCAACATGTCTCTCTG,L1
hMG1,GCAACATGTTATCCAG,L2
hMG1,GCAACATGTTGCTCCT,L2
hMG1,GCAACATTCGAGATGG,L1
hMG1,GCAACATTCGCACGAC,L1
hMG1,GCAACATTCGCGGACT,L2
hMG1,GCAACATTCGGACTTA,Basal
hMG1,GCAACCGAGCAGCCCT,L1
hMG1,GCAACCGAGCGAAACC,L2
hMG1,GCAACCGAGGACACTG,L1
hMG1,GCAACCGCAAAGTGTA,L2
hMG1,GCAACCGCAAATGGTA,L1
hMG1,GCAACCGCACTACAGT,L1
hMG1,GCAACCGGTACCGTCG,L2
hMG1,GCAACCGTCACGTCCT,L1
hMG1,GCAACCGTCGACTCCT,L1
hMG1,GCAACCGTCGATACGT,L2
hMG1,GCAACCGTCGATACTG,L2
hMG1,GCAACCGTCGGAATTC,L1
hMG1,GCACATAAGCACTCCG,L1
hMG1,GCACATACAAGGTCAG,L2
hMG1,GCACATACAATCGCCG,L1
hMG1,GCACATACATCAGTGT,L2
hMG1,GCACATAGTCAATGGG,L2
hMG1,GCACATAGTCTCACAA,Basal
hMG1,GCACATATCCTACCGT,L1
hMG1,GCACATATCGAGATAA,L2
hMG1,GCACGGTAGGCCTGAA,L1
hMG1,GCACGGTAGTATGAGT,L1
hMG1,GCACGGTAGTCTGCAT,L2
hMG1,GCACGGTCACCTGCTT,L2
hMG1,GCACGGTCATCACCAA,L2
hMG1,GCACGGTGTAGGATAT,L2
hMG1,GCACGGTGTAGGGAGG,L1
hMG1,GCACGTGAGCGGACAT,L2
hMG1,GCACGTGAGGAGAATG,L2
hMG1,GCACGTGAGGAGCAAA,L2
hMG1,GCACGTGAGGGAGTTC,L1
hMG1,GCACGTGAGTCTGGTT,L2
hMG1,GCACGTGAGTTGTCGT,L1
hMG1,GCACGTGCAAATCGGG,L2
hMG1,GCACGTGCAACTCGTA,L1
hMG1,GCACGTGCAAGGCAAC,Basal
hMG1,GCACGTGCACGACTAT,L2
hMG1,GCACGTGCACTCATAG,Basal
hMG1,GCACGTGCAGGTGACA,Basal
hMG1,GCACGTGGTAGCGTTT,L1
hMG1,GCACGTGGTAGTACGG,L2
hMG1,GCACGTGGTAGTTACC,L1
hMG1,GCACGTGGTGACTAAA,L2
hMG1,GCACGTGGTGAGCTCC,L1
hMG1,GCACGTGTCAAGTGTC,L1
hMG1,GCACGTGTCCTGTAAG,L2
hMG1,GCACTAAAGACTCGAG,L2
hMG1,GCACTAAAGCGTCTGC,Basal
hMG1,GCACTAAAGGTAGACC,L2
hMG1,GCACTAAAGTCGGCAA,L1
hMG1,GCACTAACAATCGAAA,L2
hMG1,GCACTAACATCGGTTA,L2
hMG1,GCACTAATCAATCTCT,L1
hMG1,GCACTAATCACCATAG,L2
hMG1,GCACTAATCGAACCAT,L2
hMG1,GCAGCCAAGGAATCGC,L2
hMG1,GCAGCCAAGGACGGAG,Basal
hMG1,GCAGCCACAATTGAAG,L2
hMG1,GCAGCCAGTCACTCAA,L2
hMG1,GCAGCCAGTGCCGGTT,L2
hMG1,GCAGCCAGTGGCAACA,L2
hMG1,GCAGCCAGTTGCCAAT,L2
hMG1,GCAGCCATCAATCCAG,L1
hMG1,GCAGCCATCGAACGCC,L2
hMG1,GCAGCCATCTCAGAAC,L2
hMG1,GCAGCTGAGATAGGGA,L2
hMG1,GCAGCTGAGCAGAAAG,L2
hMG1,GCAGCTGAGCAGGGAG,L1
hMG1,GCAGCTGAGCTAATGA,L1
hMG1,GCAGCTGCAAGCGAGT,L2
hMG1,GCAGCTGCACTTCAAG,L2
hMG1,GCAGCTGGTGCGTCGT,Basal
hMG1,GCAGCTGGTTCGGGTC,L2
hMG1,GCAGCTGTCCTAGCTC,L2
hMG1,GCAGGCTAGTTCACTG,L2
hMG1,GCAGGCTCACTACTTT,L2
hMG1,GCAGGCTCAGCAGTTT,L1
hMG1,GCAGGCTCAGCTGTCG,L2
hMG1,GCAGGCTCAGGTGGAT,L2
hMG1,GCAGGCTCATAATCCG,L2
hMG1,GCAGGCTGTCCTGTTC,L2
hMG1,GCAGGCTGTCGAATTC,L2
hMG1,GCAGGCTTCATCGCAA,L2
hMG1,GCAGGCTTCATGGTAC,L1
hMG1,GCAGGCTTCATTACGG,L2
hMG1,GCAGGCTTCGCTCTAC,L2
hMG1,GCAGGCTTCGCTTTAT,L2
hMG1,GCAGTTAAGACATGCG,L2
hMG1,GCAGTTAAGATCGCTT,L2
hMG1,GCAGTTAAGGCGCTCT,L2
hMG1,GCAGTTACAATAGAGT,L2
hMG1,GCAGTTACAATGTTGC,L2
hMG1,GCAGTTACAGGGACTA,L2
hMG1,GCAGTTAGTTATGTCG,L2
hMG1,GCAGTTAGTTGCTGAT,L2
hMG1,GCAGTTAGTTGGGTAG,L2
hMG1,GCATCGGAGCACGTCC,L1
hMG1,GCATCGGAGCACTCTA,L2
hMG1,GCATCGGAGCAGGCTA,L2
hMG1,GCATCGGAGGAGAGGC,L2
hMG1,GCATCGGAGGTAGCAC,L1
hMG1,GCATCGGCACTCACTC,L1
hMG1,GCATCGGGTGTTCAGT,L1
hMG1,GCATCGGGTGTTGATC,L2
hMG1,GCATCGGTCACAAGAA,L2
hMG1,GCATCGGTCCGTAATG,L1
hMG1,GCATCGGTCGGTCGAC,L2
hMG1,GCATCGGTCTCTCAAT,L1
hMG1,GCATCTCAGGCATGGT,L1
hMG1,GCATCTCCAATGAACA,L2
hMG1,GCATCTCCAATGTCAC,L1
hMG1,GCATCTCCACCAGTTA,L2
hMG1,GCATCTCCATGGATCT,L2
hMG1,GCATCTCGTCCTCAGG,L2
hMG1,GCATCTCGTCTACTGA,L2
hMG1,GCATCTCGTCTCTCTG,L1
hMG1,GCATCTCTCCAACCAA,L1
hMG1,GCATCTCTCGATTCCC,L2
hMG1,GCATCTCTCTAACACG,L2
hMG1,GCATGATCAAACTCTG,L2
hMG1,GCATGATCACATGACT,L2
hMG1,GCATGATCAGATCATC,L1
hMG1,GCATGATGTAACCAGG,L2
hMG1,GCATGATTCAGCTCTC,L2
hMG1,GCATGATTCGTTCGCT,L1
hMG1,GCATTAGAGACATCAA,L2
hMG1,GCATTAGAGTACGAGC,L2
hMG1,GCATTAGCAGTCGGAA,L1
hMG1,GCATTAGGTACAACGG,L1
hMG1,GCATTAGGTATCCCTC,L2
hMG1,GCATTAGGTTTCGACA,L2
hMG1,GCATTAGTCCCAACTC,L2
hMG1,GCATTAGTCTTACACT,L2
hMG1,GCCAACGAGAGCAGAA,L2
hMG1,GCCAACGAGCTTGTTG,Basal
hMG1,GCCAACGAGTCCCTAA,L2
hMG1,GCCAACGCAAACAGGC,L2
hMG1,GCCAACGCATGGGTCC,L2
hMG1,GCCAACGGTAAGTTAG,L1
hMG1,GCCAACGGTAGCTAAA,L2
hMG1,GCCAACGGTATGAGAT,L2
hMG1,GCCAACGGTCGACTGC,L2
hMG1,GCCAACGGTTTCACAG,L2
hMG1,GCCAACGTCATCTATC,L1
hMG1,GCCAACGTCGATCCCT,L2
hMG1,GCCAACGTCGGAATTC,L2
hMG1,GCCAGCAAGCCATTCA,L2
hMG1,GCCAGCAAGCCGTCGT,L1
hMG1,GCCAGCACAACGGTAG,L1
hMG1,GCCAGCACAACTAGAA,L2
hMG1,GCCAGCACACATGGTT,L2
hMG1,GCCAGCACAGCCGTTG,L2
hMG1,GCCAGCACATTCCTCG,L1
hMG1,GCCAGCAGTCGAACGA,L2
hMG1,GCCAGCAGTTAGCGGA,L2
hMG1,GCCAGCATCAAACCCA,L2
hMG1,GCCAGCATCAGTGTCA,L2
hMG1,GCCAGCATCATGCCGG,L2
hMG1,GCCAGCATCATGCTAG,L2
hMG1,GCCAGCATCCTAGCCT,L1
hMG1,GCCAGCATCGCCAATA,Basal
hMG1,GCCAGCATCTACAGGT,L2
hMG1,GCCAGCATCTCCTGAC,L1
hMG1,GCCAGGTCACCGTGCA,L1
hMG1,GCCAGGTCACTCCGAG,L2
hMG1,GCCAGGTTCACTCCGT,L2
hMG1,GCCAGGTTCTTTACAC,L2
hMG1,GCCAGTGAGCACTCGC,L1
hMG1,GCCAGTGAGGCCTAGA,L1
hMG1,GCCAGTGAGTACAACA,L2
hMG1,GCCAGTGAGTCATGGG,L2
hMG1,GCCAGTGAGTTACGTC,L2
hMG1,GCCAGTGCAAATGAGT,L1
hMG1,GCCAGTGCAAGCCTGC,L2
hMG1,GCCAGTGCATACAGCT,L1
hMG1,GCCAGTGTCCTACGGG,L2
hMG1,GCCAGTGTCTGCTTAT,L1
hMG1,GCCAGTGTCTTCCAGC,L1
hMG1,GCCATGGAGGCGTTAG,L2
hMG1,GCCATGGAGTGGTTAA,L2
hMG1,GCCATGGTCATCCTGC,L2
hMG1,GCCATGGTCCGGACTG,L1
hMG1,GCCATGGTCCTCGATC,L1
hMG1,GCCATGGTCGGAGCAA,L2
hMG1,GCCATTCCAACACTAC,L1
hMG1,GCCATTCCAGTTGGTT,L1
hMG1,GCCATTCGTCGGCTAC,L1
hMG1,GCCATTCGTGGATTTC,L1
hMG1,GCCATTCTCAAGCCTA,L2
hMG1,GCCCAGAAGATGTTAG,L2
hMG1,GCCCAGAAGCCACTCG,L2
hMG1,GCCCAGAAGCGTTCAT,L2
hMG1,GCCCAGACAAATACAG,L2
hMG1,GCCCAGACAGCTGAGA,L2
hMG1,GCCCAGAGTGAGTAAT,L2
hMG1,GCCCAGAGTGTGCTTA,L2
hMG1,GCCCAGAGTTAGGCCC,L2
hMG1,GCCCAGAGTTGTCATG,L1
hMG1,GCCCAGATCCGTTTCG,L2
hMG1,GCCCAGATCCTCTTTC,Basal
hMG1,GCCCAGATCGACGACC,L2
hMG1,GCCCAGATCGAGCCAC,L2
hMG1,GCCCAGATCGGATACT,L2
hMG1,GCCCAGATCTTACACT,L1
hMG1,GCCCGAAAGAATAGTC,L2
hMG1,GCCCGAAAGACGCCCT,L2
hMG1,GCCCGAAAGCAACTTC,L2
hMG1,GCCCGAAAGCGGGTAT,L1
hMG1,GCCCGAAAGGGACCAT,L2
hMG1,GCCCGAACACCCAATA,L2
hMG1,GCCCGAACAGCTATTG,L1
hMG1,GCCCGAAGTAATGCTC,L2
hMG1,GCCCGAAGTATCATGC,L1
hMG1,GCCCGAAGTGTGATGG,L2
hMG1,GCCCGAAGTTGTCCCT,L2
hMG1,GCCCGAATCCGTGCGA,L2
hMG1,GCCCGAATCGGAGCAA,L2
hMG1,GCCGATGAGAGCTTTC,Basal
hMG1,GCCGATGAGAGGTTTA,L2
hMG1,GCCGATGAGCAATAAC,L2
hMG1,GCCGATGAGGGCCAAT,L2
hMG1,GCCGATGAGGTCTACT,L2
hMG1,GCCGATGAGGTTGACG,L2
hMG1,GCCGATGCACGCGTGT,L1
hMG1,GCCGATGCACTGTGTA,L2
hMG1,GCCGATGCAGAAATTG,L2
hMG1,GCCGATGCAGGCGATA,L2
hMG1,GCCGATGCATCGCTGG,L1
hMG1,GCCGATGTCGTGGACC,L2
hMG1,GCCGTGAAGTGGCCTC,L2
hMG1,GCCGTGACAAGCGAAC,L1
hMG1,GCCGTGACAGCCTTCT,L1
hMG1,GCCGTGACATACACCA,L1
hMG1,GCCGTGACATCGCTGG,Basal
hMG1,GCCGTGACATGATCTG,L1
hMG1,GCCGTGAGTCTCACGG,L2
hMG1,GCCGTGAGTTGCCGAC,L2
hMG1,GCCTGTTAGCCAAGTG,L2
hMG1,GCCTGTTAGGGTCAAC,L2
hMG1,GCCTGTTCACAAACGG,L1
hMG1,GCCTGTTCACAGCCAC,Basal
hMG1,GCCTGTTCACTAGAGG,L2
hMG1,GCCTGTTCACTGTTCC,L2
hMG1,GCCTGTTCATAACGGG,Basal
hMG1,GCCTGTTCATAAGATG,L2
hMG1,GCCTGTTGTTCCAAAC,L2
hMG1,GCCTGTTGTTCGTGCG,L2
hMG1,GCCTGTTTCACGAACT,L2
hMG1,GCCTGTTTCCACGTGG,L1
hMG1,GCCTGTTTCCCATTTA,L2
hMG1,GCGAGAAAGGATGGCT,L2
hMG1,GCGAGAAAGTCAGGGT,L2
hMG1,GCGAGAACAAAGGGTC,L2
hMG1,GCGAGAACAACTGCCG,L2
hMG1,GCGAGAACAGAGGGTT,L1
hMG1,GCGAGAACAGTCTACA,L2
hMG1,GCGAGAACATCTGGGC,L2
hMG1,GCGAGAAGTACCTATG,L2
hMG1,GCGAGAAGTCGAACAG,L2
hMG1,GCGAGAAGTTTCCATT,L1
hMG1,GCGATCGAGACTAGAT,L2
hMG1,GCGATCGAGCCGTTAT,L2
hMG1,GCGATCGAGCGTGTTT,L2
hMG1,GCGATCGAGTGCACTT,L2
hMG1,GCGATCGCATTAAAGG,L1
hMG1,GCGATCGGTGATCATC,L2
hMG1,GCGATCGGTTGCTCCT,L1
hMG1,GCGATCGTCTCGTTTA,L1
hMG1,GCGGAAAAGAACGTGC,L1
hMG1,GCGGAAAAGATGCCGA,L1
hMG1,GCGGAAAAGCAGGTCA,L2
hMG1,GCGGAAAAGCGCCATC,L2
hMG1,GCGGAAAAGTAGACAT,L2
hMG1,GCGGAAAAGTAGCATA,L2
hMG1,GCGGAAACAACGGGTA,L2
hMG1,GCGGAAACAAGTGGGT,L2
hMG1,GCGGAAAGTCATAAAG,L1
hMG1,GCGGAAAGTGCATTTG,L2
hMG1,GCGGAAAGTGGGATTG,L2
hMG1,GCGGAAAGTGGTATGG,L2
hMG1,GCGGAAATCGGATACT,L2
hMG1,GCGGAAATCTCTGAGA,L2
hMG1,GCGGATCAGTCTCCTC,L2
hMG1,GCGGATCCACACAGCC,Basal
hMG1,GCGGATCCACGCTTAA,Basal
hMG1,GCGGATCCACGTGAGA,Basal
hMG1,GCGGATCGTCGGAAAC,L2
hMG1,GCGGATCGTCTGATAC,L2
hMG1,GCGGATCGTGCCTTTC,L1
hMG1,GCGTGCAAGCATGCAG,Basal
hMG1,GCGTGCAAGGCCACCT,L2
hMG1,GCGTGCAAGGCTAGCA,Basal
hMG1,GCGTGCACAATCTCGA,L2
hMG1,GCGTGCACATGAATAG,L2
hMG1,GCGTGCACATGGGAAC,L2
hMG1,GCGTGCAGTCCCACGA,L2
hMG1,GCGTGCATCCAAACCA,L2
hMG1,GCGTGCATCCAATCTT,L1
hMG1,GCGTGCATCGACGCGT,L2
hMG1,GCGTGCATCGAGTGGA,L1
hMG1,GCGTGCATCGAGTTGT,L2
hMG1,GCGTGCATCTGCTAGA,L2
hMG1,GCGTTTCAGCACCGTC,L2
hMG1,GCGTTTCAGCGGGTTA,L2
hMG1,GCGTTTCAGGTGCCAA,L2
hMG1,GCGTTTCCAACCACAT,L1
hMG1,GCGTTTCCACGGTGTC,L2
hMG1,GCGTTTCGTCGCAGTC,L1
hMG1,GCGTTTCGTGGCCCAT,L2
hMG1,GCGTTTCTCAGTGATC,L1
hMG1,GCTACAAAGCACCTGC,L2
hMG1,GCTACAACAACGGCTC,L2
hMG1,GCTACAACAATAGGAT,L2
hMG1,GCTACAACAGACCGCT,L1
hMG1,GCTACAAGTAAGCTCT,L2
hMG1,GCTACAAGTCTTCTAT,L2
hMG1,GCTACAAGTTAAACCC,L2
hMG1,GCTACAAGTTCTCGTC,L1
hMG1,GCTACAATCCGGACTG,L2
hMG1,GCTACAATCTGTGCAA,L2
hMG1,GCTACCTAGTAACCGG,L1
hMG1,GCTACCTAGTCGCCAC,L1
hMG1,GCTACCTCAATCGCGC,L2
hMG1,GCTACCTGTAATTGGA,L1
hMG1,GCTACCTGTACCTGTA,L2
hMG1,GCTACCTGTAGGACCA,L1
hMG1,GCTACCTGTCTTACAG,L2
hMG1,GCTACCTTCGATACTG,L2
hMG1,GCTACCTTCTACACAG,L2
hMG1,GCTCAAAAGAGGTGCT,L2
hMG1,GCTCAAACAAGTACCT,L1
hMG1,GCTCAAACACGCTATA,L1
hMG1,GCTCAAATCCACGGGT,L2
hMG1,GCTGAATAGAAGCTGC,L1
hMG1,GCTGAATAGGCCCGTT,L2
hMG1,GCTGAATAGTGCCTCG,L2
hMG1,GCTGAATAGTGGCGAT,L2
hMG1,GCTGAATCAAACCACT,L2
hMG1,GCTGAATCAAGGCTTT,L2
hMG1,GCTGAATCATCCCGTT,L1
hMG1,GCTGAATTCGCTAATG,L2
hMG1,GCTGAATTCGGACTGC,L1
hMG1,GCTGAATTCTTTGATC,L2
hMG1,GCTGCAGCAAAGCTCT,L2
hMG1,GCTGCAGCAACAAGAT,L2
hMG1,GCTGCAGCACGTGTGC,L2
hMG1,GCTGCAGCACTTTATC,L2
hMG1,GCTGGGTAGATTAGCA,L2
hMG1,GCTGGGTAGGACATCG,L1
hMG1,GCTGGGTAGGTTTACC,L2
hMG1,GCTGGGTAGTACTCGT,L1
hMG1,GCTGGGTCACAACGAG,L2
hMG1,GCTGGGTCACGTATAC,L2
hMG1,GCTGGGTCATCTCGTC,L2
hMG1,GCTGGGTGTCGGTAAG,L2
hMG1,GCTGGGTGTCGTCATA,L2
hMG1,GCTGGGTGTCTTCGAA,L2
hMG1,GCTGGGTGTGGATGAC,L1
hMG1,GCTGGGTGTGTCCGTG,L1
hMG1,GCTGGGTGTGTCCTAA,L1
hMG1,GCTGGGTGTTCACGAT,L2
hMG1,GCTGGGTTCAACCGAT,L2
hMG1,GCTGGGTTCACTTATC,L2
hMG1,GCTGGGTTCCTAACAG,L2
hMG1,GCTGGGTTCGTTATCT,L2
hMG1,GCTGGGTTCTTCTGGC,L2
hMG1,GCTTCACAGAAGTCCG,L2
hMG1,GCTTCACAGGGATCGT,L2
hMG1,GCTTCACGTCATTGCA,L2
hMG1,GCTTCACGTTGCTTGA,L1
hMG1,GCTTCACTCCACTGAA,L2
hMG1,GCTTCACTCCATCGTC,L2
hMG1,GCTTGGGAGAGTCCGA,L2
hMG1,GCTTGGGAGCCACTCG,L2
hMG1,GCTTGGGAGTCCGCCA,Basal
hMG1,GCTTGGGCAAGTTCGT,L1
hMG1,GCTTGGGCAATGAGCG,L1
hMG1,GCTTGGGCAGCGCTTG,L1
hMG1,GCTTGGGGTACACGCC,L2
hMG1,GCTTGGGGTATCGTTG,Basal
hMG1,GCTTGGGGTCATCGGC,L2
hMG1,GCTTGGGGTCGCCTAG,L2
hMG1,GCTTGGGGTGTATTGC,L1
hMG1,GCTTGGGGTTACAGCT,L1
hMG1,GCTTGGGTCTGCTAGA,L2
hMG1,GCTTTCGAGCTGTACT,L2
hMG1,GCTTTCGCAAGGCTTT,L2
hMG1,GCTTTCGCACAGTACT,L2
hMG1,GCTTTCGCAGGTGTTT,L2
hMG1,GCTTTCGCATCATCCC,L2
hMG1,GCTTTCGGTGCCGTTG,L2
hMG1,GCTTTCGGTGTACAGG,L2
hMG1,GCTTTCGTCACACCCT,L2
hMG1,GCTTTCGTCCAAAGGG,L1
hMG1,GCTTTCGTCCGCTGTT,L2
hMG1,GCTTTCGTCGTAGGAG,L2
hMG1,GCTTTCGTCTCCGCAT,L1
hMG1,GCTTTCGTCTGCCCTA,L2
hMG1,GGAACCCCAAACCACT,L2
hMG1,GGAACCCCACAACGCC,L2
hMG1,GGAACCCCATCCTAAG,L2
hMG1,GGAAGTGCAATTTCCT,L1
hMG1,GGAAGTGGTAACAAGT,L1
hMG1,GGAAGTGGTGTGGACA,L2
hMG1,GGAATCTAGAGGGTAA,L2
hMG1,GGAATCTAGAGGTTTA,L2
hMG1,GGAATCTAGCGGCTCT,L2
hMG1,GGAATCTCACTTACAG,L1
hMG1,GGAATCTCATCCAACA,L1
hMG1,GGAATCTCATCCTCAC,Basal
hMG1,GGAATCTGTGTATTCG,L2
hMG1,GGAATCTTCACTCGAA,Basal
hMG1,GGAATCTTCAGGAAAT,L2
hMG1,GGAATCTTCCACTTTA,L1
hMG1,GGAATCTTCTCAGGCG,L1
hMG1,GGAATCTTCTCATTAC,Basal
hMG1,GGAATCTTCTTTACAC,L2
hMG1,GGAATGGAGCTCGGCT,L2
hMG1,GGAATGGAGGCCGCTT,L1
hMG1,GGAATGGAGGGCCTCT,L1
hMG1,GGAATGGAGTACGTCT,L1
hMG1,GGAATGGCACTGCACG,L1
hMG1,GGAATGGCAGACTGCC,L1
hMG1,GGAATGGCAGGCACTC,L2
hMG1,GGAATGGCAGTAACGG,L2
hMG1,GGAATGGGTAACGCGA,L2
hMG1,GGAATGGGTACTGTTG,L2
hMG1,GGAATGGGTCCTCCAT,L2
hMG1,GGAATGGGTGCCTTTC,L2
hMG1,GGAATGGTCGGTAGAG,L2
hMG1,GGAATGGTCGTAACCA,L2
hMG1,GGACGTCAGTCCCAGC,Basal
hMG1,GGACGTCAGTGAGTTA,L1
hMG1,GGACGTCAGTGCAAAT,L1
hMG1,GGACGTCCAATCACGT,L1
hMG1,GGACGTCCAGACCTGC,L2
hMG1,GGACGTCCATGCTGCG,L2
hMG1,GGACGTCTCACTGTTT,L2
hMG1,GGAGAACAGAGTGGCT,L2
hMG1,GGAGAACAGCGTATGG,L2
hMG1,GGAGAACAGGACACTG,L2
hMG1,GGAGAACAGGATGAGA,L2
hMG1,GGAGAACCAAATGAGT,L2
hMG1,GGAGAACCACGCAGTC,L1
hMG1,GGAGAACGTCTTACTT,L2
hMG1,GGAGAACGTGTGACCC,L1
hMG1,GGAGAACGTTGGGATG,L2
hMG1,GGAGAACGTTTCCAAG,L2
hMG1,GGAGAACTCCTAGAGT,L2
hMG1,GGAGAACTCCTGTACC,L1
hMG1,GGAGATGAGCATCAGG,L2
hMG1,GGAGATGAGTGTTCCA,L1
hMG1,GGAGATGCACCCTTGT,L2
hMG1,GGAGATGCAGCCCACA,L2
hMG1,GGAGATGCATAGGTTC,L2
hMG1,GGAGATGCATCTTTCA,L2
hMG1,GGAGATGCATTCGGGC,L2
hMG1,GGAGATGTCCACGTCT,L2
hMG1,GGAGATGTCGAATGCT,L2
hMG1,GGAGATGTCTATTCGT,L2
hMG1,GGAGCAAAGTCTCGTA,L1
hMG1,GGAGCAACAGGTATGG,Basal
hMG1,GGAGCAAGTAGAGCTG,L2
hMG1,GGAGCAATCCAATGCA,L2
hMG1,GGAGCAATCCCGTTCA,L2
hMG1,GGAGCAATCTGGGATT,L2
hMG1,GGAGGATAGAAGCGAA,L2
hMG1,GGAGGATAGAGGGTGG,L1
hMG1,GGAGGATGTTCTTCAT,L2
hMG1,GGAGGATGTTGTGGCC,L2
hMG1,GGAGGATTCAGATGCT,L2
hMG1,GGAGGATTCCTAGCTC,L2
hMG1,GGAGGTAAGAGAGCGG,Basal
hMG1,GGAGGTAAGCGCCCAT,L2
hMG1,GGAGGTAAGTGCTAGG,L2
hMG1,GGAGGTACAAGTTCGT,Basal
hMG1,GGAGGTACAATACAGA,L2
hMG1,GGAGGTACACATTCGA,L1
hMG1,GGAGGTACAGTTGTTG,L1
hMG1,GGAGGTAGTGGATCAG,L2
hMG1,GGATCTAAGAGGGCGA,L2
hMG1,GGATCTAAGGAGTACC,L2
hMG1,GGATCTAAGTAGGCCA,L1
hMG1,GGATCTACAAGGTCTT,L2
hMG1,GGATCTACACGACCTG,L2
hMG1,GGATCTACAGCCGTTG,L2
hMG1,GGATCTAGTCATATGC,L2
hMG1,GGATCTAGTCCAGTTA,L2
hMG1,GGATCTATCAGCTAGT,L2
hMG1,GGATCTATCCCGGTAG,L1
hMG1,GGATCTATCCTTGAAG,L1
hMG1,GGATCTATCGGACAAG,L2
hMG1,GGATCTATCTCAAAGC,L2
hMG1,GGATGTTCAGATCCTA,L1
hMG1,GGATGTTCATGGCTGC,L2
hMG1,GGATGTTGTGGGTTGA,L1
hMG1,GGATGTTGTGTCCAAT,L2
hMG1,GGATGTTTCAACTCTT,L1
hMG1,GGCACGTAGAACCGCA,L1
hMG1,GGCACGTAGAGGCGTT,L2
hMG1,GGCACGTAGTGCCGAA,Basal
hMG1,GGCACGTCAGCCCACA,L2
hMG1,GGCACGTCATCGTTCC,L2
hMG1,GGCACGTGTCGTTCAA,Basal
hMG1,GGCACGTGTGTATTCG,L2
hMG1,GGCACGTGTTCGGACC,L2
hMG1,GGCACGTTCATCTATC,L2
hMG1,GGCACGTTCCGAGTGC,L2
hMG1,GGCACGTTCGAGGCAA,L2
hMG1,GGCACGTTCGTCGGGT,L2
hMG1,GGCAGTCAGGCCTTCG,L2
hMG1,GGCAGTCAGGTGCCTC,L2
hMG1,GGCAGTCCATTGAAAG,L2
hMG1,GGCAGTCGTCCTGTTC,L2
hMG1,GGCAGTCGTCGTCGGT,L2
hMG1,GGCAGTCGTGTTGATC,L2
hMG1,GGCGTCAAGCCGATAG,L2
hMG1,GGCGTCACAAGCGCTC,L2
hMG1,GGCGTCACAGGCATGA,L2
hMG1,GGCGTCAGTGCCCTTT,L2
hMG1,GGCGTCATCACCCTTG,L1
hMG1,GGCGTCATCGTGGACC,L1
hMG1,GGCTGTGAGCCTGGAA,L2
hMG1,GGCTGTGAGGTCCCTG,L2
hMG1,GGCTGTGAGTCAATCC,L2
hMG1,GGCTGTGCAAGTTTGC,L2
hMG1,GGCTGTGGTATTTCCT,L2
hMG1,GGCTGTGTCAAGCTGT,L2
hMG1,GGCTGTGTCCGATGCG,L2
hMG1,GGCTGTGTCTCCCTAG,L2
hMG1,GGCTTGGAGAACGCGT,L2
hMG1,GGCTTGGAGTCGAATA,L2
hMG1,GGCTTGGCAACAAGAT,L1
hMG1,GGCTTGGCAACTACGT,Basal
hMG1,GGCTTGGCACATATGC,L2
hMG1,GGCTTGGGTAGACGTG,L2
hMG1,GGCTTGGGTCATCCCT,L2
hMG1,GGCTTGGGTCGTTATG,L2
hMG1,GGCTTGGGTGGATCGA,L2
hMG1,GGCTTGGTCCAAGCAT,L2
hMG1,GGCTTGGTCGGACCAC,L2
hMG1,GGCTTGGTCTCGTCGT,L2
hMG1,GGCTTTCAGAGGGTCT,L2
hMG1,GGCTTTCCATATGGCT,L2
hMG1,GGCTTTCGTAGTTAGA,L2
hMG1,GGCTTTCGTTTCCAAG,L2
hMG1,GGCTTTCTCAAGTCTG,L2
hMG1,GGCTTTCTCCCTTGGT,Basal
hMG1,GGCTTTCTCGGCATTA,Basal
hMG1,GGCTTTCTCTCTGCCA,L2
hMG1,GGGAAGTAGTGCCCGT,L2
hMG1,GGGAAGTCAACGGCCT,L2
hMG1,GGGAAGTCACTATCCC,L2
hMG1,GGGAAGTCACTTTAGG,L2
hMG1,GGGAAGTCAGGTTTAC,L2
hMG1,GGGAAGTGTACAGAAT,L2
hMG1,GGGAAGTGTGAATATG,Basal
hMG1,GGGAAGTGTGAATGAT,L2
hMG1,GGGAAGTGTGATCGTT,L1
hMG1,GGGAAGTTCACCTGTC,L1
hMG1,GGGAAGTTCATTCCTA,L1
hMG1,GGGAAGTTCCTTCTAA,L2
hMG1,GGGAAGTTCGGTAGAG,L2
hMG1,GGGAAGTTCTTGAACG,Basal
hMG1,GGGACAAAGCGCACAA,L2
hMG1,GGGACAAAGTACAGAT,L1
hMG1,GGGACAACAATTGAGA,L1
hMG1,GGGACAACACGCCAGT,L2
hMG1,GGGACAAGTAGGCTGA,L2
hMG1,GGGACAATCAGGGATG,L2
hMG1,GGGACAATCGTGCAGC,L2
hMG1,GGGACAATCTCGTGGG,L2
hMG1,GGGACCTAGATTCGAA,L2
hMG1,GGGACCTCACGCGTCA,L2
hMG1,GGGACCTGTCCAGAAG,L2
hMG1,GGGACCTGTCTACGTA,L2
hMG1,GGGACCTGTGTCTCCT,L2
hMG1,GGGACCTTCCGCCTAT,L1
hMG1,GGGACCTTCCTTCTGG,L2
hMG1,GGGACCTTCCTTGAAG,L2
hMG1,GGGACCTTCTGTTCAT,L2
hMG1,GGGACTCAGTCAGCCC,L2
hMG1,GGGACTCCAAACGTGG,L2
hMG1,GGGACTCCAACGGCCT,L1
hMG1,GGGACTCCACGACAGA,L2
hMG1,GGGACTCGTAGGTCAG,L2
hMG1,GGGACTCGTCATCGCG,L2
hMG1,GGGACTCGTGGACTAG,L2
hMG1,GGGACTCGTTAGTCGT,L2
hMG1,GGGACTCTCAAGAGTA,L1
hMG1,GGGACTCTCGATCCCT,L2
hMG1,GGGACTCTCTGGACTA,L2
hMG1,GGGAGATAGCCATTTG,L1
hMG1,GGGAGATCAAAGCTCT,L1
hMG1,GGGAGATCACAGTCGC,L2
hMG1,GGGAGATCACCCAAGC,L2
hMG1,GGGAGATGTGGACCAA,Basal
hMG1,GGGAGATGTTCGAGCC,L2
hMG1,GGGAGATGTTCGGTCG,L2
hMG1,GGGAGATTCAACGTGT,L2
hMG1,GGGAGATTCATATGGC,L2
hMG1,GGGAGATTCATTGTTC,L1
hMG1,GGGAGATTCCTGTAAG,L2
hMG1,GGGAGATTCTAGTGAC,L1
hMG1,GGGAGATTCTGTTGGA,L2
hMG1,GGGAGTAAGATTACCC,L2
hMG1,GGGAGTAAGGCCTAAG,L1
hMG1,GGGAGTACACGTTCGG,L2
hMG1,GGGAGTACAGGTTCGC,L2
hMG1,GGGAGTAGTGACAGGT,L2
hMG1,GGGAGTAGTGTGACCC,Basal
hMG1,GGGAGTATCTGCGGCA,L2
hMG1,GGGATCCAGACAAGCC,L2
hMG1,GGGATCCAGCATGGGT,L2
hMG1,GGGATCCCACCCTGTT,L2
hMG1,GGGATCCCACTTGAAC,L2
hMG1,GGGATCCCATATGAAG,L2
hMG1,GGGATCCGTAACGCGA,L2
hMG1,GGGATCCGTGCTGCAC,L1
hMG1,GGGATCCGTGCTGTCG,L2
hMG1,GGGATCCTCGTTATCT,L2
hMG1,GGGATGAAGAAATGGG,L2
hMG1,GGGATGAAGTCCTACA,L2
hMG1,GGGATGAAGTTGCATC,L2
hMG1,GGGATGACAATGGCAG,L1
hMG1,GGGATGAGTCAACCAT,L2
hMG1,GGGATGATCGAAGTGG,L2
hMG1,GGGATGATCTTACCGC,L1
hMG1,GGGCCATAGGCGCTCT,L2
hMG1,GGGCCATCAAGCGAAC,L2
hMG1,GGGCCATCATGGGATG,L2
hMG1,GGGCCATGTCATCAGT,L2
hMG1,GGGCCATGTCCTGGGT,L2
hMG1,GGGCCATGTCTGCGCA,L1
hMG1,GGGCCATGTGTGGTCC,L2
hMG1,GGGCCATGTTAGAGTA,L2
hMG1,GGGCCATTCCAGTGCG,Basal
hMG1,GGGCCATTCTTACACT,L1
hMG1,GGGCCATTCTTGCGCT,L1
hMG1,GGGCGTTAGCGATCGA,L2
hMG1,GGGCGTTAGGCTATCT,Basal
hMG1,GGGCGTTAGGTCCCTG,L2
hMG1,GGGCGTTAGTTCTACG,L2
hMG1,GGGCGTTCAAACGAGC,L1
hMG1,GGGCGTTCAATAGTAG,L2
hMG1,GGGCGTTCAGGTCTCG,L2
hMG1,GGGCGTTCATCATCTT,L2
hMG1,GGGCGTTGTAGACAAT,L2
hMG1,GGGCGTTTCCGTGGTG,L1
hMG1,GGGCTACAGCAAGGAA,L2
hMG1,GGGCTACCACAGTCAT,L2
hMG1,GGGCTACCATGGGCAA,L2
hMG1,GGGCTACCATGGTGGA,L2
hMG1,GGGCTACGTCTCACAA,L2
hMG1,GGGCTACGTGCGCTCA,L1
hMG1,GGGCTACTCATTTACC,L2
hMG1,GGGCTACTCTGCTTTA,L2
hMG1,GGGCTCAAGCAGGTCA,L2
hMG1,GGGCTCACAAATCGGG,L2
hMG1,GGGCTCACAACCAACT,L2
hMG1,GGGCTCACACGTACTA,L1
hMG1,GGGCTCACACTCCGAG,L2
hMG1,GGGCTCACAGAGTGAC,L2
hMG1,GGGCTCACAGTAGAAT,L2
hMG1,GGGCTCACATCAACCA,L2
hMG1,GGGCTCACATTGACAC,L2
hMG1,GGGCTCAGTAGCTTGT,L2
hMG1,GGGCTCAGTGGCGCTT,L2
hMG1,GGGCTCATCCTGTTAT,L2
hMG1,GGGCTCATCTGAGGCC,L2
hMG1,GGGTAGAAGGATGAGA,L2
hMG1,GGGTAGAAGGGATCGT,L2
hMG1,GGGTAGAAGTTCACTG,L2
hMG1,GGGTAGACAAACGTGG,L2
hMG1,GGGTAGACAAAGAACT,L1
hMG1,GGGTAGACAAATGAAC,L2
hMG1,GGGTAGACAGCACAAG,Basal
hMG1,GGGTAGACATTCTTCA,L2
hMG1,GGGTAGAGTCTACAAC,L2
hMG1,GGGTAGAGTGCATTAC,L2
hMG1,GGGTAGAGTTTACGAC,L2
hMG1,GGGTAGAGTTTGATCG,L2
hMG1,GGGTAGATCGCTCTCA,L1
hMG1,GGGTAGATCTGGCTGG,L2
hMG1,GGGTATTAGCATCCCG,L2
hMG1,GGGTATTAGGCATCAG,L2
hMG1,GGGTATTAGGTTCCAT,L2
hMG1,GGGTATTAGTGTCATC,L1
hMG1,GGGTATTCATAGGTTC,L1
hMG1,GGGTATTGTTCTCACC,L2
hMG1,GGGTATTTCGTACACA,L2
hMG1,GGGTATTTCTTTCCAA,L2
hMG1,GGGTCACAGAATTCAG,L2
hMG1,GGGTCACAGCATATGA,Basal
hMG1,GGGTCACAGCTACAAA,L2
hMG1,GGGTCACAGCTTCTAG,L2
hMG1,GGGTCACAGGAGACCT,L2
hMG1,GGGTCACAGGTCATTC,L2
hMG1,GGGTCACGTCCCGTGA,L2
hMG1,GGGTCACTCAGACAAA,L2
hMG1,GGGTCACTCGATTGGT,L2
hMG1,GGGTCTGAGGATGGCT,L1
hMG1,GGGTCTGAGGGATCAC,L2
hMG1,GGGTCTGAGGTCGCCT,L2
hMG1,GGGTCTGAGTAATACG,L2
hMG1,GGGTCTGAGTGGTTCT,L2
hMG1,GGGTCTGCATTACGGT,L2
hMG1,GGGTCTGTCAGCAATC,L1
hMG1,GGGTCTGTCCACACAA,L2
hMG1,GGGTCTGTCGTCGCTT,L1
hMG1,GGGTCTGTCTCCAATT,L2
hMG1,GGGTGAAAGACCATGG,L2
hMG1,GGGTGAAAGACTCAAA,L2
hMG1,GGGTGAAAGCTCGGCT,L1
hMG1,GGGTGAAAGGGTTAGC,L1
hMG1,GGGTGAATCATCACAG,L2
hMG1,GGGTGAATCGTAACAC,L2
hMG1,GGGTGAATCGTCTACC,L2
hMG1,GGGTGTCAGAGCCATG,L2
hMG1,GGGTGTCAGCGTGCTC,L2
hMG1,GGGTGTCCACACTTAG,L2
hMG1,GGGTGTCGTACACGCC,L2
hMG1,GGGTGTCGTATCGCGC,L2
hMG1,GGGTTATAGAGTCCGA,L1
hMG1,GGGTTATAGGACTAAT,L2
hMG1,GGGTTATAGTCCTGCG,L2
hMG1,GGGTTATAGTTAGAAC,L2
hMG1,GGGTTATCACAATCTG,L2
hMG1,GGGTTATCATAATGAG,L2
hMG1,GGGTTATGTCACCACG,L1
hMG1,GGGTTATGTCCAATCA,L1
hMG1,GGGTTATTCAAGCTTG,L1
hMG1,GGGTTATTCCTAAACG,L2
hMG1,GGGTTATTCGTTGTTT,L2
hMG1,GGGTTATTCTAAGCGT,L2
hMG1,GGGTTATTCTAATTCC,L2
hMG1,GGGTTATTCTTGAACG,L2
hMG1,GGGTTTAAGGACGCAT,L2
hMG1,GGGTTTACAACACAAA,L2
hMG1,GGGTTTACAATTTCTC,L2
hMG1,GGGTTTACAGCTATAC,L2
hMG1,GGGTTTAGTATGAGGC,L2
hMG1,GGGTTTAGTCCTTTGC,L2
hMG1,GGGTTTAGTTGTTTGG,L2
hMG1,GGGTTTAGTTTAAGGA,L1
hMG1,GGGTTTAGTTTCGTGA,L2
hMG1,GGGTTTATCAACCTCC,L2
hMG1,GGGTTTATCCTCACTG,L2
hMG1,GGGTTTATCGCGTAGC,L2
hMG1,GGGTTTATCTGATGGT,L2
hMG1,GGGTTTATCTTGAGCA,L1
hMG1,GGTAACTAGCCTGGAA,L1
hMG1,GGTAACTCACAAATCC,L2
hMG1,GGTAACTCACACTGGC,L1
hMG1,GGTAACTCACTCCGAG,L1
hMG1,GGTAACTCAGATCCAT,L2
hMG1,GGTAACTCATCGTCCT,L1
hMG1,GGTAACTGTAGGCAGT,L1
hMG1,GGTAACTGTATGCTTG,L2
hMG1,GGTAACTGTCCTTAAG,L1
hMG1,GGTAACTTCACCTCGT,L2
hMG1,GGTAACTTCACTGCTC,Basal
hMG1,GGTAACTTCAGAACCT,L2
hMG1,GGTAACTTCGCCGAAC,L2
hMG1,GGTAACTTCTGAACGT,L2
hMG1,GGTAATCAGGCCACTC,L2
hMG1,GGTAATCAGTTCACTG,L2
hMG1,GGTAATCGTTCGCGTG,L2
hMG1,GGTAATCGTTTAGACC,L2
hMG1,GGTAATCTCACTGAAC,L1
hMG1,GGTAATCTCATTGAGC,L2
hMG1,GGTAATCTCGCCGATG,L1
hMG1,GGTAATCTCGTGTGGC,L2
hMG1,GGTAATCTCTATCACT,L2
hMG1,GGTAGAGGTTCCAGGC,L2
hMG1,GGTAGAGTCGCTGTCT,L2
hMG1,GGTAGAGTCGGCCAAC,L2
hMG1,GGTAGAGTCTTTCCGG,L1
hMG1,GGTCACGAGCAGAAAG,L2
hMG1,GGTCACGAGCTTTCCC,L2
hMG1,GGTCACGAGTACGAGC,L2
hMG1,GGTCACGAGTCGAATA,L2
hMG1,GGTCACGAGTCGCGAA,L2
hMG1,GGTCACGCACTAACCA,L1
hMG1,GGTCACGCAGTCCCGA,L1
hMG1,GGTCACGCATGGCCAC,Basal
hMG1,GGTCACGGTGCTGTCG,Basal
hMG1,GGTCACGTCCCAAGCG,L1
hMG1,GGTCACGTCGGTCGGT,L2
hMG1,GGTCACGTCTTCGGAA,L2
hMG1,GGTCTGGAGAAAGCGA,L1
hMG1,GGTCTGGCAATACGCT,L1
hMG1,GGTCTGGCAGTTAAAG,L2
hMG1,GGTCTGGGTGACTGTT,L2
hMG1,GGTCTGGGTTAGGAGC,L2
hMG1,GGTCTGGTCACCTTGC,L2
hMG1,GGTCTGGTCCCTCTAG,L2
hMG1,GGTGAAGCATCATTGG,Basal
hMG1,GGTGAAGGTATACCCA,L2
hMG1,GGTGAAGGTCAGTCCG,L1
hMG1,GGTGAAGGTCCCTAAA,L2
hMG1,GGTGAAGGTCGACGCT,L2
hMG1,GGTGAAGTCAAGCCAT,L2
hMG1,GGTGAAGTCAAGGACG,L2
hMG1,GGTGAAGTCATAGGCT,L1
hMG1,GGTGAAGTCCTGTACC,L1
hMG1,GGTGATTAGATAGGGA,L2
hMG1,GGTGATTCACAGAAGC,L1
hMG1,GGTGATTCAGCTAACT,L1
hMG1,GGTGATTCAGTTCACA,L2
hMG1,GGTGATTGTAGTTACC,L2
hMG1,GGTGATTGTGATGGCA,L2
hMG1,GGTGATTGTTGCGAAG,L2
hMG1,GGTGATTTCCTTCTGG,L2
hMG1,GGTGGCTGTGGCTGAA,L2
hMG1,GGTGGCTGTTGCAACT,L2
hMG1,GGTGGCTTCTCCAATT,L1
hMG1,GGTGTCGAGGCATCGA,L2
hMG1,GGTGTCGAGTAATACG,L1
hMG1,GGTGTCGCAAATCCCA,L1
hMG1,GGTGTCGCAATGAAAC,L1
hMG1,GGTGTCGCAGGCATGA,L2
hMG1,GGTGTCGCAGGCCCTA,L2
hMG1,GGTGTCGCATTGAGGG,Basal
hMG1,GGTGTCGGTAAGAACT,L2
hMG1,GGTGTCGGTCTAGGTT,L2
hMG1,GGTGTCGGTGACTATC,L2
hMG1,GGTGTCGGTGTCTTAG,L2
hMG1,GGTGTCGGTTTCCATT,L2
hMG1,GGTGTCGTCAGGAGAC,L2
hMG1,GGTGTCGTCCCATTTA,L2
hMG1,GGTGTTAAGAACCCGA,L1
hMG1,GGTGTTAAGCAACAGC,L2
hMG1,GGTGTTAAGCAACTCT,L2
hMG1,GGTGTTAAGCCGGATA,L2
hMG1,GGTGTTAAGCGGTAAC,L2
hMG1,GGTGTTAAGGGCGAAG,L2
hMG1,GGTGTTACATCCTCAC,Basal
hMG1,GGTGTTAGTATTGGCT,L2
hMG1,GGTGTTAGTTCGTTCC,L1
hMG1,GGTGTTATCCCGAACG,L2
hMG1,GGTGTTATCGCCACTT,L2
hMG1,GGTTAACAGGACAACC,L1
hMG1,GGTTAACAGGCTCACC,L2
hMG1,GGTTAACAGGTACTGG,L1
hMG1,GGTTAACAGTATAGGT,L1
hMG1,GGTTAACCAACCACGC,Basal
hMG1,GGTTAACCACAGTCCG,L1
hMG1,GGTTAACCAGGCGATA,L2
hMG1,GGTTAACGTAAGGTCG,L1
hMG1,GGTTAACGTGCGGTAA,L1
hMG1,GGTTAACGTGTGGACA,L2
hMG1,GGTTAACGTTGCGGAA,L2
hMG1,GGTTAACTCAACGAGG,L1
hMG1,GGTTAACTCACGAGGA,L2
hMG1,GGTTAACTCCGTATAG,Basal
hMG1,GGTTAACTCGTACCTC,Basal
hMG1,GGTTCTCCACTTTAGG,Basal
hMG1,GGTTCTCGTGCCTACG,L2
hMG1,GGTTCTCTCGCAGTGC,L2
hMG1,GGTTGTAAGAGAGTGA,L1
hMG1,GGTTGTAAGCCTCTTC,L2
hMG1,GGTTGTAAGGTAAGTT,L2
hMG1,GGTTGTAAGGTAGACC,L2
hMG1,GGTTGTAAGGTCGTAG,L2
hMG1,GGTTGTAAGTTGGAAT,L1
hMG1,GGTTGTACAAACGGCA,Basal
hMG1,GGTTGTACAGCGCTTG,L1
hMG1,GGTTGTAGTAGCCCTG,L1
hMG1,GGTTGTATCCATCTCG,L2
hMG1,GGTTGTATCCATCTGC,L2
hMG1,GGTTGTATCGGATAAA,L2
hMG1,GGTTGTATCGTGTGGC,L2
hMG1,GTAACACAGCCTGGAA,L1
hMG1,GTAACACAGTCAGAGC,L2
hMG1,GTAACACGTAGACACG,L2
hMG1,GTAACACGTAGCCAGA,L1
hMG1,GTAACACGTGGGTATG,L1
hMG1,GTAACACTCCATCGTC,L2
hMG1,GTAACACTCGACACTA,L1
hMG1,GTAACACTCTTGGATG,L2
hMG1,GTAACCAAGACACACG,L1
hMG1,GTAACCAAGACATAAC,L2
hMG1,GTAACCAAGATTCGAA,Basal
hMG1,GTAACCAAGCAGTAAT,L2
hMG1,GTAACCAAGCTGTTAC,L2
hMG1,GTAACCAAGGGTACAC,L2
hMG1,GTAACCAAGTGTTCAC,L2
hMG1,GTAACCACAATTGCGT,L2
hMG1,GTAACCACACATTCTT,L2
hMG1,GTAACCACAGGGCTTC,L2
hMG1,GTAACCAGTAGGCTCC,L2
hMG1,GTAACCAGTTGCCGCA,L1
hMG1,GTAACCATCAAGTTGC,L1
hMG1,GTAACCATCGGAGCAA,L2
hMG1,GTAACCATCGGCATAT,L2
hMG1,GTAACCATCTCTGCCA,L2
hMG1,GTAAGTCAGACTACCT,L2
hMG1,GTAAGTCAGATCCGAG,L2
hMG1,GTAAGTCAGGTCCTGC,L2
hMG1,GTAAGTCAGGTGCTAG,L1
hMG1,GTAAGTCCAATGTCTG,L2
hMG1,GTAAGTCCACACGGAA,L2
hMG1,GTAAGTCCACCACTGG,L2
hMG1,GTAAGTCCAGCGGATA,L2
hMG1,GTAAGTCGTCCAGCGT,L2
hMG1,GTAAGTCGTCGTACTA,L2
hMG1,GTAAGTCTCCCGAATA,L2
hMG1,GTAAGTCTCCTCTAGC,L2
hMG1,GTAAGTCTCGTGTGGC,L1
hMG1,GTAATCGAGTTACGTC,L2
hMG1,GTAATCGCATTGTGCA,Basal
hMG1,GTAATCGGTCATCACA,L2
hMG1,GTAATCGGTTGCCGAC,L1
hMG1,GTAATCGTCACGGGAA,L2
hMG1,GTAATCGTCAGCTCTC,L2
hMG1,GTAATCGTCCGTAGGC,L2
hMG1,GTAATCGTCGTAGTCA,L2
hMG1,GTAATGCAGGCTAACG,L1
hMG1,GTAATGCAGTAGGTTA,L2
hMG1,GTAATGCCACTCCTGT,L2
hMG1,GTAATGCCAGACGCTC,L2
hMG1,GTAATGCGTCGAGCTC,L1
hMG1,GTAATGCGTTAGAGTA,L2
hMG1,GTAATGCTCACCCTCA,L2
hMG1,GTAATGCTCCCTGGTT,L1
hMG1,GTAATGCTCCTCTAAT,L2
hMG1,GTAATGCTCCTCTAGC,L1
hMG1,GTAATGCTCGTAGTGT,L2
hMG1,GTACAACAGCACTTTG,L2
hMG1,GTACAACAGTACAGCG,L2
hMG1,GTACAACCATACCACA,L1
hMG1,GTACAACGTGAAAGTT,L2
hMG1,GTACAACGTGTCATTG,L1
hMG1,GTACAACGTTATTCTC,L2
hMG1,GTACAACGTTCCGCAG,L2
hMG1,GTACAACTCACACCCT,L2
hMG1,GTACAACTCATTGAGC,L2
hMG1,GTACAGTAGAGAGAAC,L2
hMG1,GTACAGTAGCTACGTT,L1
hMG1,GTACAGTAGGTAGTAT,L2
hMG1,GTACAGTCAAGAGTGC,L2
hMG1,GTACAGTCAGTGTGCC,L2
hMG1,GTACAGTGTACTGTTG,L2
hMG1,GTACAGTGTGACAGCA,L2
hMG1,GTACAGTTCCGAAGGA,L1
hMG1,GTAGAAAAGGTCATTC,Basal
hMG1,GTAGAAAAGTAGACAT,L2
hMG1,GTAGAAACAAGCAGGT,L2
hMG1,GTAGAAACACAGTCAT,L2
hMG1,GTAGAAACAGTCTCTC,L2
hMG1,GTAGAAACAGTTAGAA,L1
hMG1,GTAGAAACATACCATG,L2
hMG1,GTAGAAACATCGAGCC,L2
hMG1,GTAGAAAGTAATGCGG,L2
hMG1,GTAGAAAGTCTTCATT,L1
hMG1,GTAGAAATCCTCTCGA,L2
hMG1,GTAGAAATCGGTCTAA,L2
hMG1,GTAGAAATCGTGCAGC,L2
hMG1,GTAGAGGAGTAGATCA,L1
hMG1,GTAGAGGAGTATGCAA,L2
hMG1,GTAGAGGAGTGGCCTC,L2
hMG1,GTAGAGGAGTTGCCCG,L1
hMG1,GTAGAGGCAAAGAGTT,L2
hMG1,GTAGAGGCAACTGAAA,L2
hMG1,GTAGAGGCATCGAACT,L1
hMG1,GTAGAGGGTACTCAAC,L1
hMG1,GTAGAGGGTCGTCTCT,L2
hMG1,GTAGAGGTCATTCGTT,L1
hMG1,GTAGATCAGAGTGAAG,L1
hMG1,GTAGATCAGTTCATCG,L2
hMG1,GTAGATCCAACACAGG,L2
hMG1,GTAGATCCATGTTTGG,L2
hMG1,GTAGATCGTCGGCTAC,L1
hMG1,GTAGATCGTTTGGAGG,L2
hMG1,GTAGATCTCATTCGTT,Basal
hMG1,GTAGATCTCGTTCTAT,L2
hMG1,GTAGATCTCTCGAACA,L2
hMG1,GTAGATCTCTGTTCAT,L2
hMG1,GTAGATCTCTGTTGGA,L2
hMG1,GTAGCTAAGACATACA,L2
hMG1,GTAGCTAAGAGCAGTC,L1
hMG1,GTAGCTAAGCCGTTGC,L1
hMG1,GTAGCTAAGGCGCTTC,L1
hMG1,GTAGCTACATAGAATG,L2
hMG1,GTAGCTACATCCTAAG,L2
hMG1,GTAGCTAGTGACTGAG,L1
hMG1,GTAGCTAGTGCCCACA,L2
hMG1,GTAGCTATCCCGAGGT,L2
hMG1,GTAGCTATCGAGTCCG,L2
hMG1,GTAGCTATCGGCTATA,L2
hMG1,GTAGGAGAGAAGTCAT,L2
hMG1,GTAGGAGAGTGCTAGG,L2
hMG1,GTAGGAGCAATTGAGA,L2
hMG1,GTAGGAGCATAGATCC,L2
hMG1,GTAGGAGCATGACGGA,L1
hMG1,GTAGGAGCATTGAGGG,L2
hMG1,GTAGGAGGTACGAGCA,L2
hMG1,GTAGGAGTCATCGACA,L1
hMG1,GTAGGAGTCTGAGAGG,Basal
hMG1,GTAGGTTAGAGAGCGG,Basal
hMG1,GTAGGTTCAAAGTGTA,L2
hMG1,GTAGGTTCAATCCTAG,L2
hMG1,GTAGGTTCATTAGGAA,L2
hMG1,GTAGGTTGTCCACAGC,L2
hMG1,GTAGGTTGTCCATACA,L1
hMG1,GTAGGTTGTGAGGCAT,L2
hMG1,GTAGGTTTCAAATGCC,L2
hMG1,GTAGGTTTCAACGCTA,L1
hMG1,GTAGGTTTCGAGAGAC,L1
hMG1,GTAGGTTTCGATGCAT,L2
hMG1,GTAGTACAGGGACACT,L2
hMG1,GTAGTACCAAGTATAG,L2
hMG1,GTAGTACTCAAACGTC,L1
hMG1,GTAGTACTCACGGAGA,L2
hMG1,GTAGTACTCCGGACTG,L2
hMG1,GTATTGGAGAAACACT,L2
hMG1,GTATTGGCACGCTGCA,L1
hMG1,GTATTGGTCAGCGCGT,L2
hMG1,GTATTGGTCCCAGCGA,L2
hMG1,GTATTGGTCCGATCTC,L2
hMG1,GTATTGGTCTTGATTC,L2
hMG1,GTATTTCCAAGTATAG,L2
hMG1,GTATTTCGTCGTCTCT,L2
hMG1,GTATTTCTCGAAACAA,L2
hMG1,GTCAAACAGCGCCCAT,L2
hMG1,GTCAAACAGGTCGTGA,Basal
hMG1,GTCAAACAGTCCTACA,L1
hMG1,GTCAAACAGTTCTCTT,L2
hMG1,GTCAAACCAGTAGTTC,L2
hMG1,GTCAAACTCAGCACCG,L1
hMG1,GTCAAACTCATCCCGT,L2
hMG1,GTCAAACTCGCCAGTG,L1
hMG1,GTCAAGTCAACCCTAA,L2
hMG1,GTCAAGTCAGTCGCTG,L2
hMG1,GTCAAGTCAGTTTCGA,L2
hMG1,GTCAAGTGTAAGCTCT,Basal
hMG1,GTCAAGTGTCATAACC,L2
hMG1,GTCAAGTGTCTCAAGT,L1
hMG1,GTCAAGTGTGAACGGT,L2
hMG1,GTCAAGTTCTAGGCAT,L2
hMG1,GTCACGGAGAAACTGT,L1
hMG1,GTCACGGAGGCGCTCT,L2
hMG1,GTCACGGCAAAGTATG,L1
hMG1,GTCACGGCAATCAAGA,L2
hMG1,GTCACGGCAGATCACT,L2
hMG1,GTCACGGCATAAGCAA,L2
hMG1,GTCACGGGTCGAGATG,L2
hMG1,GTCACGGGTTAAGTCC,Basal
hMG1,GTCACGGGTTCGCGTG,L2
hMG1,GTCACGGTCACGATAC,L1
hMG1,GTCACGGTCAGACAAA,Basal
hMG1,GTCACGGTCATGAGGG,L2
hMG1,GTCACGGTCTCCCAAC,L2
hMG1,GTCACTCAGCCTGGAA,L2
hMG1,GTCACTCAGCGGATCA,L2
hMG1,GTCACTCAGTGCTACT,L2
hMG1,GTCACTCCAACCAATC,L1
hMG1,GTCACTCCAATAACCC,Basal
hMG1,GTCACTCCAATTCTCT,L1
hMG1,GTCACTCCAGCTACTA,Basal
hMG1,GTCACTCCAGGTCCCA,L2
hMG1,GTCACTCGTGGAACCA,L2
hMG1,GTCACTCGTTCTCTCG,L2
hMG1,GTCACTCTCCACTTCG,L1
hMG1,GTCACTCTCCGCGGAT,L1
hMG1,GTCAGCGAGGGTAGCT,L1
hMG1,GTCAGCGCAAGAAATC,L2
hMG1,GTCAGCGCAAGTGACG,L2
hMG1,GTCAGCGCACAAGCTT,L2
hMG1,GTCAGCGCACGTAGAG,L2
hMG1,GTCAGCGCACTGAGTT,L2
hMG1,GTCAGCGCATTGAAGA,L2
hMG1,GTCAGCGGTCTCAAGT,L2
hMG1,GTCAGCGGTTCACCGG,L1
hMG1,GTCAGCGTCAAAGGAT,Basal
hMG1,GTCAGCGTCAGATTGC,L2
hMG1,GTCAGCGTCATTATCC,L1
hMG1,GTCAGCGTCCGATGCG,L2
hMG1,GTCAGCGTCCTCTGCA,L2
hMG1,GTCAGCGTCGATGGAG,L2
hMG1,GTCAGCGTCGGTCAGC,L1
hMG1,GTCATCCAGGCCTGAA,L1
hMG1,GTCATCCAGTGTTCAC,L1
hMG1,GTCATCCAGTTGCATC,L2
hMG1,GTCATCCCATACAGAA,L2
hMG1,GTCATCCGTACTCCGG,L2
hMG1,GTCATCCGTGTACATC,L2
hMG1,GTCATGAAGAGCTTTC,L1
hMG1,GTCATGAAGAGTCTGG,L1
hMG1,GTCATGAAGCTGAAGC,L2
hMG1,GTCATGAAGCTGACTT,L1
hMG1,GTCATGAAGTATGGAT,L2
hMG1,GTCATGACAAACCGGA,L1
hMG1,GTCATGACACGAGAAC,L2
hMG1,GTCATGACAGTTGTTG,L2
hMG1,GTCATGACATAGAGGC,L2
hMG1,GTCATGAGTAGAGGAA,L2
hMG1,GTCATGAGTGAAGCTG,L2
hMG1,GTCATGAGTTCCACAA,L2
hMG1,GTCATGAGTTGCTCCT,L1
hMG1,GTCATGAGTTGTGTAC,L2
hMG1,GTCATGAGTTTGCAGT,L2
hMG1,GTCATGATCACGGACC,Basal
hMG1,GTCATGATCGAACACT,L2
hMG1,GTCATTTAGCAATTCC,L2
hMG1,GTCATTTAGTGAGGTC,L2
hMG1,GTCATTTCAGAAATTG,L2
hMG1,GTCATTTGTGAGCGAT,L2
hMG1,GTCATTTTCCACCCTA,L2
hMG1,GTCATTTTCCTCCACA,L1
hMG1,GTCATTTTCTCGGGAC,L2
hMG1,GTCATTTTCTTCCTAA,L2
hMG1,GTCCACTAGGACTAAT,L1
hMG1,GTCCACTCAAGCGCTC,L2
hMG1,GTCCACTGTTCTCTAT,L2
hMG1,GTCCACTTCCATAGAC,L1
hMG1,GTCCACTTCGTCTACC,L2
hMG1,GTCCACTTCTCCAATT,L2
hMG1,GTCCCATAGATCGCCC,L2
hMG1,GTCCCATAGGTCTTTG,L1
hMG1,GTCCCATAGGTTCACT,L1
hMG1,GTCCCATCAGGCTCTG,L2
hMG1,GTCCCATGTCCAATCA,L2
hMG1,GTCCCATGTGATTCTG,L1
hMG1,GTCCCATTCAATCAGC,L1
hMG1,GTCCCATTCCAGCACG,L1
hMG1,GTCCTCAAGACGCCCT,Basal
hMG1,GTCCTCAAGACGTCCC,L2
hMG1,GTCCTCAAGTAACGAT,L1
hMG1,GTCCTCAAGTCCGCCA,L2
hMG1,GTCCTCAAGTTCACTG,L1
hMG1,GTCCTCACAGTCAGCC,L2
hMG1,GTCCTCACATGACGTT,L2
hMG1,GTCCTCAGTAGACACG,L1
hMG1,GTCCTCATCGCACGGT,L1
hMG1,GTCGAATAGGCGTCCT,L2
hMG1,GTCGAATCAATCTAGC,L2
hMG1,GTCGAATCACAGTACT,L2
hMG1,GTCGAATCACATATGC,L1
hMG1,GTCGAATGTGTTCAGT,Basal
hMG1,GTCGAATGTTGCCTAA,L2
hMG1,GTCGAATTCAATGTCG,L1
hMG1,GTCGAATTCGGACTGC,L2
hMG1,GTCGAATTCTTCTGTA,Basal
hMG1,GTCGCGAAGACTCATC,L2
hMG1,GTCGCGAAGCTTAGTC,L2
hMG1,GTCGCGACAGCTGAGA,L2
hMG1,GTCGCGACATGAAAGT,L2
hMG1,GTCGCGACATTGTGCA,L1
hMG1,GTCGCGAGTTGAATCC,L2
hMG1,GTCGCGATCACCTCAC,L1
hMG1,GTCGCGATCAGTCACA,L2
hMG1,GTCGCGATCGAAGGAC,L1
hMG1,GTCGCGATCGCTACAA,L1
hMG1,GTCGCGATCGTTTACT,L1
hMG1,GTCGCGATCTGGCTGG,L2
hMG1,GTCGCGATCTGGTGGC,L2
hMG1,GTCGTAAAGACATGCG,L1
hMG1,GTCGTAACACTACCCT,L2
hMG1,GTCGTAACAGGAGGTT,L1
hMG1,GTCGTAAGTCAAGGCA,L1
hMG1,GTCGTAAGTGCATCTA,L1
hMG1,GTCGTAATCCAACACA,L1
hMG1,GTCGTAATCTCAGTCC,L1
hMG1,GTCGTTCAGGTTAGTA,L2
hMG1,GTCGTTCAGGTTGGTG,L2
hMG1,GTCGTTCCAAAGACGC,L2
hMG1,GTCGTTCCAAGCCCAC,L2
hMG1,GTCGTTCCATTCGATG,L1
hMG1,GTCGTTCGTACCAATC,L1
hMG1,GTCGTTCGTACGCTAT,L2
hMG1,GTCGTTCGTGTCCTAA,Basal
hMG1,GTCGTTCTCCAAGAGG,L2
hMG1,GTCGTTCTCGCAGTCG,L2
hMG1,GTCGTTCTCTCATTGT,L2
hMG1,GTCGTTCTCTCTGACC,L1
hMG1,GTCTACCAGGTTCCGC,L2
hMG1,GTCTACCAGTCCTGTA,L2
hMG1,GTCTACCCAACACGTT,L2
hMG1,GTCTACCCACGACGCT,L1
hMG1,GTCTACCCATGTCAGT,L2
hMG1,GTCTACCGTATCCTTT,L2
hMG1,GTCTACCGTCCAGTTA,L2
hMG1,GTCTACCGTCGTGTTA,L1
hMG1,GTCTACCTCCAGTGTA,L2
hMG1,GTCTAGAAGACCACGA,L2
hMG1,GTCTAGAAGCCTATTG,L2
hMG1,GTCTAGAAGCCTGGAA,L2
hMG1,GTCTAGAAGCTCGCAC,L1
hMG1,GTCTAGAAGGGTTAGC,L2
hMG1,GTCTAGAAGGTAGATT,L1
hMG1,GTCTAGAAGTAGAGTT,L2
hMG1,GTCTAGAAGTTAGTGA,L1
hMG1,GTCTAGACAACACTAC,L2
hMG1,GTCTAGACATGACAGG,L1
hMG1,GTCTAGACATGGGAAC,L2
hMG1,GTCTAGATCATCTACT,L2
hMG1,GTCTAGATCCCGAGGT,L2
hMG1,GTCTCACCAACAAGTA,L2
hMG1,GTCTCACCAGACCAGA,L2
hMG1,GTCTCACCATCTCCCA,L2
hMG1,GTCTCACCATGGATCT,L2
hMG1,GTCTCACGTAACGATA,L2
hMG1,GTCTCACGTACTCCGG,L2
hMG1,GTCTCACTCCGTACGG,L2
hMG1,GTCTCACTCGAGATAA,L2
hMG1,GTCTGTCAGTGGAAAG,L2
hMG1,GTCTGTCGTAGCTGTT,L2
hMG1,GTCTGTCGTCGGTAAG,L2
hMG1,GTCTGTCGTCTACAAC,L1
hMG1,GTCTGTCGTCTGTGCG,L2
hMG1,GTCTGTCGTGAAGCGT,L2
hMG1,GTCTGTCGTTTCGTAG,L2
hMG1,GTCTGTCTCTCGAGTA,L2
hMG1,GTCTTTAAGCTCTGTA,L2
hMG1,GTCTTTAAGCTTCTAG,L2
hMG1,GTCTTTAAGTCATGCT,L2
hMG1,GTCTTTACAAATGGCG,L1
hMG1,GTCTTTACAAGACCGA,L1
hMG1,GTCTTTACAGTCGCAC,L2
hMG1,GTCTTTAGTCCTTGTC,L2
hMG1,GTCTTTAGTCTTCAAG,L2
hMG1,GTCTTTATCATTGGTG,Basal
hMG1,GTCTTTATCTTACCAT,L1
hMG1,GTGACGCAGACGCATG,L1
hMG1,GTGACGCAGTTGGCTT,Basal
hMG1,GTGACGCCAAAGGATT,Basal
hMG1,GTGACGCCACAACGTT,L1
hMG1,GTGACGCCAGAAGCGT,L2
hMG1,GTGACGCGTACCCAGC,L1
hMG1,GTGACGCTCACTGTCC,L2
hMG1,GTGACGCTCAGACCTA,L1
hMG1,GTGACGCTCCACGAAT,L2
hMG1,GTGAGCCCAATCTAGC,L2
hMG1,GTGAGCCCACAAACGG,L2
hMG1,GTGAGCCGTATGAAAC,L2
hMG1,GTGAGCCGTTCAGCGC,Basal
hMG1,GTGAGCCGTTGATCGT,L2
hMG1,GTGAGCCGTTTGGGTT,L2
hMG1,GTGAGCCTCAAGGTGG,L2
hMG1,GTGAGCCTCGCTCCTA,L1
hMG1,GTGAGCCTCTGTCCGT,L1
hMG1,GTGAGCCTCTTCGGTC,L1
hMG1,GTGAGCCTCTTTGATC,L2
hMG1,GTGAGGAAGCGAGTCA,L1
hMG1,GTGAGGAAGCGTGTTT,L2
hMG1,GTGAGGAAGCTGAAGC,L2
hMG1,GTGAGGACATACTTTC,L2
hMG1,GTGAGGAGTATAGCTC,L1
hMG1,GTGAGGATCTATCGTT,L2
hMG1,GTGAGTTAGTGGACTG,L1
hMG1,GTGAGTTCAGGCGATA,L2
hMG1,GTGAGTTCAGTAGGAC,L1
hMG1,GTGAGTTGTAACCCTA,L1
hMG1,GTGAGTTGTCATCGGC,L2
hMG1,GTGAGTTGTCGTACTA,L2
hMG1,GTGAGTTTCGACGATT,L2
hMG1,GTGATGTAGACATATG,L1
hMG1,GTGATGTAGAGGCGGA,L2
hMG1,GTGATGTAGTTTCTTC,L2
hMG1,GTGATGTGTACGACAG,L2
hMG1,GTGATGTGTTAGGCTT,Basal
hMG1,GTGATGTTCCGTTGAA,L2
hMG1,GTGATGTTCCTTATGT,L2
hMG1,GTGATGTTCTATCGTT,L2
hMG1,GTGATGTTCTCGACCT,L1
hMG1,GTGATGTTCTCGGCTT,L2
hMG1,GTGCACGAGAACGTGC,L1
hMG1,GTGCACGCAAACGAGC,L2
hMG1,GTGCACGCAAGAGCTG,L2
hMG1,GTGCACGCAAGGAGTC,L2
hMG1,GTGCACGCAGCTTCGG,L2
hMG1,GTGCACGGTTCCCAAA,L2
hMG1,GTGCACGGTTGATGTC,L1
hMG1,GTGCACGGTTGCATTG,L1
hMG1,GTGCACGGTTGGCCTG,L2
hMG1,GTGCACGTCAGTGTCA,L2
hMG1,GTGCACGTCCGCGATG,L2
hMG1,GTGCACGTCCTGGGAC,L2
hMG1,GTGCACGTCTCTGACC,L2
hMG1,GTGCAGCAGGGTGAAA,L2
hMG1,GTGCAGCAGGTGCAGT,L2
hMG1,GTGCAGCCAACTCCCT,L2
hMG1,GTGCAGCCAAGAGGTC,Basal
hMG1,GTGCAGCCACTAGTAC,L2
hMG1,GTGCAGCCATCTAACG,L2
hMG1,GTGCAGCGTAGGACCA,L2
hMG1,GTGCAGCGTCCTCCTA,L2
hMG1,GTGCAGCTCACCTGTC,L2
hMG1,GTGCAGCTCCAAACCA,L1
hMG1,GTGCAGCTCCACGAAT,L2
hMG1,GTGCAGCTCCGTGGGT,L2
hMG1,GTGCGTGAGTATGGAT,L2
hMG1,GTGCGTGCATAGGTAA,L1
hMG1,GTGCGTGGTAACAAGT,L1
hMG1,GTGCGTGGTCAGTCTA,L2
hMG1,GTGCGTGGTCCCTCAT,L2
hMG1,GTGCGTGTCAGCATTG,L2
hMG1,GTGCGTGTCAGGACGA,L2
hMG1,GTGCGTGTCTACGCAA,Basal
hMG1,GTGCTGGAGGCCTGCT,L2
hMG1,GTGCTGGCATACCACA,L2
hMG1,GTGCTGGGTCAAGTTC,L2
hMG1,GTGCTGGGTGCTGATT,L2
hMG1,GTGCTGGGTTCGGGTC,L2
hMG1,GTGCTGGTCGGTATGT,L2
hMG1,GTGCTGGTCTTGCAAG,L2
hMG1,GTGCTTCCATGAATCC,L1
hMG1,GTGCTTCGTGTTAAAG,Basal
hMG1,GTGCTTCTCCAATCCC,Basal
hMG1,GTGGAAGAGATAGGGA,L2
hMG1,GTGGAAGAGCATTGTC,L1
hMG1,GTGGAAGAGTTTCGAC,L2
hMG1,GTGGAAGCACTGTGAT,L2
hMG1,GTGGAAGGTTGTTTGG,L2
hMG1,GTGGAAGTCCGCAAAT,L1
hMG1,GTGGAAGTCTACTGCC,L1
hMG1,GTGGAGACACTAGGTT,L2
hMG1,GTGGAGACAGCTGCCA,L2
hMG1,GTGGAGAGTAGGCTCC,L2
hMG1,GTGGAGAGTTCTGAGT,L2
hMG1,GTGGAGATCAGCAGAG,L2
hMG1,GTGGAGATCGGCATAT,L2
hMG1,GTGGAGATCTAGGCAT,L2
hMG1,GTGGCGTAGAGAACCC,L2
hMG1,GTGGCGTAGCTTACGT,L2
hMG1,GTGGCGTAGGATGAGA,L2
hMG1,GTGGCGTAGGGCAGAG,L2
hMG1,GTGGCGTAGGTGCCTC,L2
hMG1,GTGGCGTAGTAACAGT,L1
hMG1,GTGGCGTAGTATAGGT,L2
hMG1,GTGGCGTCAAATGGAT,L1
hMG1,GTGGCGTCACGACGTC,L2
hMG1,GTGGCGTGTGAGGATC,L2
hMG1,GTGGCGTGTTAAGCAA,L2
hMG1,GTGGCGTGTTAGGCCC,L2
hMG1,GTGGCGTGTTGTGGAG,L2
hMG1,GTGGGAAAGGTCCCGT,Basal
hMG1,GTGGGAACAACGGGTA,L2
hMG1,GTGGGAACATTGCCGG,L2
hMG1,GTGGGAAGTAGCCAGA,L1
hMG1,GTGGGAAGTCCATCTC,L2
hMG1,GTGGGAAGTCGTCGGT,L2
hMG1,GTGGGAAGTTTCGTTT,L2
hMG1,GTGGGAATCATTGCCC,L2
hMG1,GTGGGAATCCATTGTT,L1
hMG1,GTGGGAATCCCATAGA,L1
hMG1,GTGGGAATCGGAGTGA,L2
hMG1,GTGGGAATCGTGGACC,L1
hMG1,GTGGGAATCTGATTCT,L2
hMG1,GTGGTTACAAGTCATC,L2
hMG1,GTGGTTATCCCATACC,Basal
hMG1,GTGGTTATCCGTGGCA,L2
hMG1,GTGGTTATCTTCGTAT,L2
hMG1,GTGTAACCAAATCAGA,L2
hMG1,GTGTAACCAAGGCAAC,L2
hMG1,GTGTAACCAGGCACTC,L1
hMG1,GTGTAACGTGATACTC,L2
hMG1,GTGTAACGTTTACCTT,L2
hMG1,GTGTAACGTTTCACAG,L2
hMG1,GTGTAACTCACCCTCA,L1
hMG1,GTGTAACTCAGGAAAT,L2
hMG1,GTGTAACTCCACCTGT,L2
hMG1,GTGTAACTCTCCTGTG,L2
hMG1,GTGTAACTCTCTGCCA,L1
hMG1,GTGTCCTCACCTGCGA,L2
hMG1,GTGTCCTCATCTGCGG,L2
hMG1,GTGTCCTGTAGGAGTC,L2
hMG1,GTGTCCTGTATCCCTC,L2
hMG1,GTGTCCTGTGGTACAG,L1
hMG1,GTGTCCTGTTCTCCCA,Basal
hMG1,GTGTCCTTCATCTATC,L2
hMG1,GTGTCCTTCTATGTGG,L2
hMG1,GTGTCCTTCTGGTGCG,Basal
hMG1,GTGTGATAGGCCATAG,L2
hMG1,GTGTGATAGTCGCCAC,L1
hMG1,GTGTGATCAAATTGGA,L1
hMG1,GTGTGATCACTCATAG,L2
hMG1,GTGTGATCACTCTCGT,L2
hMG1,GTGTGATCAGCTACAT,L1
hMG1,GTGTGATGTAACATCC,L2
hMG1,GTGTGATGTAGATCGG,Basal
hMG1,GTGTGATGTGCTGCAC,L2
hMG1,GTGTGATGTGGCAGAT,L1
hMG1,GTGTGATGTGTTCGTA,L2
hMG1,GTGTGATTCACATCAG,L2
hMG1,GTGTGATTCCAGCCTT,L1
hMG1,GTGTGATTCGTCGCTT,L2
hMG1,GTGTGATTCTACGCGG,Basal
hMG1,GTGTGGCAGACGCATG,L2
hMG1,GTGTGGCAGGTCACAG,L1
hMG1,GTGTGGCCACAGTCCG,L2
hMG1,GTGTGGCCAGTTAGAA,L2
hMG1,GTGTGGCCATACCGTA,L2
hMG1,GTGTGGCGTAACCCGC,L2
hMG1,GTGTGGCGTCAACCAT,L2
hMG1,GTGTGGCTCCTCATAT,L1
hMG1,GTGTTAGAGTGTGTTC,L1
hMG1,GTGTTAGCAAGGTACG,L2
hMG1,GTGTTAGCACAAACGG,L2
hMG1,GTGTTAGCAGCTACCG,L1
hMG1,GTGTTAGCATGTGTCA,L2
hMG1,GTGTTAGGTAGGCAAC,L2
hMG1,GTGTTAGGTATGCAAA,L1
hMG1,GTGTTAGGTCCAAATC,Basal
hMG1,GTGTTAGGTGTAAACA,L1
hMG1,GTGTTAGGTTGTGGAG,L2
hMG1,GTGTTAGTCACCGGTG,L2
hMG1,GTGTTAGTCGAGTCCG,L2
hMG1,GTGTTCCAGCATCTTG,L2
hMG1,GTGTTCCAGCGCCGTT,L2
hMG1,GTGTTCCCAGTCCGTG,L2
hMG1,GTGTTCCGTACATACC,L2
hMG1,GTGTTCCTCAGAGTGG,L1
hMG1,GTGTTCCTCCCGTAAA,L1
hMG1,GTGTTCCTCGCGAAGA,L2
hMG1,GTGTTCCTCGTACCTC,L2
hMG1,GTTACAGAGAGCAAGA,L2
hMG1,GTTACAGAGTCCGCCA,L2
hMG1,GTTACAGAGTCGAAGC,L2
hMG1,GTTACAGAGTTGTCAC,L1
hMG1,GTTACAGCACCGTGGT,L2
hMG1,GTTACAGCACTTGAGT,L2
hMG1,GTTACAGGTCGAATGG,L2
hMG1,GTTACAGGTTCCTTGC,L2
hMG1,GTTACAGTCATGAGTC,L2
hMG1,GTTACAGTCATGCCAA,L2
hMG1,GTTACAGTCCTGGTCT,L2
hMG1,GTTACAGTCTTCTAAC,L2
hMG1,GTTACCCAGACCAACG,L2
hMG1,GTTACCCAGACCTCAT,L2
hMG1,GTTACCCAGTAGAGTT,L2
hMG1,GTTACCCAGTATGTAG,Basal
hMG1,GTTACCCCACAAATGA,L1
hMG1,GTTACCCGTACTAGCT,L1
hMG1,GTTACCCTCATCCTGC,L1
hMG1,GTTACCCTCTGATTCT,L2
hMG1,GTTACGAAGGTCCCTG,L2
hMG1,GTTACGACAATAGTCC,L2
hMG1,GTTACGACACACGTGC,L2
hMG1,GTTACGACACCGTCGA,L2
hMG1,GTTACGACAGTCGGAA,L2
hMG1,GTTACGAGTCCAATCA,L2
hMG1,GTTACGAGTCCCAAAT,L2
hMG1,GTTACGAGTGCGCTCA,L1
hMG1,GTTACGAGTTGCGGCT,L2
hMG1,GTTACGATCGTCGATA,L2
hMG1,GTTAGACAGCATCCTA,L2
hMG1,GTTAGACAGTCATCCA,L2
hMG1,GTTAGACCAGGACAGT,L2
hMG1,GTTAGACTCACTCACC,L2
hMG1,GTTAGACTCGAGTCTA,L2
hMG1,GTTAGACTCTCGACGG,L1
hMG1,GTTAGTGAGCCTTTCC,L2
hMG1,GTTAGTGAGGATTCCT,L1
hMG1,GTTAGTGAGGTTACAA,Basal
hMG1,GTTAGTGAGTAAACGT,L1
hMG1,GTTAGTGAGTGTGTTC,L2
hMG1,GTTAGTGCAACCGTGC,L1
hMG1,GTTAGTGCACCGCTGA,L1
hMG1,GTTAGTGCAGAGGAAA,L2
hMG1,GTTAGTGCAGTGTGGA,L1
hMG1,GTTAGTGGTTGGCTAT,L1
hMG1,GTTAGTGTCAAAGGTA,L2
hMG1,GTTAGTGTCCATTCGC,L2
hMG1,GTTAGTGTCGGCCTTT,L2
hMG1,GTTATGGAGCAAGGAA,L2
hMG1,GTTATGGCAATCGCAT,L2
hMG1,GTTATGGCAATTTCTC,L1
hMG1,GTTATGGCAGTTTCAG,L1
hMG1,GTTATGGGTCGAAACG,L2
hMG1,GTTATGGGTGGCGCTT,L1
hMG1,GTTATGGGTGTGGTCC,L1
hMG1,GTTATGGGTTATGTCG,L2
hMG1,GTTATGGTCACTGGGC,L2
hMG1,GTTATGGTCCTGGTCT,L2
hMG1,GTTATGGTCTTTCGAT,L1
hMG1,GTTCATTAGAGGGTCT,L2
hMG1,GTTCATTCAGCATACT,L2
hMG1,GTTCATTCAGCATTGT,L2
hMG1,GTTCATTGTGCCCGTA,L1
hMG1,GTTCATTGTGTAGTGG,L2
hMG1,GTTCATTTCTCAATCT,L2
hMG1,GTTCCGTAGACCAGAC,L2
hMG1,GTTCCGTAGACTTAAG,L2
hMG1,GTTCCGTAGCGCCCAT,Basal
hMG1,GTTCCGTAGGAGCTGT,L1
hMG1,GTTCCGTCAAGCGAAC,L1
hMG1,GTTCCGTCACAGCATT,L2
hMG1,GTTCCGTCATCCTAAG,L1
hMG1,GTTCCGTGTATCTCTT,L1
hMG1,GTTCCGTGTGTCCATA,Basal
hMG1,GTTCCGTGTTGAGAGC,L2
hMG1,GTTCCGTTCACCATGA,Basal
hMG1,GTTCGCTAGGACGCTA,L1
hMG1,GTTCGCTAGGCGTCCT,L2
hMG1,GTTCGCTAGTGGTCAG,L1
hMG1,GTTCGCTCAGCACACC,L1
hMG1,GTTCGCTCATGTGGCC,L2
hMG1,GTTCGCTCATTGTGCA,L2
hMG1,GTTCGCTGTCGAGATG,L2
hMG1,GTTCGCTTCACCACAA,L2
hMG1,GTTCGCTTCATCACCC,L2
hMG1,GTTCGCTTCGAAGGAC,L2
hMG1,GTTCTATAGAATAGTC,L1
hMG1,GTTCTATAGATACAGT,Basal
hMG1,GTTCTATAGCGCACAA,L2
hMG1,GTTCTATAGGCCTGAA,L2
hMG1,GTTCTATAGTTCGCAT,L2
hMG1,GTTCTATCAGCTATTG,L2
hMG1,GTTCTATCATATAGCC,L2
hMG1,GTTCTATCATTACTCT,L1
hMG1,GTTCTATGTACAGAGC,L2
hMG1,GTTCTATGTCATCACA,L1
hMG1,GTTCTATGTCTTGTCC,L2
hMG1,GTTCTATGTGCGTGCT,L2
hMG1,GTTCTATTCCATGAGT,L2
hMG1,GTTCTATTCGGCTGAC,L2
hMG1,GTTCTATTCTAACGCA,L2
hMG1,GTTGAACAGCACTCAT,L1
hMG1,GTTGAACAGCCTCTCT,L2
hMG1,GTTGAACCAATGAGCG,L2
hMG1,GTTGAACCACTGATTG,L2
hMG1,GTTGAACTCCACATAG,L1
hMG1,GTTGAACTCGCCAACG,Basal
hMG1,GTTGCGGAGACATGCG,L2
hMG1,GTTGCGGAGATCGCTT,L1
hMG1,GTTGCGGCACGCAGTC,Basal
hMG1,GTTGCGGCAGCTGAAG,L1
hMG1,GTTGCGGCAGTAACCT,L2
hMG1,GTTGCGGCATGACTTG,L1
hMG1,GTTGCGGGTATGCGTT,L2
hMG1,GTTGCGGGTATGGAGC,L2
hMG1,GTTGCGGGTCTTCCGT,L1
hMG1,GTTGCGGTCAGCTTGA,L1
hMG1,GTTGCGGTCATTGTTC,L2
hMG1,GTTGCGGTCCAAGCCG,L2
hMG1,GTTGCGGTCGACCAAT,L2
hMG1,GTTGCGGTCTCTTGCG,L2
hMG1,GTTGCGGTCTGGGAGA,L2
hMG1,GTTGCGGTCTTACGTT,L1
hMG1,GTTGCTCAGTTAACGA,Basal
hMG1,GTTGCTCCAAATGGCG,L2
hMG1,GTTGCTCCAGGCTACC,L2
hMG1,GTTGCTCTCTCGCGTT,L2
hMG1,GTTGTAGAGCGCATCC,L1
hMG1,GTTGTAGAGGTAACTA,L2
hMG1,GTTGTAGAGGTCGCCT,L1
hMG1,GTTGTAGCATTGCTTT,Basal
hMG1,GTTGTAGTCCATAGAC,L2
hMG1,GTTGTCCAGCTAGAGC,L2
hMG1,GTTGTCCCAAAGCAAT,L2
hMG1,GTTGTCCCACGGTGAA,L1
hMG1,GTTGTCCCATATGGCT,L2
hMG1,GTTGTCCGTATGCTAC,L2
hMG1,GTTGTCCTCATCTATC,L1
hMG1,GTTGTCCTCGCAGAGA,L2
hMG1,GTTGTCCTCGCCTTGT,L2
hMG1,GTTGTCCTCTCGTTTA,L2
hMG1,GTTGTCCTCTCTGCTG,L2
hMG1,GTTGTGAAGATCGACG,L2
hMG1,GTTGTGAAGGCTCACC,L1
hMG1,GTTGTGACACACACGC,L2
hMG1,GTTGTGACACCTAAAC,L2
hMG1,GTTGTGAGTCAGGTGA,L1
hMG1,GTTGTGAGTCGACTGC,L2
hMG1,GTTGTGAGTGACCGTC,L2
hMG1,GTTGTGAGTGTATACC,L2
hMG1,GTTGTGATCGAGTACT,L2
hMG1,GTTGTGATCGGTCTAA,L1
hMG1,GTTTACTAGACCGCCT,L2
hMG1,GTTTACTAGGAGGGTG,L2
hMG1,GTTTACTAGGGAGATA,L2
hMG1,GTTTACTCATCCGAGC,L2
hMG1,GTTTACTCATGACGAG,L2
hMG1,GTTTACTGTCTTCTAT,L1
hMG1,GTTTACTTCCATTCGC,L1
hMG1,GTTTACTTCCCAAGTA,L2
hMG1,GTTTACTTCGAAGCAG,L2
hMG1,GTTTACTTCGAAGGAC,L1
hMG1,GTTTACTTCGAGTGAG,L1
hMG1,GTTTACTTCGCAGTTA,L2
hMG1,GTTTGGAAGCACAAAT,L2
hMG1,GTTTGGAAGCTGACCC,L2
hMG1,GTTTGGACAAGGTCTT,L2
hMG1,GTTTGGACACGACTAT,L1
hMG1,GTTTGGATCATTTGCT,Basal
hMG1,GTTTGGATCTGTAAGC,L2
hMG1,TAACACGAGCATGCAG,L2
hMG1,TAACACGAGCATTTCG,L1
hMG1,TAACACGAGTACTCGT,L2
hMG1,TAACACGAGTGTTCAC,L1
hMG1,TAACACGCAAATTGCC,L1
hMG1,TAACACGCACAAACGG,L2
hMG1,TAACACGCACGTACAT,L2
hMG1,TAACACGCATCGGCCA,L2
hMG1,TAACACGGTGTTCATG,L2
hMG1,TAACACGTCCTAGCGG,L2
hMG1,TAACCAGAGAAATGGG,L2
hMG1,TAACCAGAGATGGGCT,L2
hMG1,TAACCAGAGCAGCGAT,Basal
hMG1,TAACCAGAGTGACCTT,L2
hMG1,TAACCAGCAAGCCCAC,L2
hMG1,TAACCAGCACATACTG,L2
hMG1,TAACCAGCATGAAAGT,L2
hMG1,TAACCAGGTACAATAG,L1
hMG1,TAACCAGGTGGATCGA,L1
hMG1,TAACCAGGTGTTCAGT,L2
hMG1,TAACCAGGTTAACAGA,L2
hMG1,TAACCAGTCACGGAGA,L2
hMG1,TAACCAGTCCAGTACA,L2
hMG1,TAACCAGTCGTGGTAT,L2
hMG1,TAACCAGTCTTTGATC,L2
hMG1,TAACGACAGAGCATCG,L2
hMG1,TAACGACAGCGTATAA,L2
hMG1,TAACGACAGTGCAACG,L1
hMG1,TAACGACGTACACTCA,L1
hMG1,TAACGACGTCAACGCC,L2
hMG1,TAACGACGTTTATGCG,L2
hMG1,TAACGACTCAAGAGGC,L2
hMG1,TAACGACTCCTACCGT,L2
hMG1,TAACGACTCGAGCTGC,L2
hMG1,TAACGACTCTAGGCAT,L2
hMG1,TAACGACTCTGTACAG,Basal
hMG1,TAACTTCAGAAATCCA,Basal
hMG1,TAACTTCAGACCCGCT,L2
hMG1,TAACTTCAGACTCATC,L2
hMG1,TAACTTCCAACTCCCT,L1
hMG1,TAACTTCCAGCAAGAC,L2
hMG1,TAACTTCCAGTCTTCC,L2
hMG1,TAACTTCGTACAGCGA,L2
hMG1,TAACTTCGTTCCACGG,L1
hMG1,TAACTTCGTTTGGAAA,L1
hMG1,TAACTTCTCCCGTTGT,L2
hMG1,TAACTTCTCTCAACGA,L2
hMG1,TAAGCACAGGGAGGCA,L1
hMG1,TAAGCACAGTAGGTTA,L2
hMG1,TAAGCACCAGACTGCC,L2
hMG1,TAAGCACCATGATAGA,L2
hMG1,TAAGCACGTAACACGG,L2
hMG1,TAAGCACGTCGTTATG,L1
hMG1,TAAGCCAAGAGGTGCT,L2
hMG1,TAAGCCACACCGTCGA,L1
hMG1,TAAGCCACAGACGATG,L2
hMG1,TAAGCCAGTATTGGCT,L2
hMG1,TAAGCCAGTCAATGGG,L2
hMG1,TAAGCCAGTCACTCTC,L2
hMG1,TAAGCCAGTGACAGCA,L2
hMG1,TAAGCCAGTTCGAGCC,L2
hMG1,TAAGCCATCCCGAACG,L1
hMG1,TAAGCCATCGTCGATA,L1
hMG1,TAAGCCATCTCGACCT,L1
hMG1,TAAGCGTCACGATTCA,L1
hMG1,TAAGCGTCAGTGACCC,L2
hMG1,TAAGCGTCAGTGTATC,L2
hMG1,TAAGCGTCATCCGTGG,L1
hMG1,TAAGCGTGTACTTGTG,L2
hMG1,TAAGCGTGTAGCTGTT,L2
hMG1,TAAGCGTGTCTGTGAT,L2
hMG1,TAAGCGTGTCTTTCAT,L2
hMG1,TAAGCGTGTTTACTTC,L2
hMG1,TAAGCGTTCTCCGAGG,L1
hMG1,TAAGTCGAGAGAACCC,L2
hMG1,TAAGTCGAGCCATGCC,L2
hMG1,TAAGTCGAGTTCATCG,L2
hMG1,TAAGTCGCAATGGCAG,L2
hMG1,TAAGTCGCATTGCTGA,L2
hMG1,TAAGTCGGTATGCGTT,L2
hMG1,TAAGTCGTCTTACGTT,L2
hMG1,TAATCTCAGAGCAAGA,L1
hMG1,TAATCTCAGCTAGAAT,L2
hMG1,TAATCTCCAAACGGCA,L2
hMG1,TAATCTCCAACACGTT,Basal
hMG1,TAATCTCCAGGCACTC,L2
hMG1,TAATCTCCATCTTCGC,L2
hMG1,TAATCTCGTGACTAAA,L1
hMG1,TAATCTCGTGCATGAG,L2
hMG1,TAATCTCTCGCAGTTA,L1
hMG1,TAATTCCAGCACCAGA,L1
hMG1,TAATTCCAGGGCAGTT,L1
hMG1,TAATTCCAGTGTACCT,L2
hMG1,TAATTCCCAAACACGG,L1
hMG1,TAATTCCCAGAGGTTG,L2
hMG1,TAATTCCGTATGAGCG,L2
hMG1,TAATTCCGTATGCGTT,Basal
hMG1,TAATTCCGTGCCGTTG,L2
hMG1,TAATTCCTCAAGGTGG,L2
hMG1,TAATTCCTCACTTGGA,L2
hMG1,TAATTCCTCTACTGCC,L2
hMG1,TACAACGAGGTAGATT,L2
hMG1,TACAACGAGGTTATAG,L2
hMG1,TACAACGCACCTGCGA,L2
hMG1,TACAACGCACGGCGTT,L2
hMG1,TACAACGGTGCGAACA,L2
hMG1,TACAACGGTTAAGGGC,L2
hMG1,TACAACGTCGGAATTC,L1
hMG1,TACACCCAGAGTTGTA,L2
hMG1,TACACCCCAACCGCCA,L2
hMG1,TACACCCGTTACGTAC,Basal
hMG1,TACACCCGTTGTGGAG,L2
hMG1,TACAGGTAGTCACGAG,L2
hMG1,TACAGGTCACAGTGTT,L2
hMG1,TACAGGTCAGCGACCT,Basal
hMG1,TACAGGTGTAGCGCTC,L2
hMG1,TACAGGTGTCTGGTTA,L1
hMG1,TACAGGTGTCTGTGGC,L2
hMG1,TACAGGTTCGCTTGCT,L2
hMG1,TACAGGTTCTTGGAAC,L2
hMG1,TACATTCAGCTGAGCA,L1
hMG1,TACATTCAGTATGGAT,L2
hMG1,TACATTCCACGAGGTA,L2
hMG1,TACATTCCAGCACCCA,L1
hMG1,TACATTCCAGTCGGTC,L1
hMG1,TACATTCCATTGGGAG,L1
hMG1,TACATTCGTACAGGTG,L2
hMG1,TACATTCGTTCGGCTG,L2
hMG1,TACATTCGTTCTTGTT,L1
hMG1,TACATTCTCACGATAC,L2
hMG1,TACCCACAGTGGTTGG,L1
hMG1,TACCCACCACTGGCCA,L2
hMG1,TACCCACCAGGAAGTC,L1
hMG1,TACCCACGTATCAAGA,L2
hMG1,TACCCACGTCTAACTG,L2
hMG1,TACCCACGTGGAACCA,L2
hMG1,TACCCGTCACCCATAA,L2
hMG1,TACCCGTGTAAGGCCA,L1
hMG1,TACCCGTGTACATTGC,L1
hMG1,TACCCGTGTCATCGGC,Basal
hMG1,TACCCGTTCTTCCGTG,L1
hMG1,TACCGAACAAAGACGC,L1
hMG1,TACCGAACAAAGGCAC,L2
hMG1,TACCGAACAACCCTAA,L2
hMG1,TACCGAACACGCTGTG,L2
hMG1,TACCGAACATGGGATG,L2
hMG1,TACCGAAGTAACATGA,L1
hMG1,TACCGAAGTACAGGTG,L2
hMG1,TACCGAAGTCCGCAGT,L1
hMG1,TACCGAATCAGGACGA,L1
hMG1,TACCGAATCTTCGATT,L2
hMG1,TACCGGGCACTGCTTC,L2
hMG1,TACCGGGGTACGGATG,L2
hMG1,TACCGGGGTCACTCTC,L2
hMG1,TACCGGGTCGACACTA,L2
hMG1,TACCGGGTCGATTGGT,L2
hMG1,TACCTCGAGCACACAG,L2
hMG1,TACCTCGAGTTCATCG,L2
hMG1,TACCTCGCAACTACGT,L2
hMG1,TACCTCGCAACTCGAT,L2
hMG1,TACCTCGCAGACGCTC,L2
hMG1,TACCTCGCAGGCGAAT,L2
hMG1,TACCTCGCATGACGGA,L2
hMG1,TACCTCGCATGCCGCA,L2
hMG1,TACCTCGGTATGAGCG,L1
hMG1,TACCTCGGTCATCCGG,L1
hMG1,TACCTCGGTGTAGGAC,L2
hMG1,TACCTCGGTGTATCCA,L2
hMG1,TACCTCGGTTTAGAGA,L2
hMG1,TACCTCGTCGGCCAAC,L2
hMG1,TACCTGCAGACCATTC,L2
hMG1,TACCTGCAGATACTGA,Basal
hMG1,TACCTGCCAATCACGT,L2
hMG1,TACCTGCCAGGTACGA,L2
hMG1,TACCTGCGTGGGCTTC,L2
hMG1,TACCTGCGTTACCTTT,L2
hMG1,TACCTGCGTTTCGTTT,L2
hMG1,TACCTGCTCCAATCTT,L2
hMG1,TACCTGCTCGCGTGAC,L2
hMG1,TACCTGCTCTCGAGTA,L1
hMG1,TACGCTCAGGTTCCAT,L2
hMG1,TACGCTCCAAACTAAG,L2
hMG1,TACGCTCCAAATAGCA,L1
hMG1,TACGCTCCACCGAATT,L2
hMG1,TACGCTCCAGCGAGTA,L1
hMG1,TACGCTCGTATCATGC,L2
hMG1,TACGCTCGTATCCCAA,L2
hMG1,TACGCTCGTGGGTTGA,L2
hMG1,TACGCTCTCAACCTCC,L2
hMG1,TACGCTCTCAATCGGT,Basal
hMG1,TACGCTCTCATGGGAG,L2
hMG1,TACGCTCTCGTGGTAT,L1
hMG1,TACGCTCTCTGGACTA,L1
hMG1,TACGGGCAGACTTCGT,L2
hMG1,TACGGGCAGCTCGACC,Basal
hMG1,TACGGGCAGGTGCAGT,L2
hMG1,TACGGGCAGGTTGCCC,L2
hMG1,TACGGGCCACTCCTTG,L2
hMG1,TACGGGCCACTGGATT,L1
hMG1,TACGGGCCAGATAAAC,L1
hMG1,TACGGGCGTCCACTCT,L1
hMG1,TACGGGCGTCTCGCGA,L2
hMG1,TACGGGCTCGCAACAT,L2
hMG1,TACGGGCTCTTCGGAA,L2
hMG1,TACGGTAAGAATTTGG,L2
hMG1,TACGGTAAGCGTCGAA,L2
hMG1,TACGGTAAGCTTCATG,L2
hMG1,TACGGTACACGCTGAC,L1
hMG1,TACGGTACATTAAGCC,L2
hMG1,TACGGTAGTCTGTGTA,L2
hMG1,TACGGTAGTCTTGAGT,L2
hMG1,TACGGTAGTGAATTGA,Basal
hMG1,TACGGTAGTTGAGGAC,L2
hMG1,TACGGTATCATTTCGT,L2
hMG1,TACGGTATCCGTTGGG,L2
hMG1,TACGGTATCGCTGCGA,L2
hMG1,TACGTCCGTAGTCACT,L2
hMG1,TACGTCCGTATCCTTT,L2
hMG1,TACGTCCGTCATCGGC,L1
hMG1,TACGTCCGTCTGCAAT,L2
hMG1,TACGTCCGTGTACAGG,L2
hMG1,TACGTCCGTGTTACAC,L2
hMG1,TACGTCCGTTCTATCT,L2
hMG1,TACGTCCTCGCCTTGT,L2
hMG1,TACGTCCTCTGTGTGA,L2
hMG1,TACTGCCAGAGGCCAT,L2
hMG1,TACTGCCCAACCTATG,L2
hMG1,TACTGCCCAGACCTAT,L2
hMG1,TACTGCCCAGATGCGA,L2
hMG1,TACTGCCCATATGCGT,L2
hMG1,TACTGCCGTACTAAGA,L1
hMG1,TACTGCCGTTATGACC,L1
hMG1,TACTGCCTCCTATTTG,L1
hMG1,TACTGCCTCTCTGCCA,L2
hMG1,TACTTACAGCCAGAGT,L1
hMG1,TACTTACAGTTGTCGT,L1
hMG1,TACTTACGTCTCCCTA,L2
hMG1,TACTTACGTGGCTACC,L2
hMG1,TACTTACGTGGCTGAA,L2
hMG1,TACTTACTCTTAATCC,L2
hMG1,TACTTCAAGTCGGGAT,L2
hMG1,TACTTCACAACACAGG,L1
hMG1,TACTTCACAATTGCGT,L1
hMG1,TACTTCACACACTGGC,L2
hMG1,TACTTCACACGAAGAC,L1
hMG1,TACTTCACACTCGATA,L2
hMG1,TACTTCACAGGGTCTC,L2
hMG1,TACTTCATCAGCAGAG,L2
hMG1,TACTTCATCGTGTGAT,L1
hMG1,TACTTCATCGTTAGTG,L2
hMG1,TACTTCATCTGCGAGC,L1
hMG1,TACTTGTAGCACTCTA,L2
hMG1,TACTTGTAGGGACACT,Basal
hMG1,TACTTGTCAATGTGGG,L2
hMG1,TACTTGTCACATTCTT,L2
hMG1,TACTTGTCACGGCCAT,L2
hMG1,TACTTGTCATGGAAGC,L2
hMG1,TACTTGTGTCAGTCGC,L2
hMG1,TACTTGTTCCGGTAGC,Basal
hMG1,TAGACCAAGCGTGTCC,L1
hMG1,TAGACCACACTTGAAC,L2
hMG1,TAGACCACATCCTTGC,Basal
hMG1,TAGACCAGTTGAGAGC,L2
hMG1,TAGACCAGTTGCATTG,L2
hMG1,TAGACCATCGCAGTGC,L2
hMG1,TAGACTGAGAGAGAAC,L2
hMG1,TAGACTGCAAATACGA,L1
hMG1,TAGACTGCAACTTGCA,L1
hMG1,TAGACTGCAGTCTCTC,Basal
hMG1,TAGACTGGTGGGATTG,L2
hMG1,TAGACTGGTTGCGGAA,L2
hMG1,TAGACTGTCATTCATC,L2
hMG1,TAGACTGTCCCGGTAG,L2
hMG1,TAGACTGTCCGCAAAT,L2
hMG1,TAGAGTCAGCAAGTGC,L2
hMG1,TAGAGTCAGCAGGTCA,L2
hMG1,TAGAGTCAGCGAAACC,L2
hMG1,TAGAGTCAGGCGATAC,Basal
hMG1,TAGAGTCCAATCCTAG,L2
hMG1,TAGAGTCCACAAATGA,L2
hMG1,TAGAGTCCAGCCCACA,L2
hMG1,TAGAGTCCATCTTTCA,L2
hMG1,TAGAGTCTCCTAGAGT,L2
hMG1,TAGAGTCTCGAACCAT,L2
hMG1,TAGAGTCTCGTCTACC,L2
hMG1,TAGATCGAGCTTGTGT,L2
hMG1,TAGATCGAGGCGTTGA,Basal
hMG1,TAGATCGCATGACGTT,Basal
hMG1,TAGATCGCATTAAGCC,L2
hMG1,TAGATCGGTCACTTCC,L2
hMG1,TAGATCGGTCCCGTGA,L2
hMG1,TAGATCGGTCCGAAGA,L1
hMG1,TAGATCGGTTGAGGAC,L2
hMG1,TAGATCGTCAAATGCC,L2
hMG1,TAGCACAAGCGCAATG,L1
hMG1,TAGCACAAGTGGTGGT,L2
hMG1,TAGCACAAGTTGTCGT,L2
hMG1,TAGCACACACCTGCAG,L1
hMG1,TAGCACACAGGGACTA,L2
hMG1,TAGCACACATTGACTG,L2
hMG1,TAGCACAGTGACTCTA,L2
hMG1,TAGCACATCGGCTTGG,L2
hMG1,TAGCACATCTTCGGAA,L1
hMG1,TAGGAGGAGAGTTGAT,L2
hMG1,TAGGAGGAGCATAGGC,L1
hMG1,TAGGAGGAGCGATCGA,L1
hMG1,TAGGAGGAGGTCCTGC,L2
hMG1,TAGGAGGCAACTCGAT,L2
hMG1,TAGGAGGCAAGGCTTT,L1
hMG1,TAGGAGGCAATGCTCA,L2
hMG1,TAGGAGGGTCGTGCCA,L1
hMG1,TAGGAGGGTGTAAACA,Basal
hMG1,TAGGAGGTCAAGGCTT,L1
hMG1,TAGGAGGTCATTACCT,L2
hMG1,TAGGAGGTCCCTTTGG,L1
hMG1,TAGGAGGTCCGGGACT,L2
hMG1,TAGGAGGTCCTGGGAC,L2
hMG1,TAGGAGGTCGTTGTGA,L1
hMG1,TAGGAGGTCTTTGATC,L2
hMG1,TAGGGTTCACGACGTC,L2
hMG1,TAGGGTTTCACGGACC,L2
hMG1,TAGGTACAGGAACGCT,L1
hMG1,TAGGTACCATAATCCG,L2
hMG1,TAGGTACGTCATCGGC,L2
hMG1,TAGGTACGTCCGTTTC,Basal
hMG1,TAGGTACGTGCAATGG,L2
hMG1,TAGGTACTCGTTACCC,Basal
hMG1,TAGGTTGCAACGGCTC,L2
hMG1,TAGGTTGCACTTCAAG,L2
hMG1,TAGGTTGGTATGAGAT,L1
hMG1,TAGGTTGGTCGCACAC,L2
hMG1,TAGGTTGGTCGTAATC,L2
hMG1,TAGGTTGGTGCCTTCT,L2
hMG1,TAGGTTGTCATTACCT,L1
hMG1,TAGGTTGTCCCGAAAT,L2
hMG1,TAGGTTGTCCGGCTTT,L2
hMG1,TAGGTTGTCTCCTGTG,L2
hMG1,TAGTGCAAGATGGCAC,L2
hMG1,TAGTGCAAGCTGAGTG,L1
hMG1,TAGTGCACAAGTTGGG,L2
hMG1,TAGTGCACACCTGAAT,L2
hMG1,TAGTGCACACGACAGA,L2
hMG1,TAGTGCACACGAGGTA,L2
hMG1,TAGTGCACAGCAGTAG,L2
hMG1,TAGTGCACAGCGGATA,L2
hMG1,TAGTGCATCAGGAGAC,L2
hMG1,TATACCTCACCTCTGT,L1
hMG1,TATACCTCACTTCAAG,L2
hMG1,TATACCTGTACTGTTG,L2
hMG1,TATACCTGTCTCACAA,L2
hMG1,TATACCTTCGCATAGT,L2
hMG1,TATACCTTCGCCATAA,L2
hMG1,TATACCTTCTGCGGCA,L2
hMG1,TATATCCAGATTGGGC,L1
hMG1,TATATCCAGCCTCTTC,L2
hMG1,TATATCCGTTCCACAA,L2
hMG1,TATATCCGTTGACTAC,L1
hMG1,TATATCCTCCCGAATA,Basal
hMG1,TATATCCTCTAGCATG,L1
hMG1,TATCAGGAGAAGATCT,L2
hMG1,TATCAGGAGATCCCGC,L2
hMG1,TATCAGGAGCCACCGT,L1
hMG1,TATCAGGCATCACCAA,L1
hMG1,TATCAGGCATGAATAG,L2
hMG1,TATCAGGGTCAGGTGA,L2
hMG1,TATCAGGGTTCACCGG,L2
hMG1,TATCAGGTCTTGTGCC,L2
hMG1,TATCCTAAGATGGCGT,L2
hMG1,TATCCTAAGCAACTTC,L1
hMG1,TATCCTAAGCCAAGCA,L2
hMG1,TATCCTAAGCCTGCCA,L2
hMG1,TATCCTAAGCTATCTG,L2
hMG1,TATCCTAGTCAGCTTA,L2
hMG1,TATCCTAGTTTGGAGG,L2
hMG1,TATCCTATCACGTAGT,L2
hMG1,TATCCTATCGAAGAAT,L2
hMG1,TATCCTATCTAAGAAG,L1
hMG1,TATCCTATCTCAACCC,L1
hMG1,TATCCTATCTGGGAGA,L1
hMG1,TATCGCCAGAATCGCG,L1
hMG1,TATCGCCAGGAAGTGA,L2
hMG1,TATCGCCAGGCAGGTT,Basal
hMG1,TATCGCCAGGTGATCG,L2
hMG1,TATCGCCAGTCGCCCA,L2
hMG1,TATCGCCCATCGGAGA,L2
hMG1,TATCGCCGTAACTGCT,L2
hMG1,TATCGCCGTAGACGTG,L2
hMG1,TATCGCCGTAGCTCGC,L2
hMG1,TATCGCCGTCCGGCAT,L2
hMG1,TATCGCCGTGTCTTCC,L2
hMG1,TATCGCCGTGTGTACT,L2
hMG1,TATCTGTAGATTTGCC,L2
hMG1,TATCTGTCAATTGCCA,L1
hMG1,TATCTGTCATTCTGTT,Basal
hMG1,TATCTGTCATTGTACG,L1
hMG1,TATCTGTGTATGGTAA,L2
hMG1,TATCTGTGTGAAAGTT,L2
hMG1,TATCTGTTCAATCTTC,Basal
hMG1,TATCTGTTCACTTCTA,L2
hMG1,TATCTGTTCGCGCTGA,L1
hMG1,TATCTTGAGTGGATAT,L1
hMG1,TATCTTGAGTTAGTAG,L1
hMG1,TATCTTGCATCTCATT,L2
hMG1,TATCTTGGTAGTCACT,L1
hMG1,TATCTTGGTATGGAAT,Basal
hMG1,TATCTTGGTTCTCCTG,L1
hMG1,TATCTTGTCAGTAGGG,L1
hMG1,TATCTTGTCCCGTTGT,L1
hMG1,TATCTTGTCCTAAACG,L1
hMG1,TATCTTGTCTGGACCG,Basal
hMG1,TATGTTCAGGAGCAAA,L2
hMG1,TATGTTCAGGCACCAA,L2
hMG1,TATGTTCAGGGCATGT,L2
hMG1,TATGTTCAGTGCAACG,L2
hMG1,TATGTTCCAACAAGTA,L2
hMG1,TATGTTCCAGACGATG,L2
hMG1,TATGTTCCAGATTTCG,L2
hMG1,TATGTTCCAGCACCCA,Basal
hMG1,TATGTTCCAGGACATG,L2
hMG1,TATGTTCCATGTGCTA,L2
hMG1,TATGTTCCATTCGATG,L1
hMG1,TATGTTCGTACCGTGC,L2
hMG1,TATGTTCGTTCGGGTC,L2
hMG1,TATGTTCTCCACAGGC,L2
hMG1,TATTCCAAGTCAGAGC,L2
hMG1,TATTCCACAACTGCCG,L1
hMG1,TATTCCACACGACAAG,L2
hMG1,TATTCCACAGCTTCCT,L2
hMG1,TATTCCAGTACTGCCG,L1
hMG1,TATTCCAGTCACTTCC,L1
hMG1,TATTCCAGTCATCAGT,L1
hMG1,TATTCCAGTGGGTTGA,L1
hMG1,TATTCCAGTTGTCCCT,L2
hMG1,TATTCCATCGGAGTAG,L1
hMG1,TATTCCATCGTGCTCT,L2
hMG1,TATTGCTAGAGGTTAT,L2
hMG1,TATTGCTAGGGATCTG,L2
hMG1,TATTGCTAGTCTAGAA,L2
hMG1,TATTGCTCAATTCTTC,L2
hMG1,TATTGCTGTAACCCGC,L2
hMG1,TATTGCTGTACTCCCT,L2
hMG1,TATTGCTGTCCATAGT,L2
hMG1,TATTGCTGTCGGAAAC,L2
hMG1,TATTGCTGTCGGTACC,L1
hMG1,TATTGCTGTGAACCGA,L2
hMG1,TATTGCTGTGGTTCTA,L2
hMG1,TATTGCTTCAGGAACG,L2
hMG1,TATTGCTTCATGTCTT,L2
hMG1,TATTGCTTCCCTTGTG,L2
hMG1,TATTGCTTCGGAGTGA,L2
hMG1,TATTGCTTCGTCTAAG,L2
hMG1,TATTGGGAGCCTGAGA,L2
hMG1,TATTGGGAGTATGTAG,L2
hMG1,TATTGGGAGTCTTCGA,L2
hMG1,TATTGGGCACAATCTG,L2
hMG1,TATTGGGGTGTATTGC,L1
hMG1,TATTGGGTCGTTCTCG,L2
hMG1,TATTTCGAGATGCGAC,L2
hMG1,TATTTCGAGATGTTCC,L1
hMG1,TATTTCGCAAGCGAGT,L2
hMG1,TATTTCGCACTAAACC,L2
hMG1,TATTTCGCAGAGAATT,L2
hMG1,TATTTCGGTCGGTGTC,L2
hMG1,TATTTCGGTTCTCCAC,L2
hMG1,TATTTCGTCAAGTGGG,Basal
hMG1,TATTTCGTCAGCTAGT,L2
hMG1,TCAAGACAGACTCGAG,L1
hMG1,TCAAGACAGCGCATCC,L2
hMG1,TCAAGACGTACGCTAT,L2
hMG1,TCAAGACTCAGTGTCA,L2
hMG1,TCAAGACTCTTACGGA,L2
hMG1,TCAAGCACAAGCGGAT,L1
hMG1,TCAAGCACACTCTGCT,Basal
hMG1,TCAAGCACAGGACAGT,L2
hMG1,TCAAGCATCAGACATC,L2
hMG1,TCAAGCATCATTCACT,L2
hMG1,TCAAGCATCCACAAGT,L2
hMG1,TCAAGCATCCTGGGTG,L1
hMG1,TCAAGCATCGGTCTGG,L2
hMG1,TCAAGCATCTCAGTCC,L2
hMG1,TCAAGCATCTCATAGG,L1
hMG1,TCAAGTGAGCATAGGC,L2
hMG1,TCAAGTGAGCCTAGGA,L2
hMG1,TCAAGTGAGCTCTATG,L1
hMG1,TCAAGTGAGGTAAGGA,L2
hMG1,TCAAGTGCAAATGCTC,L1
hMG1,TCAAGTGCACATAGCT,L2
hMG1,TCAAGTGCAGAGTTGG,L2
hMG1,TCAAGTGCATCAGCGC,L1
hMG1,TCAAGTGGTGGACTGA,L1
hMG1,TCAAGTGGTTGGGCCT,L2
hMG1,TCAAGTGGTTTGTTCT,L2
hMG1,TCAATCTAGCTATCTG,L2
hMG1,TCAATCTAGGGCCAAT,L2
hMG1,TCAATCTCAAAGGCGT,L2
hMG1,TCAATCTCATAGATGA,Basal
hMG1,TCAATCTGTCAATCTG,L1
hMG1,TCAATCTTCGGCTGAC,L2
hMG1,TCAATTCCAGAACTTC,L2
hMG1,TCAATTCGTCTACACA,L2
hMG1,TCAATTCGTGCCCTTT,L2
hMG1,TCAATTCTCCAACTGA,L1
hMG1,TCACAAGAGCGGGTAT,L2
hMG1,TCACAAGAGTAGGTTA,L2
hMG1,TCACAAGCAATTGAGA,L1
hMG1,TCACAAGGTACCGTGC,L2
hMG1,TCACAAGGTCACTCTC,L2
hMG1,TCACAAGGTTGGTACT,L2
hMG1,TCACAAGTCATCTATC,L2
hMG1,TCACAAGTCCGCAGTG,L2
hMG1,TCACACCCAAACTCTG,L1
hMG1,TCACACCGTATCCTCC,L2
hMG1,TCACACCGTGATTCAC,L2
hMG1,TCACACCGTTACTCAG,Basal
hMG1,TCACACCTCATTGTTC,L2
hMG1,TCACACCTCGTTAGTG,L2
hMG1,TCACATTAGCATCCCG,L2
hMG1,TCACATTAGCTCCATA,L1
hMG1,TCACATTCACAAGCTT,L2
hMG1,TCACATTCATGATGCT,L1
hMG1,TCACATTGTGCGTGCT,L2
hMG1,TCACATTTCCTTGAAG,L2
hMG1,TCACATTTCTACGCGG,L2
hMG1,TCACATTTCTTCACGC,L2
hMG1,TCACGCTAGAGAGCAA,L1
hMG1,TCACGGGAGAACTTCC,L2
hMG1,TCACGGGAGAGTGAAG,L2
hMG1,TCACGGGAGAGTGGCT,L2
hMG1,TCACGGGCAAGCACAG,L2
hMG1,TCACGGGCACCAATTG,L2
hMG1,TCACGGGGTGCCGGTT,L2
hMG1,TCACGGGTCCAGCTCT,L2
hMG1,TCACGGGTCCAGTGCG,L1
hMG1,TCACGGGTCGAAGGAC,L2
hMG1,TCACGGGTCGTGAGAG,L1
hMG1,TCACGGGTCTTGGTCC,L2
hMG1,TCACGGGTCTTTGGAG,L2
hMG1,TCACTATAGCAGATAT,L2
hMG1,TCACTATAGCTCACTA,L2
hMG1,TCACTATCACATTGTG,L2
hMG1,TCACTATGTCAACCAT,L2
hMG1,TCACTATGTGCACATT,L2
hMG1,TCACTATTCCGTACGG,L2
hMG1,TCACTCGAGCATCCCG,L1
hMG1,TCACTCGAGGGACAGG,L2
hMG1,TCACTCGAGTGGTGGT,L2
hMG1,TCACTCGCATAGATCC,L2
hMG1,TCACTCGGTTCAACGT,L2
hMG1,TCACTCGTCACCTGGG,L2
hMG1,TCACTCGTCTCCACTG,L2
hMG1,TCAGCAAAGGTCTTTG,L2
hMG1,TCAGCAAAGGTTGGTG,L2
hMG1,TCAGCAACACACAGCC,L2
hMG1,TCAGCAACACTGTGTA,L2
hMG1,TCAGCAAGTAAGGCCA,L1
hMG1,TCAGCAAGTATCTCTT,L1
hMG1,TCAGCAAGTCCACACG,L1
hMG1,TCAGCAATCAGCATTG,L1
hMG1,TCAGCAATCGCTAATG,L1
hMG1,TCAGCAATCTCGGTAA,L1
hMG1,TCAGCCTAGCCATATC,L2
hMG1,TCAGCCTAGCCGTTAT,L2
hMG1,TCAGCCTCAGCTAACT,L2
hMG1,TCAGCCTCAGCTCGGT,L2
hMG1,TCAGCCTGTAATGTGA,L1
hMG1,TCAGCCTGTAGAGCTG,L2
hMG1,TCAGCCTGTTGCCGCA,L2
hMG1,TCAGCCTTCACCTTAT,L1
hMG1,TCAGCCTTCAGCTTGA,L2
hMG1,TCAGCCTTCCCAATAG,L1
hMG1,TCAGGGCAGCCGGAAT,L1
hMG1,TCAGGGCCACATAGCT,L2
hMG1,TCAGGGCCAGACCGCT,L1
hMG1,TCAGGGCCAGGCAATG,L2
hMG1,TCAGGGCGTACAGTCT,L2
hMG1,TCAGGGCGTCCAGAAG,L2
hMG1,TCAGGGCGTGTTAAAG,L1
hMG1,TCAGGGCGTTTACCAG,L1
hMG1,TCAGGGCTCCTATGGA,L1
hMG1,TCAGGGCTCGCTGACG,L1
hMG1,TCAGGTAAGACCTTTG,L1
hMG1,TCAGGTACACACTGGC,L2
hMG1,TCAGGTACAGAGTTGG,L2
hMG1,TCAGGTACATTCGATG,L2
hMG1,TCAGGTAGTACAGGTG,L1
hMG1,TCAGGTAGTTTCGGCG,Basal
hMG1,TCAGGTATCCAGCACG,L2
hMG1,TCAGGTATCGACGAGA,L1
hMG1,TCAGGTATCTCACCCA,L2
hMG1,TCAGGTATCTTGCAGA,Basal
hMG1,TCAGTCCAGGTTTACC,L2
hMG1,TCAGTCCCAGAGGAAA,L1
hMG1,TCAGTCCGTGTGTTTG,L2
hMG1,TCAGTCCGTTACGTAC,L1
hMG1,TCAGTCCGTTAGGCTT,L1
hMG1,TCAGTCCTCCGGACGT,L2
hMG1,TCAGTGAAGAAGCGAA,L2
hMG1,TCAGTGAAGATCACCT,L2
hMG1,TCAGTGAAGATCGCCC,L2
hMG1,TCAGTGAAGCACTCAT,Basal
hMG1,TCAGTGAAGCGTGCCT,L2
hMG1,TCAGTGAAGGGATCGT,L2
hMG1,TCAGTGAAGTCATGCT,L2
hMG1,TCAGTGACACATATCG,L2
hMG1,TCAGTGACAGATTCGT,L2
hMG1,TCAGTGACATGAGATA,Basal
hMG1,TCAGTGAGTCCAAATC,L2
hMG1,TCAGTGAGTCGACGCT,L2
hMG1,TCAGTGAGTGTGGTCC,L1
hMG1,TCAGTGATCCATTTCA,L2
hMG1,TCAGTGATCTCGGTAA,L2
hMG1,TCAGTTTAGCACTTTG,L2
hMG1,TCAGTTTGTGCCGTTG,L1
hMG1,TCAGTTTGTGGGCTCT,L1
hMG1,TCAGTTTGTTAGGCCC,L1
hMG1,TCAGTTTTCCCAGGAC,L2
hMG1,TCATACTCAACAAAGT,L1
hMG1,TCATACTCATGACTTG,L2
hMG1,TCATACTTCAAACCTG,L2
hMG1,TCATACTTCATTCGTT,L1
hMG1,TCATACTTCTAGCATG,L2
hMG1,TCATATCAGGGATCTG,L2
hMG1,TCATATCAGTAGGAAG,L2
hMG1,TCATATCCAGCACAAG,L2
hMG1,TCATATCCATATGAAG,L2
hMG1,TCATATCGTCGAAGCA,L2
hMG1,TCATATCGTGCTCTTC,L1
hMG1,TCATATCTCGGAGCAA,L2
hMG1,TCATATCTCTCTTGCG,L1
hMG1,TCATATCTCTGAACGT,L2
hMG1,TCATCATCACCTTCGT,L2
hMG1,TCATCATCAGTCCCGA,L2
hMG1,TCATCATCAGTCCGTG,L2
hMG1,TCATCATGTCGGTGAA,L2
hMG1,TCATCATGTGGCTAGA,L2
hMG1,TCATCATGTTAACAGA,L2
hMG1,TCATCATGTTATGTCG,L1
hMG1,TCATCATTCATCCCGT,Basal
hMG1,TCATCATTCCACACCT,L2
hMG1,TCATCATTCGTTCTCG,L2
hMG1,TCATCCGAGCATCTTG,L1
hMG1,TCATCCGCAACTAGAA,L2
hMG1,TCATCCGCAGGGTTGA,L1
hMG1,TCATCCGCATAATGCC,L1
hMG1,TCATCCGCATCTATCT,L2
hMG1,TCATCCGGTAGGATAT,L2
hMG1,TCATCCGGTCGACGCT,L2
hMG1,TCATCCGGTTCAAGTC,L1
hMG1,TCATCCGTCCCGAATA,Basal
hMG1,TCATGAGCAGAACCGA,L2
hMG1,TCATGAGCAGCTTTGA,L1
hMG1,TCATGCCCAGAGCTAG,L2
hMG1,TCATGCCCAGCAGACA,L1
hMG1,TCATGCCGTACTAACC,L2
hMG1,TCATGCCGTAGGCTGA,Basal
hMG1,TCATGCCGTTCCAAAC,L2
hMG1,TCATGCCGTTTGATCG,L2
hMG1,TCATGCCTCAGTCCGG,L2
hMG1,TCATGCCTCCAGCACG,Basal
hMG1,TCATGCCTCTGTTCAT,L2
hMG1,TCATGGAAGGATTCCT,L2
hMG1,TCATGGAAGTAAGCAT,L2
hMG1,TCATGGAAGTGCGACA,L1
hMG1,TCATGGACAAGATGGC,Basal
hMG1,TCATGGACACCAGGTC,L2
hMG1,TCATGGACACCTGCGA,L1
hMG1,TCATGGACATCAGCAT,L2
hMG1,TCATGGACATTAGGCT,L1
hMG1,TCATGGAGTCTCGGGT,L2
hMG1,TCATGGATCAATCCAG,L2
hMG1,TCATGGATCTGACGCG,L2
hMG1,TCATGTTAGAAGTCTA,L2
hMG1,TCATGTTAGAGGCCAT,L1
hMG1,TCATGTTAGATACATG,L2
hMG1,TCATGTTAGCTGCCAC,L2
hMG1,TCATGTTAGGAGTCTG,L2
hMG1,TCATGTTAGTTTGGCT,L1
hMG1,TCATGTTCACCAGTAT,L1
hMG1,TCATGTTCAGATACCT,L2
hMG1,TCATGTTCAGCCCACA,L1
hMG1,TCATGTTCATTCTTCA,L2
hMG1,TCATGTTGTATCGAGG,L2
hMG1,TCATGTTGTGATACAA,L1
hMG1,TCATGTTGTGCATCTA,L1
hMG1,TCATGTTGTGTATTCG,L2
hMG1,TCATGTTTCCTCTAAT,L1
hMG1,TCATTACAGGAGTACC,L2
hMG1,TCATTACAGGCAGGGA,L2
hMG1,TCATTACAGGCTCTAT,L2
hMG1,TCATTACCAGCTGTTA,L2
hMG1,TCATTACCAGGTGAGT,L2
hMG1,TCATTACGTACCTAGT,L1
hMG1,TCATTACGTTCACGAT,L2
hMG1,TCATTACGTTGGATCT,L2
hMG1,TCATTACTCCGGACTG,L2
hMG1,TCATTACTCCTTCTTC,L2
hMG1,TCATTACTCGAAATCC,L2
hMG1,TCATTCAAGAAGAACG,L2
hMG1,TCATTCAAGAGCAACC,Basal
hMG1,TCATTCACAAGAGTTA,L2
hMG1,TCATTCACACTATCCC,L2
hMG1,TCATTCAGTGACACGA,L2
hMG1,TCATTCAGTGAGGAAA,L2
hMG1,TCATTCAGTGGTCAAG,L1
hMG1,TCATTCAGTGTTGAGG,L2
hMG1,TCATTCAGTTCAAGTC,L1
hMG1,TCATTCATCCGTTTCG,L2
hMG1,TCATTCATCGAGAATA,L1
hMG1,TCATTCATCTAAGCCA,Basal
hMG1,TCATTGTAGATGCTAA,L2
hMG1,TCATTGTAGGCCTGAA,L2
hMG1,TCATTGTAGGGTAATT,L2
hMG1,TCATTGTAGGTTGGAC,L2
hMG1,TCATTGTCACCCTAAA,L1
hMG1,TCATTGTGTACGAGCA,L2
hMG1,TCATTGTGTATCAGCT,Basal
hMG1,TCATTGTGTATGGTAA,L1
hMG1,TCATTGTGTTCGTAAC,L1
hMG1,TCATTGTTCACCTCGT,L1
hMG1,TCATTGTTCTAGTTCT,L2
hMG1,TCATTGTTCTCTCTAA,L2
hMG1,TCATTTGAGCGGGTTA,L2
hMG1,TCATTTGAGGATGGCT,L2
hMG1,TCATTTGAGGTCCCGT,L2
hMG1,TCATTTGCACCTTCGT,L2
hMG1,TCATTTGCACTGCACG,L2
hMG1,TCATTTGCAGACGCTC,L2
hMG1,TCATTTGCAGCTGAAG,L2
hMG1,TCATTTGCATACCAGT,L2
hMG1,TCATTTGCATTCACCC,L1
hMG1,TCATTTGCATTGAAAG,L1
hMG1,TCATTTGGTCCTCCTA,Basal
hMG1,TCATTTGGTGCCTAAT,L2
hMG1,TCATTTGGTTGCATAC,L1
hMG1,TCATTTGTCCCGTTCA,L1
hMG1,TCATTTGTCCTAGCGG,L1
hMG1,TCCACCAAGTGTTGTC,L2
hMG1,TCCACCACACAATGCT,L2
hMG1,TCCACCACACCCTGAG,L2
hMG1,TCCACCAGTTACACTG,L2
hMG1,TCCACCATCGCCTATC,L2
hMG1,TCCACGTAGACGATAT,L2
hMG1,TCCACGTAGTACAGAT,L1
hMG1,TCCACGTCACTCAGAT,L2
hMG1,TCCACGTCAGTGTACT,L2
hMG1,TCCACGTGTCACAGTT,L2
hMG1,TCCACGTGTTAAGACA,L1
hMG1,TCCACGTTCCGACATA,L2
hMG1,TCCACGTTCTGCGAGC,L1
hMG1,TCCACGTTCTGGTGGC,L2
hMG1,TCCAGAAAGATCCCGC,L2
hMG1,TCCAGAAAGGGTATAT,L2
hMG1,TCCAGAACACATTACG,L1
hMG1,TCCAGAACATACATCG,L1
hMG1,TCCAGAACATGTACGT,L1
hMG1,TCCAGAAGTGGACCAA,L2
hMG1,TCCAGAATCAAGTCGT,L2
hMG1,TCCAGAATCTGTAACG,L2
hMG1,TCCATCGAGCCTCTGG,L1
hMG1,TCCATCGAGGTAATCA,L2
hMG1,TCCATCGAGTACGAGC,L2
hMG1,TCCATCGAGTGCTAGG,L2
hMG1,TCCATCGAGTGCTCGC,L2
hMG1,TCCATCGCACGTAACT,L2
hMG1,TCCATCGCAGCGCTTG,L2
hMG1,TCCATCGCAGTCAGCC,Basal
hMG1,TCCATCGCAGTGTATC,L2
hMG1,TCCATCGGTAACAGTA,L1
hMG1,TCCATCGGTGCCTGCA,L2
hMG1,TCCATCGGTGCTTATG,L2
hMG1,TCCATCGTCGTCAGAT,L2
hMG1,TCCATGCAGGTGGGTT,L2
hMG1,TCCATGCAGGTTGAGC,L2
hMG1,TCCATGCCACTGCACG,L2
hMG1,TCCATGCGTCAACATC,L2
hMG1,TCCATGCGTCGATTAC,L2
hMG1,TCCATGCGTCTGATAC,L1
hMG1,TCCATGCGTGATTGGG,L2
hMG1,TCCATGCTCAGAGTGG,L2
hMG1,TCCATGCTCCCGATCT,L2
hMG1,TCCCACAAGACGTCGA,Basal
hMG1,TCCCACAAGCCTAGGA,L2
hMG1,TCCCACAAGCTAGCCC,L2
hMG1,TCCCACACATCTCCCA,L2
hMG1,TCCCACAGTCGTTGGC,L2
hMG1,TCCCACAGTCTGCAAT,L2
hMG1,TCCCACATCTATTGTC,L2
hMG1,TCCCAGTAGGTGCCAA,L2
hMG1,TCCCAGTAGGTGCGAT,L1
hMG1,TCCCAGTCAACCTAAC,L2
hMG1,TCCCAGTCAATACCTG,L2
hMG1,TCCCAGTGTATGGAAT,L2
hMG1,TCCCAGTGTCCTTAAG,Basal
hMG1,TCCCAGTGTGAACGGT,L2
hMG1,TCCCAGTGTGGGTCAA,L2
hMG1,TCCCAGTGTTGTCCCT,L1
hMG1,TCCCAGTTCAACGAGG,L2
hMG1,TCCCAGTTCTCAGTCC,L1
hMG1,TCCCATGCAAACGGCA,L2
hMG1,TCCCATGCACTTTATC,L2
hMG1,TCCCATGCATAATGAG,L2
hMG1,TCCCATGGTATAGCTC,L2
hMG1,TCCCATGGTCTTACAG,L1
hMG1,TCCCATGGTCTTGAAC,L2
hMG1,TCCCATGGTTAAGGGC,L1
hMG1,TCCCATGGTTGGCTAT,L2
hMG1,TCCCATGTCAATGCAC,L2
hMG1,TCCCATGTCCTACACC,L2
hMG1,TCCCATGTCGCATTAG,L2
hMG1,TCCCATGTCGGCATCG,L2
hMG1,TCCGAAAAGAGCATAT,Basal
hMG1,TCCGAAAGTCATGCAT,L1
hMG1,TCCGAAAGTCTCGGGT,L2
hMG1,TCCGAAATCATTCACT,L2
hMG1,TCCGAAATCTGGCCGA,L2
hMG1,TCCGATCAGGCAGGTT,L2
hMG1,TCCGATCCAAGATGTA,L1
hMG1,TCCGATCCATCGTGGC,Basal
hMG1,TCCGATCCATTGAGGG,L2
hMG1,TCCGATCGTCAGTCGC,Basal
hMG1,TCCGATCTCCAATCCC,L2
hMG1,TCCGATCTCGTTACCC,L2
hMG1,TCCGATCTCTATCGGA,L2
hMG1,TCCGATCTCTCGTCGT,L2
hMG1,TCCGGGAAGTCCCAGC,L2
hMG1,TCCGGGAAGTCTGTAC,L2
hMG1,TCCGGGAGTCTCAAGT,L2
hMG1,TCCGGGAGTCTTCAAG,L2
hMG1,TCCGTGTCACATCCCT,L2
hMG1,TCCGTGTCACCCTCTA,L2
hMG1,TCCGTGTCATCATCCC,L1
hMG1,TCCGTGTGTCAGTTTG,L2
hMG1,TCCGTGTTCACCTCTG,L1
hMG1,TCCGTGTTCTCGGCTT,L2
hMG1,TCCTAATAGCATTGTC,L2
hMG1,TCCTAATAGTATGACA,L1
hMG1,TCCTAATCATAACCCA,L2
hMG1,TCCTAATGTAATGTGA,L1
hMG1,TCCTAATGTGTTTACG,L2
hMG1,TCCTAATTCAAGTGTC,L2
hMG1,TCCTAATTCTGTGCGG,L2
hMG1,TCCTCCCAGACCCTTA,L2
hMG1,TCCTCCCAGAGCAAGA,L2
hMG1,TCCTCCCAGCAAATCA,L2
hMG1,TCCTCCCAGCACGTCC,L2
hMG1,TCCTCCCAGTCCTGCG,Basal
hMG1,TCCTCCCAGTGGCAGT,L2
hMG1,TCCTCCCAGTTAGAAC,Basal
hMG1,TCCTCCCCAAATACGA,L2
hMG1,TCCTCCCCAAGTCCCG,Basal
hMG1,TCCTCCCCAGGACTTT,L2
hMG1,TCCTCCCCATACCATG,L2
hMG1,TCCTCCCTCAGTCCGG,L2
hMG1,TCCTCCCTCTTCTCAA,L2
hMG1,TCCTCGAAGAAGATCT,L2
hMG1,TCCTCGAAGCGTCAAG,L2
hMG1,TCCTCGAAGGAGAATG,L2
hMG1,TCCTCGAAGGGTACAC,L2
hMG1,TCCTCGACAAGATGGC,L2
hMG1,TCCTCGACAGCACACC,L1
hMG1,TCCTCGAGTCGATTTG,L1
hMG1,TCCTCGAGTGGCCCAT,L2
hMG1,TCCTCGATCAAACGAA,L2
hMG1,TCCTCGATCTCTCTTC,L2
hMG1,TCCTCGATCTTCTGTA,L1
hMG1,TCCTCTTAGCACCTGC,L2
hMG1,TCCTCTTAGGGAGGAC,L2
hMG1,TCCTCTTCAATTGCCA,L1
hMG1,TCCTCTTCATTGGGAG,L2
hMG1,TCCTCTTGTACTGACT,L2
hMG1,TCCTCTTGTACTGCCG,L2
hMG1,TCCTCTTTCGGCACTG,L2
hMG1,TCCTGCAAGATGCTGG,L2
hMG1,TCCTGCAAGCCTCTCT,L1
hMG1,TCCTGCAAGGTCTACT,L1
hMG1,TCCTGCACAAGAGGCT,L2
hMG1,TCCTGCACAGAAGCTG,L1
hMG1,TCCTGCAGTACGGATG,L1
hMG1,TCCTGCAGTTCGTGCG,L2
hMG1,TCCTGCATCAGTGTTG,L2
hMG1,TCCTGCATCCACGGAC,L2
hMG1,TCCTGCATCCTCCACA,L1
hMG1,TCCTTCTAGAGCATAT,L2
hMG1,TCCTTCTAGCCTTGAT,L2
hMG1,TCCTTCTCAGCTGGTC,L2
hMG1,TCCTTCTGTAGCTAAA,L2
hMG1,TCCTTCTGTCCTTTGC,Basal
hMG1,TCCTTCTGTGCAAGAC,L2
hMG1,TCCTTCTTCGCAGATT,L2
hMG1,TCCTTCTTCGTAACTG,L2
hMG1,TCCTTTCAGACATAAC,L1
hMG1,TCCTTTCAGATCCCGC,L2
hMG1,TCCTTTCAGGCTCACC,L2
hMG1,TCCTTTCAGTAGCATA,L2
hMG1,TCCTTTCAGTCCTGCG,L1
hMG1,TCCTTTCCAACTGATC,L2
hMG1,TCCTTTCCAATCGCCG,L1
hMG1,TCCTTTCCAGCAAGAC,L2
hMG1,TCCTTTCCAGTCTCTC,L1
hMG1,TCCTTTCGTAGTGATA,L2
hMG1,TCCTTTCGTCCCGTGA,L1
hMG1,TCCTTTCGTGAACGGT,L2
hMG1,TCCTTTCGTGGTATGG,L1
hMG1,TCCTTTCGTGTCTCCT,L2
hMG1,TCCTTTCTCCAATGCA,L1
hMG1,TCCTTTCTCCTGGGTG,L1
hMG1,TCCTTTCTCTAGCCAA,L2
hMG1,TCGAACAAGGCTGGAT,L1
hMG1,TCGAACAAGGGCGAGA,L2
hMG1,TCGAACACAAGAGGCT,L2
hMG1,TCGAACACAAGGACAC,L2
hMG1,TCGAACACACCCGTAG,L2
hMG1,TCGAACAGTCCGACGT,L2
hMG1,TCGAACAGTGCTTATG,L2
hMG1,TCGAACATCGAAGCAG,L1
hMG1,TCGAACATCGGAGCAA,L2
hMG1,TCGAAGTAGGAATCGC,L2
hMG1,TCGAAGTAGGGCTTCC,Basal
hMG1,TCGAAGTAGGTCGTAG,L1
hMG1,TCGAAGTAGGTTGTTC,L2
hMG1,TCGAAGTAGTATGAAC,L2
hMG1,TCGAAGTCAAGTGTCT,L1
hMG1,TCGAAGTCACTTGAGT,L2
hMG1,TCGAAGTCAGGTGGAT,L2
hMG1,TCGAAGTCAGTTGGTT,L2
hMG1,TCGAAGTCATCGCCTT,L2
hMG1,TCGAAGTGTCAGATTC,L2
hMG1,TCGAAGTGTTGTCAGT,L2
hMG1,TCGACCTAGCGTGCTC,L1
hMG1,TCGACCTCAACCCGCA,L1
hMG1,TCGACCTCAACTTGCA,L1
hMG1,TCGACCTCAATGTGGG,L2
hMG1,TCGACCTCACTCTCGT,L1
hMG1,TCGACCTCAGAGTCAG,L1
hMG1,TCGACCTCAGGAATCG,L2
hMG1,TCGACCTGTACTCCCT,L2
hMG1,TCGACCTTCCGGACGT,L2
hMG1,TCGACGGAGATCCTAC,L2
hMG1,TCGACGGAGGTCATTC,L2
hMG1,TCGACGGAGGTTGAGC,L2
hMG1,TCGACGGCACAAACGG,L2
hMG1,TCGACGGCATAAGCAA,Basal
hMG1,TCGACGGCATCATTGG,L2
hMG1,TCGACGGTCGATACTG,L1
hMG1,TCGATTTAGGCAGCTA,L1
hMG1,TCGATTTAGTAGAATC,L2
hMG1,TCGATTTCAAATGATG,L1
hMG1,TCGATTTCACAAGTGG,L1
hMG1,TCGATTTCACGAGAAC,L2
hMG1,TCGATTTCAGCGATTT,L2
hMG1,TCGATTTCATCGGATT,L1
hMG1,TCGATTTCATCTGCGG,L1
hMG1,TCGATTTGTGGCAGAT,L2
hMG1,TCGATTTTCATCACTT,L2
hMG1,TCGATTTTCTAGCATG,L2
hMG1,TCGATTTTCTGAGATC,Basal
hMG1,TCGATTTTCTTAGGAC,L1
hMG1,TCGCACTAGAGAATCT,L1
hMG1,TCGCACTAGATTAGAC,L2
hMG1,TCGCACTCAAAGTGTA,L2
hMG1,TCGCACTCACTCAAGT,L1
hMG1,TCGCACTCATGGGAAC,L2
hMG1,TCGCACTGTACAAGTA,L1
hMG1,TCGCACTGTAGAATAC,Basal
hMG1,TCGCACTGTAGTATAG,L2
hMG1,TCGCACTGTCAGTCGC,L1
hMG1,TCGCACTGTCCCACGA,L2
hMG1,TCGCACTTCCATCCGT,L1
hMG1,TCGCACTTCCGCTAGG,L2
hMG1,TCGCAGGAGAGGTTTA,L2
hMG1,TCGCAGGAGTACTGTC,L2
hMG1,TCGCAGGCAAGGGTCA,L2
hMG1,TCGCAGGCACCAATTG,L1
hMG1,TCGCAGGCAGGTCAGA,L2
hMG1,TCGCAGGGTCATGGCC,L2
hMG1,TCGCAGGGTGAAAGTT,L2
hMG1,TCGCAGGGTGAATGAT,L2
hMG1,TCGCAGGGTGAGACCA,L2
hMG1,TCGCAGGGTGTTGACT,L2
hMG1,TCGCAGGTCACTACGA,L2
hMG1,TCGCAGGTCATCTACT,L2
hMG1,TCGCTCAAGACGCTCC,L2
hMG1,TCGCTCAAGAGTTCGG,L1
hMG1,TCGCTCACAGCGACAA,L1
hMG1,TCGCTCACATGGCCCA,L2
hMG1,TCGCTCAGTCGTACAT,L1
hMG1,TCGCTCAGTCTGCCTT,L2
hMG1,TCGCTCATCACAATGC,L2
hMG1,TCGCTCATCACGATAC,L2
hMG1,TCGCTCATCATTTACC,L2
hMG1,TCGCTCATCTCTTAAC,L2
hMG1,TCGCTTGAGATGTAGT,L2
hMG1,TCGCTTGAGCGACTTT,L2
hMG1,TCGCTTGCAATTCTTC,L2
hMG1,TCGCTTGCACGCAGTC,L2
hMG1,TCGCTTGCAGAAACCG,L2
hMG1,TCGCTTGCAGGGATAC,L2
hMG1,TCGCTTGCATCGCTGG,L1
hMG1,TCGCTTGGTAGACTGG,L2
hMG1,TCGCTTGGTATCGGTT,L2
hMG1,TCGCTTGGTCACTCGG,L2
hMG1,TCGCTTGGTCGTATTG,L2
hMG1,TCGCTTGTCAAGTAAG,L1
hMG1,TCGCTTGTCCCGGTAG,L2
hMG1,TCGCTTGTCGTCGCTT,L2
hMG1,TCGGATAAGACGGTCA,L2
hMG1,TCGGATAAGCTACTAC,L2
hMG1,TCGGATAAGGAGGCAG,L2
hMG1,TCGGATACAATAGGAT,L2
hMG1,TCGGATACAATCCAGT,L1
hMG1,TCGGATACAGAACTCT,L1
hMG1,TCGGATAGTTCGGGTC,L2
hMG1,TCGGATATCACCATCC,L2
hMG1,TCGGATATCCCTTGTG,L2
hMG1,TCGGATATCGCAATTG,L2
hMG1,TCGGATATCTGGGCGT,L2
hMG1,TCGGGACAGAGCAACC,L1
hMG1,TCGGGACAGGCCACTC,Basal
hMG1,TCGGGACAGGGCCTCT,Basal
hMG1,TCGGGACCACAAGCCC,L2
hMG1,TCGGGACCACTTCCTG,L2
hMG1,TCGGGACGTGGACAGT,L1
hMG1,TCGGGACGTGGTTTGT,L1
hMG1,TCGGGACGTTGAGGAC,L2
hMG1,TCGGGACTCAAACTGC,L1
hMG1,TCGGGACTCACCTACC,L1
hMG1,TCGGGACTCCTTTGAT,L2
hMG1,TCGGGCAAGTCCTGTA,L2
hMG1,TCGGGCAAGTGGAATT,L1
hMG1,TCGGGCACAAAGCACG,L1
hMG1,TCGGGCAGTAACACGG,L2
hMG1,TCGGGCAGTGTGCCTG,L2
hMG1,TCGGGCATCAGGTAAA,L2
hMG1,TCGGGCATCTCTGAGA,L1
hMG1,TCGGGCATCTGGGTCG,L1
hMG1,TCGGGTGAGAGGCGGA,L2
hMG1,TCGGGTGAGCGTGCTC,L2
hMG1,TCGGGTGCAATGTGGG,L2
hMG1,TCGGGTGCACGACAAG,L2
hMG1,TCGGGTGCACTCAGAT,L1
hMG1,TCGGGTGCATAGGCGA,L2
hMG1,TCGGGTGGTATGCAAA,L2
hMG1,TCGGGTGGTCCTACAA,L2
hMG1,TCGGGTGTCAACTCTT,L2
hMG1,TCGGGTGTCCATAAGC,L2
hMG1,TCGGGTGTCTGTGCAA,L1
hMG1,TCGGTCTAGCTGCGAA,L2
hMG1,TCGGTCTAGGACAGTC,L2
hMG1,TCGGTCTAGGTACATA,L1
hMG1,TCGGTCTAGTTGTCGT,L2
hMG1,TCGGTCTCACTGTGTA,L1
hMG1,TCGGTCTCATTAGGAA,L2
hMG1,TCGGTCTGTGGCTGCT,L2
hMG1,TCGGTCTGTGGTCCCA,L1
hMG1,TCGGTCTTCGTTCCCA,L1
hMG1,TCGGTCTTCTCTCTAA,L2
hMG1,TCGTAGAAGGATATGT,L1
hMG1,TCGTAGACAATACAGA,L1
hMG1,TCGTAGACACACGGAA,L2
hMG1,TCGTAGACACACGGTC,L1
hMG1,TCGTAGACACCTATCC,L2
hMG1,TCGTAGACATTGCTTT,L1
hMG1,TCGTAGAGTACCATAC,L1
hMG1,TCGTAGAGTCGACTGC,L2
hMG1,TCGTAGAGTGCATACT,L2
hMG1,TCGTAGATCTCGTCGT,L2
hMG1,TCGTCCAAGCCTCTGG,L2
hMG1,TCGTCCAAGTTTCGAC,L2
hMG1,TCGTCCACAAATCGTC,L2
hMG1,TCGTCCACAGCAGATG,L2
hMG1,TCGTCCAGTAGAGATT,L2
hMG1,TCGTCCAGTAGGCAGT,L2
hMG1,TCGTCCAGTTACCCTC,Basal
hMG1,TCGTCCATCAGGTAAA,L1
hMG1,TCGTCCATCCCATGGG,Basal
hMG1,TCGTCCATCTTGGATG,L2
hMG1,TCGTGCTCAAGAATGT,L2
hMG1,TCGTGCTCAAGTCCCG,L1
hMG1,TCGTGCTCACAAGGTG,Basal
hMG1,TCGTGCTCACACACTA,L2
hMG1,TCGTGCTCACCTAAAC,L2
hMG1,TCGTGCTCACGATTCA,L2
hMG1,TCGTGCTCAGCTCGGT,L2
hMG1,TCGTGCTCAGTTCTAG,L2
hMG1,TCGTGCTCATGGAATA,L2
hMG1,TCGTGCTGTAGGCAAC,L2
hMG1,TCGTGCTGTCGCGTCA,L2
hMG1,TCGTGCTGTGAGAACC,L2
hMG1,TCGTGGGAGATGGTAT,L2
hMG1,TCGTGGGAGGTTTACC,L1
hMG1,TCGTGGGAGTAGACCG,L1
hMG1,TCGTGGGGTGAGTGAC,L2
hMG1,TCTAACTCAAATCGTC,L1
hMG1,TCTAACTCACCCTAGG,L2
hMG1,TCTAACTCATTCCTAT,L2
hMG1,TCTAACTGTATACCCA,L2
hMG1,TCTAACTGTCAACCTA,L1
hMG1,TCTAACTTCACATCAG,L2
hMG1,TCTAACTTCGATCCAA,Basal
hMG1,TCTACATAGATCCTAC,L2
hMG1,TCTACATAGCGTGAGT,L2
hMG1,TCTACATCACACCAGC,L2
hMG1,TCTACATTCGGTCGGT,L2
hMG1,TCTACCGAGGCTTAAA,L2
hMG1,TCTACCGAGGGTCAAC,L2
hMG1,TCTACCGAGGTCACTT,Basal
hMG1,TCTACCGCAACAGCTT,L2
hMG1,TCTACCGCACATGACT,Basal
hMG1,TCTACCGGTGAAGCTG,L2
hMG1,TCTACCGGTTCCTAAG,L2
hMG1,TCTACCGTCATGGAGG,L2
hMG1,TCTACCGTCGACACTA,L2
hMG1,TCTACCGTCTCGCAGG,L2
hMG1,TCTATACAGTTGCGCC,L2
hMG1,TCTATACCATAGACTC,L1
hMG1,TCTATACGTACGATTC,L2
hMG1,TCTATACGTGAATAAC,L2
hMG1,TCTATACTCAGACCGC,L2
hMG1,TCTATACTCGAAACAA,L2
hMG1,TCTATACTCGACGATT,L2
hMG1,TCTATCAAGGAACTAT,L2
hMG1,TCTATCAAGGTGCTAG,L2
hMG1,TCTATCAAGTAAAGCT,L2
hMG1,TCTATCACAACGACTT,L2
hMG1,TCTATCACACAAGCTT,L1
hMG1,TCTATCAGTCTGCGCA,Basal
hMG1,TCTATCATCAACCTTT,L2
hMG1,TCTATCATCTCGCCTA,L1
hMG1,TCTCACGAGAAGCGAA,L2
hMG1,TCTCACGAGGTACATA,L2
hMG1,TCTCACGCACATTCTT,L1
hMG1,TCTCACGCAGTCAGTT,L2
hMG1,TCTCACGGTCAGGCAA,L1
hMG1,TCTCACGGTGCGACAA,L2
hMG1,TCTCACGGTTTCACAG,L1
hMG1,TCTCACGTCCATCTAT,Basal
hMG1,TCTCACGTCCGATGCG,L2
hMG1,TCTCACGTCGACACTA,Basal
hMG1,TCTCACGTCGGAACTT,L2
hMG1,TCTCAGCAGAGCACTG,L2
hMG1,TCTCAGCAGTGATGGC,L2
hMG1,TCTCAGCAGTGGGAAA,Basal
hMG1,TCTCAGCCATCGTGCG,L2
hMG1,TCTCAGCCATGAGTAA,L1
hMG1,TCTCAGCGTCACTCTC,L2
hMG1,TCTCAGCGTTAGGACG,L2
hMG1,TCTCAGCGTTATAGCC,L2
hMG1,TCTCAGCGTTCCATTT,L2
hMG1,TCTCAGCTCACTCGAA,L2
hMG1,TCTCAGCTCATCACCC,L1
hMG1,TCTCAGCTCCTTATAC,L1
hMG1,TCTCAGCTCTCTCGAC,L2
hMG1,TCTCCGAAGATGCGAC,L2
hMG1,TCTCCGACAATGAAAC,L1
hMG1,TCTCCGAGTAGCTGTT,Basal
hMG1,TCTCCGAGTGACTGTT,L2
hMG1,TCTCCGAGTTCTTCAT,L2
hMG1,TCTCCGATCAGGACGA,L1
hMG1,TCTCCGATCGTGGGTC,L1
hMG1,TCTCTGGAGCCGTTAT,L2
hMG1,TCTCTGGCACGCTGAC,L2
hMG1,TCTCTGGCATGACCCG,L2
hMG1,TCTCTGGGTGTACGCC,L2
hMG1,TCTCTGGGTTGGTACT,L2
hMG1,TCTCTGGGTTTCGTAG,L1
hMG1,TCTGCCAAGGCACTCC,L1
hMG1,TCTGCCAAGTTAACAG,Basal
hMG1,TCTGCCACAAGGTCGA,L2
hMG1,TCTGCCACACATCCCT,L2
hMG1,TCTGCCAGTCGATTTG,L2
hMG1,TCTGCCAGTGTAGCAG,L2
hMG1,TCTGCCAGTGTCCGGT,L1
hMG1,TCTGCCATCCAGGACC,L2
hMG1,TCTGCCATCCATTTGT,L2
hMG1,TCTGCCATCTCACTCG,L2
hMG1,TCTGCCATCTTGATTC,L2
hMG1,TCTGGCTAGATACATG,L2
hMG1,TCTGGCTCAACTCGTA,L2
hMG1,TCTGGCTCACTGAGGA,L2
hMG1,TCTGGCTTCCAACTAG,L1
hMG1,TCTGGCTTCCACTGGG,Basal
hMG1,TCTGGCTTCGCGTTTC,L2
hMG1,TCTGGCTTCTCTGCTG,L2
hMG1,TCTGGCTTCTGTAACG,L2
hMG1,TCTGTCGAGACCATAA,L2
hMG1,TCTGTCGAGCAGGCAT,L2
hMG1,TCTGTCGAGGATATAC,Basal
hMG1,TCTGTCGAGGGCAACT,L2
hMG1,TCTGTCGAGTATTGCC,L1
hMG1,TCTGTCGCAATTGCAC,L2
hMG1,TCTGTCGCACACGTGC,L2
hMG1,TCTGTCGCAGGACAGT,L2
hMG1,TCTGTCGGTACGAGCA,L2
hMG1,TCTGTCGTCTCTATGT,L2
hMG1,TCTTAGTAGCTGGCTC,L2
hMG1,TCTTAGTCACCCTAAA,L1
hMG1,TCTTAGTCAGGCACAA,L2
hMG1,TCTTAGTCATAATCCG,L2
hMG1,TCTTAGTCATCGCCTT,L1
hMG1,TCTTAGTGTATCTCTT,L2
hMG1,TCTTAGTGTGGTCCGT,L1
hMG1,TCTTAGTGTGTCCATA,L2
hMG1,TCTTAGTGTTGATGTC,L2
hMG1,TCTTAGTGTTTCGACA,L2
hMG1,TCTTAGTTCCCAACTC,L2
hMG1,TCTTAGTTCCTGCTAC,L1
hMG1,TCTTAGTTCGTACACA,L2
hMG1,TCTTAGTTCTCATTGT,L2
hMG1,TCTTCCTAGCACTCGC,L2
hMG1,TCTTCCTCATACACCA,L2
hMG1,TCTTCCTGTACTCGAT,L2
hMG1,TCTTCCTGTATCGAGG,Basal
hMG1,TCTTCCTGTCCTGGTG,L2
hMG1,TCTTCCTTCAGCTGAT,L2
hMG1,TCTTCCTTCTATCGCC,L1
hMG1,TCTTGCGAGAACTCCT,L1
hMG1,TCTTGCGAGACTTGTC,L1
hMG1,TCTTGCGCAAAGCTAA,L1
hMG1,TCTTGCGCAAGAATGT,L1
hMG1,TCTTGCGCACACCTTC,L2
hMG1,TCTTGCGCATGCGTGC,L1
hMG1,TCTTGCGGTACTCGAT,L2
hMG1,TCTTGCGGTCACCACG,L2
hMG1,TCTTGCGGTTAGGCCC,L2
hMG1,TCTTGCGTCACTAGCA,L2
hMG1,TCTTGCGTCCACGAAT,L2
hMG1,TCTTGCGTCGAGCACC,L2
hMG1,TCTTGCGTCGTAACAC,L2
hMG1,TCTTGCGTCTGGGTCG,L2
hMG1,TCTTTGACAAACCACT,L1
hMG1,TCTTTGACAATAACCC,L2
hMG1,TCTTTGACACCCGTAG,L2
hMG1,TCTTTGACATGGTGGA,L2
hMG1,TCTTTGAGTTCCGCGA,L1
hMG1,TCTTTGAGTTTCGGCG,L2
hMG1,TCTTTGATCCGAGGCT,Basal
hMG1,TCTTTGATCCGAGTGC,L2
hMG1,TGAACGTAGCACTCCG,L2
hMG1,TGAACGTAGGCCACTC,L2
hMG1,TGAACGTCAATTCTCT,L2
hMG1,TGAACGTCAGTCAACT,L2
hMG1,TGAACGTCATCCGAAT,L2
hMG1,TGAACGTGTCCATCTC,L1
hMG1,TGAACGTTCCTGTACC,L2
hMG1,TGAATCGAGGTTCTAC,L1
hMG1,TGAATCGAGTTAGTAG,L2
hMG1,TGAATCGGTCATACCA,L2
hMG1,TGAATCGGTCGTTGGC,L1
hMG1,TGAATCGGTGAAAGTT,L2
hMG1,TGAATCGGTTACGCCG,L1
hMG1,TGAATCGTCACAAGAA,Basal
hMG1,TGAATCGTCCACACCT,L1
hMG1,TGAATCGTCCCTGTTG,L2
hMG1,TGAATCGTCGCATTAG,L2
hMG1,TGAATCGTCGGAGTGA,Basal
hMG1,TGAATGCAGCCGAATG,L2
hMG1,TGAATGCAGGCAGCTA,L1
hMG1,TGAATGCCATGATAGA,L1
hMG1,TGAATGCGTATCGGTT,L2
hMG1,TGAATGCGTCGCGTCA,L2
hMG1,TGAATGCGTTCGTTCC,L2
hMG1,TGAATGCGTTGGAGGT,L2
hMG1,TGAATGCTCACCCTGT,L2
hMG1,TGAATGCTCAGTCTTT,Basal
hMG1,TGAATGCTCCATGAGT,L2
hMG1,TGAATGCTCCCAGCGA,L2
hMG1,TGAATGCTCCCATTTA,L1
hMG1,TGAATGCTCTCGCTTG,L2
hMG1,TGACAGTAGATGGGCT,L2
hMG1,TGACAGTCACAATTCG,L2
hMG1,TGACAGTGTACGCTTA,L1
hMG1,TGACAGTGTCCGGACT,L2
hMG1,TGACAGTGTTCTTAGG,L1
hMG1,TGACAGTTCACGATCA,L1
hMG1,TGACAGTTCCCATTTA,L2
hMG1,TGACAGTTCGAAACAA,Basal
hMG1,TGACAGTTCGTCGACG,L2
hMG1,TGACCCTCAACAGTGG,L2
hMG1,TGACCCTCAATAGAGT,L1
hMG1,TGACCCTCAGACCCGT,L2
hMG1,TGACCCTCAGCACACC,L2
hMG1,TGACCCTCAGGGACTA,L2
hMG1,TGACCCTGTCACCCTT,L1
hMG1,TGACCCTGTCGAAACG,L1
hMG1,TGACCCTGTGCCTATA,L2
hMG1,TGACCCTGTTATTCCT,L2
hMG1,TGACCCTGTTGAGGAC,L2
hMG1,TGACCCTTCACTGAAC,L1
hMG1,TGACCCTTCAGCGTCG,L2
hMG1,TGACCCTTCATGGAGG,L2
hMG1,TGACCCTTCATTACTC,L1
hMG1,TGACCCTTCTGTAACG,L2
hMG1,TGACGCGAGCGCATCC,Basal
hMG1,TGACGCGAGGATTTAG,L1
hMG1,TGACGCGCAATGTTGC,L2
hMG1,TGACGCGCACAATCTG,L2
hMG1,TGACGCGCAGCAGTGA,Basal
hMG1,TGACGCGCAGTAACAA,L2
hMG1,TGACGCGGTACCACGC,L2
hMG1,TGACGCGGTACCGGAA,L2
hMG1,TGACGCGTCACTTCTA,L2
hMG1,TGACGCGTCTCATGGA,Basal
hMG1,TGACTCCAGAATTTGG,L1
hMG1,TGACTCCAGACGCCCT,L1
hMG1,TGACTCCAGATACAGT,L2
hMG1,TGACTCCAGCTTGTGT,L1
hMG1,TGACTCCCAACCGCCA,L2
hMG1,TGACTCCCAAGCGCAA,L1
hMG1,TGACTCCCAGCTGCCA,L1
hMG1,TGACTCCCAGCTTCCT,L2
hMG1,TGACTCCGTAGCTGCC,L2
hMG1,TGACTCCGTAGGAGGG,L1
hMG1,TGACTCCGTTCAGTAC,L2
hMG1,TGACTCCGTTTACCAG,L2
hMG1,TGACTCCTCACCATCC,L1
hMG1,TGACTCCTCGGTCTGG,L2
hMG1,TGACTCCTCTTCGTAT,L1
hMG1,TGAGACTAGACAGTCG,L2
hMG1,TGAGACTAGACCAAAT,L2
hMG1,TGAGACTAGAGAGTGA,L2
hMG1,TGAGACTAGCTAGAGC,L1
hMG1,TGAGACTAGGGTCTTT,L2
hMG1,TGAGACTAGGTAGATT,L2
hMG1,TGAGACTAGTTCCAGT,L2
hMG1,TGAGACTGTCCTCCAT,L2
hMG1,TGAGACTGTCGCAGTC,L2
hMG1,TGAGACTGTTGGGATG,L1
hMG1,TGAGACTTCACAGTGT,L1
hMG1,TGAGACTTCAGTGCGC,L2
hMG1,TGAGACTTCCTCGATC,L2
hMG1,TGAGACTTCGTCCTCA,L2
hMG1,TGAGACTTCTCAGAAC,L2
hMG1,TGAGCATAGACCAGCA,L2
hMG1,TGAGCATAGCGGGTAT,Basal
hMG1,TGAGCATAGCTACTGT,L2
hMG1,TGAGCATCACGCTGTG,L2
hMG1,TGAGCATCAGCTATTG,L2
hMG1,TGAGCATGTGCTGCAC,L1
hMG1,TGAGCATGTGGTTTGT,L1
hMG1,TGAGCATGTTATGTCG,Basal
hMG1,TGAGCATTCCGAAATC,L1
hMG1,TGAGCATTCGCATTGA,L1
hMG1,TGAGCATTCTAGAGCT,L2
hMG1,TGAGCGCAGCAAGCCA,L1
hMG1,TGAGCGCAGGCATCGA,L2
hMG1,TGAGCGCAGTAATCCC,L1
hMG1,TGAGCGCAGTGTTCAC,Basal
hMG1,TGAGCGCCAAACGGCA,L2
hMG1,TGAGCGCCACATTCGA,L2
hMG1,TGAGCGCGTATCACCA,L2
hMG1,TGAGCGCGTATGGAAT,L1
hMG1,TGAGCGCGTGAATAAC,L2
hMG1,TGAGCGCGTTCAATCG,L2
hMG1,TGAGCGCTCAAACTGC,L2
hMG1,TGAGCGCTCTTGGATG,L2
hMG1,TGAGGAGAGGGTACGT,L1
hMG1,TGAGGAGAGTTGGGAC,L2
hMG1,TGAGGAGCAAGGACAC,L2
hMG1,TGAGGAGCAGGAGGTT,L2
hMG1,TGAGGAGGTAGCGTTT,L1
hMG1,TGAGGAGTCAGATTGC,L1
hMG1,TGAGGAGTCAGTGTTG,L2
hMG1,TGAGGAGTCCAGTGTA,L2
hMG1,TGAGGAGTCTAGATCG,L2
hMG1,TGAGGAGTCTGCGAGC,L2
hMG1,TGAGGAGTCTTTACAC,L2
hMG1,TGAGGGAAGTCCCGAC,Basal
hMG1,TGAGGGACAGTGCGCT,L2
hMG1,TGAGGGACATATGGCT,L2
hMG1,TGAGGGATCCATGATG,L1
hMG1,TGAGGGATCCCTTGTG,L2
hMG1,TGAGGGATCTGAGAAA,L1
hMG1,TGAGGGATCTGGACCG,Basal
hMG1,TGAGGTTAGTCCTGTA,L1
hMG1,TGAGGTTCACCGAATT,Basal
hMG1,TGAGGTTCAGGAGGTT,L1
hMG1,TGAGGTTCATACAGCT,L2
hMG1,TGAGGTTGTAACGCGA,L2
hMG1,TGAGGTTGTAGCTAAA,L2
hMG1,TGAGGTTGTCTGTCAA,L2
hMG1,TGAGGTTGTTCTTAGG,Basal
hMG1,TGAGGTTTCAGTCAGT,L2
hMG1,TGAGGTTTCAGTGCGC,L1
hMG1,TGAGGTTTCCATTGGA,L2
hMG1,TGAGGTTTCGCTTGAA,L2
hMG1,TGAGGTTTCTTTCTAG,L2
hMG1,TGAGTCAAGCCACCGT,L1
hMG1,TGAGTCAAGCTACTAC,L1
hMG1,TGAGTCAAGTCAGAGC,L2
hMG1,TGAGTCAAGTGGAATT,L2
hMG1,TGAGTCAAGTTTGCTG,L2
hMG1,TGAGTCAGTCTGATAC,L2
hMG1,TGAGTCAGTCTTTCTA,Basal
hMG1,TGATCAGAGAGTAACT,L2
hMG1,TGATCAGAGATCCCAT,L2
hMG1,TGATCAGAGCTCGACC,L2
hMG1,TGATCAGAGGGAGTTC,L2
hMG1,TGATCAGAGTCATCCA,L1
hMG1,TGATCAGCAACCGACC,L1
hMG1,TGATCAGCAGATAAAC,L1
hMG1,TGATCAGCAGGGTCTC,L1
hMG1,TGATCAGGTAGCTGAG,L2
hMG1,TGATCAGGTCAACACT,L1
hMG1,TGATCAGGTTGTACGT,Basal
hMG1,TGATCAGTCGCTACAA,L2
hMG1,TGATCAGTCTGGTTGA,L2
hMG1,TGATCTTAGCCGGAAT,L2
hMG1,TGATCTTAGTAAGACT,L2
hMG1,TGATCTTAGTCATCGT,L2
hMG1,TGATCTTCAATTGCGT,L2
hMG1,TGATCTTGTAGCTGCC,L2
hMG1,TGATCTTGTAGCTTAC,Basal
hMG1,TGATCTTGTCCTTGTC,L2
hMG1,TGATCTTGTCGAAGCA,L2
hMG1,TGATCTTGTTCGAACT,L2
hMG1,TGATCTTTCGTGCATA,Basal
hMG1,TGATGCACAACTCCCT,L2
hMG1,TGATGCACACACCAGC,L1
hMG1,TGATGCACACTACCGG,L1
hMG1,TGATGCACAGCTACTA,L2
hMG1,TGATGCAGTACTAAGA,L1
hMG1,TGATGCAGTCACTTAG,L1
hMG1,TGATGCATCACATTGG,L2
hMG1,TGATGCATCACGGAGA,L1
hMG1,TGATGCATCAGCCCAG,L1
hMG1,TGATGCATCCTGTACC,L2
hMG1,TGATGCATCGAGTCCG,L2
hMG1,TGATGCATCTCGTCGT,L2
hMG1,TGATGGTAGCAAGGAA,L2
hMG1,TGATGGTAGCTTGTGT,Basal
hMG1,TGATGGTAGGTTCACT,L2
hMG1,TGATGGTAGGTTGCCC,L2
hMG1,TGATGGTCATAATCCG,L1
hMG1,TGATGGTCATGGTGGA,L2
hMG1,TGATGGTGTACGGGAT,L2
hMG1,TGATGGTGTCACAATC,L1
hMG1,TGATGGTGTGCAATAA,L2
hMG1,TGATGGTTCATAAGGA,L2
hMG1,TGATGGTTCATTCACT,L2
hMG1,TGATGGTTCGGTCTGG,L1
hMG1,TGATGGTTCGTCTAAG,L2
hMG1,TGATGGTTCGTGCTCT,L2
hMG1,TGATTCTAGTCGTCTA,Basal
hMG1,TGATTCTAGTTACTCG,L1
hMG1,TGATTCTCAATGTCTG,L2
hMG1,TGATTCTCACCGGAAA,L1
hMG1,TGATTCTCACCGTACG,L2
hMG1,TGATTCTGTACTCAAC,Basal
hMG1,TGATTCTGTAGCTGAG,L1
hMG1,TGATTCTGTCAAATCC,L2
hMG1,TGATTCTGTTATCTTC,L2
hMG1,TGATTCTGTTCGTAAC,L2
hMG1,TGATTCTGTTGAGAGC,L2
hMG1,TGATTCTTCGCTTACC,L1
hMG1,TGATTTCAGAATAGTC,L2
hMG1,TGATTTCAGGCCTAGA,L2
hMG1,TGATTTCAGGGATCAC,L1
hMG1,TGATTTCAGTAGCAAT,L2
hMG1,TGATTTCAGTTACGAA,L1
hMG1,TGATTTCCAAACACCT,L2
hMG1,TGATTTCCAGAACTTC,L2
hMG1,TGATTTCCAGTGGGTA,L1
hMG1,TGATTTCGTACACGCC,L2
hMG1,TGATTTCTCGAAGCCC,L1
hMG1,TGATTTCTCGCAGTTA,L1
hMG1,TGATTTCTCTTACGGA,L2
hMG1,TGCACGGAGCAGTACG,L2
hMG1,TGCACGGAGCTGCCAC,L2
hMG1,TGCACGGCAGCAGTTT,L2
hMG1,TGCACGGCATGTTACG,L2
hMG1,TGCACGGTCGAGCTGC,L2
hMG1,TGCAGATAGACTACCT,L2
hMG1,TGCAGATAGCGAGTCA,L1
hMG1,TGCAGATAGGGCAACT,L2
hMG1,TGCAGATCAACAGTGG,Basal
hMG1,TGCAGATCAATTCGTG,L2
hMG1,TGCAGATCACGCGTCA,L1
hMG1,TGCAGATGTTGTGGCC,L2
hMG1,TGCAGATGTTTGCAGT,L1
hMG1,TGCAGATTCAGCGCAC,L2
hMG1,TGCAGATTCTGCGGCA,L2
hMG1,TGCAGGCAGCAACAAT,L1
hMG1,TGCAGGCAGCCAAGTG,L2
hMG1,TGCAGGCAGCTGGAGT,Basal
hMG1,TGCAGGCAGGCGTTGA,L1
hMG1,TGCAGGCAGGTAGATT,L2
hMG1,TGCAGGCAGTTTCTTC,L2
hMG1,TGCAGGCCACAAAGTA,L2
hMG1,TGCAGGCCAGCATTGT,L2
hMG1,TGCAGGCCAGCGCGTT,L2
hMG1,TGCAGGCCATACCATG,L2
hMG1,TGCAGGCCATCCCGTT,L2
hMG1,TGCAGGCGTCCGCAGT,L1
hMG1,TGCAGGCTCGAAGAAT,L2
hMG1,TGCAGGCTCGTTGTAG,L1
hMG1,TGCAGTAAGAGGTCGT,L1
hMG1,TGCAGTAAGCTGACAG,L2
hMG1,TGCAGTACACCAACAT,L2
hMG1,TGCAGTACAGACATCT,L2
hMG1,TGCAGTACAGTTCACA,L1
hMG1,TGCAGTAGTAAGATTG,L2
hMG1,TGCAGTAGTAGGCTCC,L2
hMG1,TGCAGTAGTCCGGATC,L2
hMG1,TGCAGTAGTCTAACGT,L2
hMG1,TGCAGTAGTCTTCATT,L2
hMG1,TGCAGTAGTGCGTCGT,L2
hMG1,TGCAGTATCGTTGCCT,Basal
hMG1,TGCATCCAGCCGTCGT,L2
hMG1,TGCATCCAGGCGTTAG,L2
hMG1,TGCATCCAGGCTAAAT,L2
hMG1,TGCATCCAGGTTATAG,L2
hMG1,TGCATCCCAATTGAGA,L1
hMG1,TGCATCCTCACATTGG,L2
hMG1,TGCATCCTCACTACTT,L2
hMG1,TGCATCCTCGTGTCAA,L2
hMG1,TGCATGAAGTCACTGT,L2
hMG1,TGCATGACAGAGTTGG,L2
hMG1,TGCATGATCATATGGC,L2
hMG1,TGCATGATCGGTGTTA,L2
hMG1,TGCCGAGAGACCAACG,L2
hMG1,TGCCGAGAGATCACTC,Basal
hMG1,TGCCGAGAGCGACTAG,L2
hMG1,TGCCGAGAGCGGACAT,L2
hMG1,TGCCGAGAGTTGGGAC,L2
hMG1,TGCCGAGAGTTTAGGA,Basal
hMG1,TGCCGAGGTGCAGTGA,L1
hMG1,TGCCGAGTCAAGGCTT,L2
hMG1,TGCGACGAGGACGCTA,Basal
hMG1,TGCGACGAGGATTCCT,L1
hMG1,TGCGACGTCCGATCTC,L1
hMG1,TGCGATAAGCATTTGC,L2
hMG1,TGCGATAAGGTCACAG,L1
hMG1,TGCGATACAAATTAGG,L2
hMG1,TGCGATACAACTGGTT,L2
hMG1,TGCGATACACAACGTT,Basal
hMG1,TGCGATACATCAGCGC,L2
hMG1,TGCGATAGTATCGTGT,L1
hMG1,TGCGATAGTCGACTTA,Basal
hMG1,TGCGATAGTCGGTGAA,L2
hMG1,TGCGATAGTGACATCT,L2
hMG1,TGCGATAGTTTCAGAC,L1
hMG1,TGCGATATCACCGGTG,L2
hMG1,TGCGATATCATGGGAG,L1
hMG1,TGCGATATCGGTAGAG,L1
hMG1,TGCGATATCTTACGTT,L2
hMG1,TGCGGCAAGCAATAGT,L2
hMG1,TGCGGCAAGGCATCTT,L1
hMG1,TGCGGCAAGGTTGACG,L2
hMG1,TGCGGCACAGTCCCGA,L2
hMG1,TGCGGCACATGAGATA,L2
hMG1,TGCGGCAGTAAGGTCG,L2
hMG1,TGCGGCAGTCGAAACG,L2
hMG1,TGCGGCAGTGCCGGTT,L2
hMG1,TGCGGCAGTGGAACCA,L2
hMG1,TGCGGCATCGGTCACG,L2
hMG1,TGCGGGTAGTACAGCG,L2
hMG1,TGCGGGTAGTCACTCA,L2
hMG1,TGCGGGTAGTCCTGTA,L2
hMG1,TGCGGGTAGTCGGCCT,L2
hMG1,TGCGGGTCAGCTGTTA,L2
hMG1,TGCGGGTCAGTCAGTT,L2
hMG1,TGCGGGTCATGGCCAC,L1
hMG1,TGCGGGTGTTAAGTCC,L2
hMG1,TGCGGGTTCGAGAGAC,L2
hMG1,TGCTCCAAGAATCCCT,L2
hMG1,TGCTCCAAGCATAGGC,L2
hMG1,TGCTCCAAGCGGCTCT,L2
hMG1,TGCTCCAGTATACCTG,L2
hMG1,TGCTCCAGTCACAGTT,L2
hMG1,TGCTCCAGTCCGGATC,L2
hMG1,TGCTCCAGTTTCTATC,L1
hMG1,TGCTCCATCCGAAGGA,L1
hMG1,TGCTCCATCGACCACG,L2
hMG1,TGCTCCATCTCCATAT,L2
hMG1,TGCTCGTAGACTCGAG,L2
hMG1,TGCTCGTAGAGCAGAA,L2
hMG1,TGCTCGTAGCACCAGA,L1
hMG1,TGCTCGTAGCCTCACG,L2
hMG1,TGCTCGTAGCGTCTGC,L2
hMG1,TGCTCGTCAATTGCAC,L1
hMG1,TGCTCGTCACATGAAA,Basal
hMG1,TGCTCGTCACGGCGTT,L2
hMG1,TGCTCGTCATAGGCGA,L2
hMG1,TGCTCGTGTACAATAG,L1
hMG1,TGCTCGTGTACCTTCC,L1
hMG1,TGCTCGTGTCACTAGT,L1
hMG1,TGCTCGTTCATCACAG,Basal
hMG1,TGCTCGTTCCGTGTCT,L2
hMG1,TGCTCGTTCGGAATTC,L2
hMG1,TGCTCGTTCGGTGCAC,L1
hMG1,TGCTCGTTCGTCTAAG,L2
hMG1,TGCTCGTTCTGACGCG,L1
hMG1,TGCTCGTTCTGCGAGC,L2
hMG1,TGCTCGTTCTGCGGCA,L2
hMG1,TGCTGAAAGACAGCTG,L2
hMG1,TGCTGAAAGGTCGACA,L1
hMG1,TGCTGAAAGTTAACGA,L2
hMG1,TGCTGAATCAAGGACG,L1
hMG1,TGCTGAATCACCACAA,L2
hMG1,TGCTGAATCAGGGTAG,Basal
hMG1,TGCTGAATCCACTAGA,L2
hMG1,TGCTTCGAGCACCTGC,L1
hMG1,TGCTTCGCAACGCATT,L2
hMG1,TGCTTCGCATCGTGGC,L2
hMG1,TGCTTCGTCTAGAGCT,L2
hMG1,TGCTTCGTCTCTCCGA,L2
hMG1,TGCTTCGTCTGACAGT,L2
hMG1,TGCTTCGTCTGCGGCA,L2
hMG1,TGCTTGCGTAGTCTTG,L1
hMG1,TGCTTGCGTCGGAAAC,L2
hMG1,TGCTTGCGTGACAACG,L2
hMG1,TGCTTGCGTTCGGTCG,L1
hMG1,TGCTTGCGTTCTCCCA,L2
hMG1,TGCTTGCGTTTGCCGG,L1
hMG1,TGCTTGCTCCACGTCT,L2
hMG1,TGCTTGCTCTGAGGTT,L2
hMG1,TGGAACTAGGAGCAAA,L2
hMG1,TGGAACTAGGGATGTC,L2
hMG1,TGGAACTCACGACCTG,L2
hMG1,TGGAACTCAGAGGTAC,L2
hMG1,TGGAACTCATCTCCCA,L2
hMG1,TGGAACTGTATCGATC,L2
hMG1,TGGAACTGTCAAAGAT,L2
hMG1,TGGAACTGTGTTAAAG,L1
hMG1,TGGAACTTCAAGTGTC,L2
hMG1,TGGAACTTCACACCCT,L2
hMG1,TGGAACTTCAGAGTTC,L1
hMG1,TGGAACTTCCATAAGC,L2
hMG1,TGGAACTTCTCTGCCA,L2
hMG1,TGGAGAGAGAGGTTTA,L2
hMG1,TGGAGAGAGATAACGT,L2
hMG1,TGGAGAGAGATACATG,L2
hMG1,TGGAGAGAGTGATAAC,L2
hMG1,TGGAGAGAGTGCGACA,Basal
hMG1,TGGAGAGCAGAGTTCT,L2
hMG1,TGGAGAGGTAAGTTGA,Basal
hMG1,TGGAGAGGTCCTGGTG,L1
hMG1,TGGAGAGGTCTTCCGT,L1
hMG1,TGGAGAGTCATTGCTT,L1
hMG1,TGGAGAGTCGCGATCG,L2
hMG1,TGGAGAGTCGTGGGTC,L2
hMG1,TGGAGAGTCTTCTGGC,L2
hMG1,TGGAGGAAGTAACCGG,L2
hMG1,TGGAGGAAGTATCCTG,L2
hMG1,TGGAGGAAGTCGAAAT,L2
hMG1,TGGAGGAAGTCTGGTT,L1
hMG1,TGGAGGACAGAGTGTG,L2
hMG1,TGGAGGACAGCTGTGC,L2
hMG1,TGGAGGACAGGATTCT,L1
hMG1,TGGAGGACAGTATGAA,L2
hMG1,TGGAGGAGTCTTCAAG,L2
hMG1,TGGAGGAGTGCCTAAT,L2
hMG1,TGGAGGAGTGGTACAG,L2
hMG1,TGGAGGAGTTTACACG,L2
hMG1,TGGAGGATCGTAGCCG,L2
hMG1,TGGATCAAGCACCCAC,L2
hMG1,TGGATCACAAACTAAG,L1
hMG1,TGGATCACAAAGCACG,L2
hMG1,TGGATCACAGAACTAA,L2
hMG1,TGGATCACAGACCAGA,L2
hMG1,TGGATCAGTGAACCGA,L2
hMG1,TGGATCAGTGCGACAA,L2
hMG1,TGGATCAGTTATGGTC,L1
hMG1,TGGATCATCCGATTAG,L2
hMG1,TGGATCATCGATGCAT,L1
hMG1,TGGATCATCTGGGAGA,L2
hMG1,TGGATCATCTTCCACG,L2
hMG1,TGGATCATCTTCCTAA,L2
hMG1,TGGATGTAGAAGTGTT,L2
hMG1,TGGATGTCAAATGCTC,L2
hMG1,TGGATGTCAAGGTTGG,L2
hMG1,TGGATGTCAATCTCTT,L2
hMG1,TGGATGTGTACGTTCA,L2
hMG1,TGGATGTGTATAGGAT,L1
hMG1,TGGATGTTCCGCGAGT,L1
hMG1,TGGATGTTCGTCTAAG,L2
hMG1,TGGATGTTCGTTCAGA,L2
hMG1,TGGCGTGAGGACTAAT,L2
hMG1,TGGCGTGAGGTTGACG,L2
hMG1,TGGCGTGCACGGTGCT,L2
hMG1,TGGCGTGGTACATACC,L2
hMG1,TGGCGTGTCGAGATGG,L2
hMG1,TGGGAAGAGGCAGGGA,L2
hMG1,TGGGAAGAGTCAACAA,L2
hMG1,TGGGAAGCAGGTGAGT,L2
hMG1,TGGGAAGGTCTTCAAG,L2
hMG1,TGGGAAGGTGGATACG,L2
hMG1,TGGGAAGTCGACATCA,L2
hMG1,TGGGAAGTCGCGATCG,L2
hMG1,TGGGAGAAGACATAGT,L2
hMG1,TGGGAGAAGATTGACA,Basal
hMG1,TGGGAGAAGGATTTCC,L2
hMG1,TGGGAGACAACATCGT,L1
hMG1,TGGGAGAGTATTTCGG,L2
hMG1,TGGGAGAGTCAATCTG,L1
hMG1,TGGGAGATCAAACTGC,L1
hMG1,TGGGATTAGGACCCAA,L2
hMG1,TGGGATTAGTAGTCTC,L2
hMG1,TGGGATTGTAACAGGC,L1
hMG1,TGGGATTGTGCGAACA,L2
hMG1,TGGGATTGTTACAGCT,L1
hMG1,TGGGATTGTTAGAGTA,L2
hMG1,TGGGATTTCTAGACCA,L2
hMG1,TGGGCGTAGCATGCGA,L2
hMG1,TGGGCGTAGTCGCCAC,L2
hMG1,TGGGCGTAGTCTTGGT,L2
hMG1,TGGGCGTAGTTTCTTC,L2
hMG1,TGGGCGTCACCAGCTG,L2
hMG1,TGGGCGTCACTACCGG,L2
hMG1,TGGGCGTCAGGTCCCA,Basal
hMG1,TGGGCGTGTCGGCACT,L2
hMG1,TGGGCGTGTGAATGAT,Basal
hMG1,TGGGCGTGTGCACAAG,L2
hMG1,TGGGCGTGTTTGCAGT,L2
hMG1,TGGGCGTTCCCATTCG,Basal
hMG1,TGGGCGTTCCGTGTGG,L2
hMG1,TGGGCGTTCTCTGGTC,L2
hMG1,TGGGCGTTCTTGGAAC,L2
hMG1,TGGGCTGAGAGCCTGA,L2
hMG1,TGGGCTGAGCATTTGC,Basal
hMG1,TGGGCTGAGCCTTGAT,L1
hMG1,TGGGCTGAGTATGAGT,L1
hMG1,TGGGCTGCAAGCTACT,Basal
hMG1,TGGGCTGGTAGGTGCA,L1
hMG1,TGGGCTGGTCTTGGTA,L2
hMG1,TGGGCTGTCATTCGGA,L1
hMG1,TGGGCTGTCCTACCAC,L2
hMG1,TGGGCTGTCGTGGTAT,L1
hMG1,TGGGTTAAGCAACAGC,L2
hMG1,TGGGTTAAGCCTCACG,L1
hMG1,TGGGTTAAGCCTGAAG,L1
hMG1,TGGGTTACACAGTGTT,L2
hMG1,TGGGTTACATGAAGGC,L2
hMG1,TGGGTTAGTCTAATCG,L1
hMG1,TGGGTTAGTCTGTGGC,L2
hMG1,TGGGTTAGTGTGTCGC,L2
hMG1,TGGGTTAGTTCCAAAC,L1
hMG1,TGGGTTATCAAGTCGT,L2
hMG1,TGGGTTATCTCCTGTG,L2
hMG1,TGGTACAAGCTGTCCG,L1
hMG1,TGGTACAAGGTGATAT,L1
hMG1,TGGTACACATGCCGCA,L1
hMG1,TGGTACAGTAGCTCGC,L1
hMG1,TGGTACAGTTGTCTAG,L2
hMG1,TGGTACATCGAAGGAC,L2
hMG1,TGGTAGTAGACCACGA,L1
hMG1,TGGTAGTAGATTGGGC,L2
hMG1,TGGTAGTAGCTAGAGC,L2
hMG1,TGGTAGTAGCTTTCCC,Basal
hMG1,TGGTAGTCAACGATCT,L1
hMG1,TGGTAGTGTTGGGAAC,L2
hMG1,TGGTAGTTCATTGTGG,L2
hMG1,TGGTGATCATCGTTCC,Basal
hMG1,TGGTGATGTAAGTCAA,L1
hMG1,TGGTGATGTCAAAGCG,L2
hMG1,TGGTGATGTCGTGATT,L1
hMG1,TGGTGATGTGGAAGTC,L2
hMG1,TGGTGATGTTAAGTCC,L1
hMG1,TGGTGATGTTTGCAGT,L2
hMG1,TGGTGATTCTTCCCGA,L1
hMG1,TGGTGATTCTTTGCAT,L2
hMG1,TGGTTAGAGAGCCTGA,L2
hMG1,TGGTTAGCACATTCTT,L1
hMG1,TGGTTAGCAGCTGGTC,L2
hMG1,TGGTTAGTCACGAACT,L2
hMG1,TGGTTAGTCAGTCATG,L2
hMG1,TGGTTAGTCCGCTGTT,L1
hMG1,TGGTTAGTCCGGCTTT,L1
hMG1,TGGTTAGTCGTGTGGC,Basal
hMG1,TGTAACGAGATACATG,L2
hMG1,TGTAACGAGGCGACAT,L2
hMG1,TGTAACGAGGTTTACC,L1
hMG1,TGTAACGCAAGCAATA,L2
hMG1,TGTAACGCAAGGCCTC,L1
hMG1,TGTAACGCAGAGATGC,L2
hMG1,TGTAACGCATAATGCC,L1
hMG1,TGTAACGGTCAGTCTA,L1
hMG1,TGTAACGGTCCATAGT,L2
hMG1,TGTAACGGTTTGCCGG,L2
hMG1,TGTAACGTCACTTCTA,L2
hMG1,TGTAACGTCATTACGG,L2
hMG1,TGTAACGTCGCTAATG,L1
hMG1,TGTAACGTCTGCGATA,Basal
hMG1,TGTAACGTCTTAGTTC,L2
hMG1,TGTAAGCAGCACCGAA,L2
hMG1,TGTAAGCAGGGCTTCC,L2
hMG1,TGTAAGCCAAAGGAGA,L2
hMG1,TGTAAGCGTACTCGTA,L2
hMG1,TGTAAGCGTTCGAGCC,L1
hMG1,TGTAAGCGTTCTCTAT,L2
hMG1,TGTAAGCTCCTTTAGT,L2
hMG1,TGTAAGCTCGAGATGG,L2
hMG1,TGTAAGCTCGCTGTCT,L1
hMG1,TGTACAGAGTCAGAGC,L2
hMG1,TGTACAGAGTGCTCAT,L1
hMG1,TGTACAGCACTCCGGA,L2
hMG1,TGTACAGCAGCTGTAT,L2
hMG1,TGTACAGGTACTCCCT,L2
hMG1,TGTACAGGTAGATCCT,L2
hMG1,TGTACAGTCCAAGCTA,L2
hMG1,TGTAGACAGACGTCGA,L2
hMG1,TGTAGACAGTCTTCCC,L2
hMG1,TGTAGACAGTGGACGT,L2
hMG1,TGTAGACGTTATCTTC,L2
hMG1,TGTAGACTCATTGGTG,Basal
hMG1,TGTAGACTCCCTAGGG,L2
hMG1,TGTCAGAAGACCCGCT,L1
hMG1,TGTCAGAAGCAACAAT,L2
hMG1,TGTCAGAAGCCAAGCA,L2
hMG1,TGTCAGACAAGTGCTT,L1
hMG1,TGTCAGACACTGCACG,L2
hMG1,TGTCAGAGTATAGGGC,L2
hMG1,TGTCAGATCCACACAA,L2
hMG1,TGTCAGATCTCGGTAA,L2
hMG1,TGTCCACAGGAATGTT,Basal
hMG1,TGTCCACAGTTTCGAC,L2
hMG1,TGTCCACCAAATTAGG,L2
hMG1,TGTCCACGTGTCCTAA,L1
hMG1,TGTCCACGTTGGGTAG,L2
hMG1,TGTCCACTCATAGAGA,L2
hMG1,TGTCCCAAGCTGACTT,L2
hMG1,TGTCCCAAGGCCTGCT,L2
hMG1,TGTCCCACACGATAGG,Basal
hMG1,TGTCCCAGTCTAGTGT,L1
hMG1,TGTCCCAGTCTGTAGT,L2
hMG1,TGTCCCAGTGCCAAGA,L2
hMG1,TGTCCTGAGAGAGTGA,L2
hMG1,TGTCCTGAGTCGAAAT,L1
hMG1,TGTCCTGCACTGAATC,L2
hMG1,TGTCCTGGTCGGCCTA,L1
hMG1,TGTCCTGTCATGCATG,L2
hMG1,TGTCCTGTCGCGTTTC,L2
hMG1,TGTCCTGTCGGACCAC,L2
hMG1,TGTCCTGTCGTCGGGT,L1
hMG1,TGTGAGTAGAGAGAAC,L1
hMG1,TGTGAGTCAACCGCCA,L1
hMG1,TGTGAGTCATCAACCA,L2
hMG1,TGTGAGTGTAGAGGAA,L2
hMG1,TGTGAGTGTGGATTTC,Basal
hMG1,TGTGATGAGCGTACAG,L2
hMG1,TGTGATGAGCTAGAAT,L2
hMG1,TGTGATGAGGTTTGAA,L2
hMG1,TGTGATGAGTACTGGG,L2
hMG1,TGTGATGAGTAGGATT,L2
hMG1,TGTGATGCAGCTTTCC,L2
hMG1,TGTGATGCAGGCACAA,L2
hMG1,TGTGATGCAGGGTTGA,L2
hMG1,TGTGATGTCAAGCCTA,L1
hMG1,TGTGATGTCTAGCAAC,L1
hMG1,TGTGCGGAGATCGCTT,L2
hMG1,TGTGCGGAGCCTGTGC,Basal
hMG1,TGTGCGGAGCGTCGAA,L2
hMG1,TGTGCGGAGCTCTATG,L2
hMG1,TGTGCGGAGCTTCATG,L2
hMG1,TGTGCGGGTCGGCCTA,L2
hMG1,TGTGCGGGTGTGACCC,L1
hMG1,TGTGCGGGTTGTGCAT,Basal
hMG1,TGTGCGGTCACCTCTG,Basal
hMG1,TGTGCGGTCGCTCTAC,L1
hMG1,TGTGCGGTCGTTAGAC,L2
hMG1,TGTGGCGAGAGTCAGC,L1
hMG1,TGTGGCGCAATGTCTG,L2
hMG1,TGTGGCGCAGACCAGA,L2
hMG1,TGTGGCGGTATCTCGA,L2
hMG1,TGTGGCGGTCCTTAAG,L2
hMG1,TGTGGCGTCCGCCTAT,L2
hMG1,TGTGGCGTCGGCATTA,L1
hMG1,TGTGTGAAGAGAATCT,L1
hMG1,TGTGTGAAGCATCAGG,L1
hMG1,TGTGTGAAGGGCCAAT,L2
hMG1,TGTGTGACAACCACAT,L2
hMG1,TGTGTGACACATAACC,L2
hMG1,TGTGTGACATAGATCC,L2
hMG1,TGTGTGACATCTTCGC,L1
hMG1,TGTGTGAGTAGATTAG,L2
hMG1,TGTGTGAGTCTTAGTG,L2
hMG1,TGTGTGATCACCTACC,L2
hMG1,TGTGTGATCACTACGA,L2
hMG1,TGTGTGATCCCTCTTT,L2
hMG1,TGTGTGATCGCCGTGA,L2
hMG1,TGTGTGATCTGCATAG,L1
hMG1,TGTTACTAGAAACCCG,L2
hMG1,TGTTACTAGTATGAGT,L2
hMG1,TGTTACTCACAAATCC,L2
hMG1,TGTTACTCATGGCGCT,L1
hMG1,TGTTACTGTGTGCCTG,L1
hMG1,TGTTACTTCCACGGGT,L2
hMG1,TGTTACTTCCGTGGGT,L1
hMG1,TGTTCATAGTGGATTA,L2
hMG1,TGTTCATAGTGGTGAC,L2
hMG1,TGTTCATCAAGTGTCT,L2
hMG1,TGTTCATCACAGTGTT,L2
hMG1,TGTTCATCAGCGGTTC,L2
hMG1,TGTTCATCATATACCG,L2
hMG1,TGTTCATCATGACACT,L1
hMG1,TGTTCATGTACGCTAT,L2
hMG1,TGTTCATGTGTCATGT,L2
hMG1,TGTTCATTCAACTTTC,L1
hMG1,TGTTCATTCCCTTGTG,L2
hMG1,TGTTCATTCTTTACAC,L2
hMG1,TGTTCCGCAATCGAAA,L2
hMG1,TGTTCCGCACCGTCTT,L2
hMG1,TGTTCCGCAGGTGACA,L1
hMG1,TGTTCCGCATTCTGTT,L1
hMG1,TGTTCCGGTAAGGCCA,L1
hMG1,TGTTCCGGTCAACATC,L1
hMG1,TGTTCCGGTGTCCACG,L2
hMG1,TGTTCCGGTTCCGCGA,L2
hMG1,TGTTCCGTCATGAGGG,Basal
hMG1,TGTTCCGTCCCTTGGT,L2
hMG1,TGTTCCGTCTGTCAGA,L2
hMG1,TGTTCTAAGATCCCAT,L2
hMG1,TGTTCTAAGTCGCCAC,L2
hMG1,TGTTCTACACTCTAGA,L2
hMG1,TGTTCTAGTATACCTG,L2
hMG1,TGTTCTATCATTGCCC,L2
hMG1,TGTTCTATCGCTTACC,Basal
hMG1,TGTTCTATCGTGTCAA,L1
hMG1,TGTTCTATCTCGCCTA,L2
hMG1,TGTTCTATCTGAGAAA,L2
hMG1,TGTTCTATCTGGCCGA,L2
hMG1,TGTTGAGAGAACCGCA,L2
hMG1,TGTTGAGAGCATTTCG,Basal
hMG1,TGTTGAGAGGGTACAC,L1
hMG1,TGTTGAGCAGACGGAT,L2
hMG1,TGTTGAGCAGCCGGTT,L2
hMG1,TGTTGAGGTTGGATCT,L2
hMG1,TGTTGAGTCTCGACGG,L1
hMG1,TGTTGGACAAAGACGC,L2
hMG1,TGTTGGACAACATCGT,L2
hMG1,TGTTGGACACCGTGAC,L2
hMG1,TGTTGGACAGGTCAAG,L2
hMG1,TGTTGGACATGCCGCA,L2
hMG1,TGTTGGACATGTGCTA,L2
hMG1,TGTTGGAGTGGTCTTA,L2
hMG1,TGTTTGTAGAAATTCG,L2
hMG1,TGTTTGTAGCGCACAA,L2
hMG1,TGTTTGTCACATAGCT,L2
hMG1,TGTTTGTCAGGTTCCG,L2
hMG1,TGTTTGTCATTGGGAG,L2
hMG1,TGTTTGTTCATTCCTA,L2
hMG1,TGTTTGTTCTTAAGGC,L1
hMG1,TTAATCCAGGTAGGCT,L1
hMG1,TTAATCCCAGTACTAC,L1
hMG1,TTAATCCGTCTACATG,L2
hMG1,TTAATCCTCAACTGAC,L2
hMG1,TTAATCCTCACAAGAA,L2
hMG1,TTAATCCTCTGTCGCT,L2
hMG1,TTACAGGAGAGGGTAA,L2
hMG1,TTACAGGAGGCCTGCT,L1
hMG1,TTACAGGAGGCGAAGG,L1
hMG1,TTACAGGCAGGTAGTG,L2
hMG1,TTACAGGGTACTGTTG,L2
hMG1,TTACAGGGTCCGGCAT,L2
hMG1,TTACAGGGTCTAACTG,L2
hMG1,TTACAGGGTCTGATAC,L2
hMG1,TTACAGGGTGCATGAG,Basal
hMG1,TTACAGGTCAAGTGTC,L2
hMG1,TTACAGGTCCACTGGG,L2
hMG1,TTACCATAGAAGTCAT,L2
hMG1,TTACCATAGACTAAGT,L2
hMG1,TTACCATAGTAGACAT,L2
hMG1,TTACCATAGTTGAAAC,L1
hMG1,TTACCATCAATTGGTC,L2
hMG1,TTACCATGTAGAGGAA,L2
hMG1,TTACCATGTGTGTGTT,L2
hMG1,TTACCATGTGTGTTTG,L1
hMG1,TTACCATGTTCTCCCA,L1
hMG1,TTACCATTCAGTGTTG,L2
hMG1,TTACCATTCCTATTTG,L1
hMG1,TTACCATTCGAGTGGA,L1
hMG1,TTACCATTCGGACCAC,L2
hMG1,TTACCATTCGGCTGGT,L1
hMG1,TTACCATTCGTGTGGC,L1
hMG1,TTACCGCAGAGGTTAT,L2
hMG1,TTACCGCAGCAACAGC,L2
hMG1,TTACCGCAGGGCAGTT,L2
hMG1,TTACCGCAGGTTCTAC,L2
hMG1,TTACCGCCATAAGCAA,L1
hMG1,TTACCGCCATCAGTGT,L2
hMG1,TTACCGCTCGCAGTCG,L2
hMG1,TTACCGCTCGGTGTTA,L1
hMG1,TTACGCCAGAGGCTGT,L1
hMG1,TTACGCCAGTAACCGG,L1
hMG1,TTACGCCCAACCAATC,L2
hMG1,TTACGCCCACATAACC,L2
hMG1,TTACGCCCAGCCGTTG,L2
hMG1,TTACGCCCATTCCTAT,L2
hMG1,TTACGCCGTAGCGTTT,L2
hMG1,TTACGCCGTCAACGCC,L2
hMG1,TTACGCCGTCAGTTTG,L2
hMG1,TTACGCCGTCTGTGGC,L2
hMG1,TTACGCCGTGCTCGTG,L2
hMG1,TTACGCCGTTCGAGCC,L2
hMG1,TTACGCCTCCACAGCG,L2
hMG1,TTACGCCTCTCATGGA,L2
hMG1,TTACGTTAGATTTGCC,L1
hMG1,TTACGTTAGTGCAAAT,L1
hMG1,TTACGTTAGTGCTCAT,L1
hMG1,TTACGTTAGTGGGAAA,L1
hMG1,TTACGTTCAAATGGCG,L2
hMG1,TTACGTTCACGGCGTT,L1
hMG1,TTACGTTCAGCGTTTA,L1
hMG1,TTACGTTCATCAGCGC,L2
hMG1,TTACGTTCATGACACT,L2
hMG1,TTACGTTGTCCTGGGT,L2
hMG1,TTACGTTGTGAGTGAC,L2
hMG1,TTACGTTGTGATCATC,L1
hMG1,TTACGTTGTTCACGAT,L2
hMG1,TTACGTTGTTCTTGCC,L2
hMG1,TTACGTTTCAAAGAAC,L1
hMG1,TTACGTTTCCGAGTGC,L2
hMG1,TTACGTTTCCGCAGTG,L2
hMG1,TTACGTTTCGCGTTTC,L2
hMG1,TTACTGTAGCGCTTCG,L2
hMG1,TTACTGTAGGAGAGTA,L2
hMG1,TTACTGTAGGCCATAG,L2
hMG1,TTACTGTAGGGATGTC,L2
hMG1,TTACTGTAGGTAAGGA,L2
hMG1,TTACTGTAGTGAACAT,L2
hMG1,TTACTGTCAGAGGTTG,L2
hMG1,TTACTGTCAGTGGCTC,L2
hMG1,TTACTGTCATGTCGTA,L2
hMG1,TTACTGTCATTGTGCA,L2
hMG1,TTACTGTGTAACGATA,Basal
hMG1,TTACTGTGTACGATCT,L2
hMG1,TTACTGTGTGTCCGTG,L2
hMG1,TTACTGTTCAATCGGT,L2
hMG1,TTACTGTTCACCTACC,L1
hMG1,TTACTGTTCACTGATG,L2
hMG1,TTACTGTTCCTCATAT,L2
hMG1,TTACTGTTCTCCTGCA,L1
hMG1,TTAGGCAAGAAAGCGA,L2
hMG1,TTAGGCAAGGATTTCC,L1
hMG1,TTAGGCAAGGCTTCCG,L2
hMG1,TTAGGCAAGTCACTGT,L2
hMG1,TTAGGCAAGTTACGGG,L2
hMG1,TTAGGCACAGACACAG,L2
hMG1,TTAGGCACATGGGATG,L2
hMG1,TTAGGCAGTACGTGTT,L2
hMG1,TTAGGCAGTCAGTCCG,Basal
hMG1,TTAGGCAGTGTATACC,L2
hMG1,TTAGGCAGTTACGATC,L2
hMG1,TTAGGCATCGGAATGG,L2
hMG1,TTAGGGTCACCAACAT,L2
hMG1,TTAGGGTCATCAGCTA,L1
hMG1,TTAGGGTCATCTTTCA,L2
hMG1,TTAGGGTCATGTGGTT,L2
hMG1,TTAGGGTGTCGACGCT,L1
hMG1,TTAGGGTGTGTCCGTG,L2
hMG1,TTAGGGTGTGTGCCTG,L1
hMG1,TTAGGGTGTTTGACAC,L1
hMG1,TTAGGGTTCAGACTGT,L2
hMG1,TTAGGGTTCCAATCTT,L2
hMG1,TTAGGGTTCCTGGCTT,L1
hMG1,TTAGTCTAGAAGTATC,L2
hMG1,TTAGTCTAGAGCCATG,L2
hMG1,TTAGTCTAGAGTCAGC,L2
hMG1,TTAGTCTAGCAGCCTC,L2
hMG1,TTAGTCTAGGCCGCTT,Basal
hMG1,TTAGTCTAGGTTCTAC,L1
hMG1,TTAGTCTAGTCGCCAC,L2
hMG1,TTAGTCTAGTTCGCAT,L2
hMG1,TTAGTCTCAAGACGAC,L2
hMG1,TTAGTCTCACTAAACC,L1
hMG1,TTAGTCTCAGCGATTT,L1
hMG1,TTAGTCTCATACCACA,L2
hMG1,TTAGTCTCATCGATAC,L2
hMG1,TTAGTCTTCCCTGTTG,L2
hMG1,TTAGTCTTCTAGTACG,L2
hMG1,TTAGTCTTCTGAACGT,Basal
hMG1,TTATTGCAGGCTCACC,L2
hMG1,TTATTGCCAGCAGTTT,L1
hMG1,TTATTGCCATGACACT,L2
hMG1,TTATTGCGTCCTCCTA,L1
hMG1,TTATTGCGTGCCGTTG,L2
hMG1,TTATTGCTCAGAACCT,L2
hMG1,TTATTGCTCGCTATTT,Basal
hMG1,TTCAATCAGAAGCCTG,L1
hMG1,TTCAATCAGATGTTAG,L1
hMG1,TTCAATCAGCTGGCCT,L1
hMG1,TTCAATCCACAAGTGG,L2
hMG1,TTCAATCGTCGATTCA,L2
hMG1,TTCAATCGTGCATGTT,L2
hMG1,TTCAATCGTGGTCAAG,L2
hMG1,TTCAATCGTGTTGAGG,L2
hMG1,TTCAATCGTTGGGTTT,L2
hMG1,TTCAATCTCCGATGTA,L2
hMG1,TTCAATCTCCGTCCTA,L2
hMG1,TTCAATCTCTAGCCAA,L2
hMG1,TTCAATCTCTGAGAAA,L2
hMG1,TTCAATCTCTTTCTAG,L2
hMG1,TTCACCGAGATCCTAC,L2
hMG1,TTCACCGAGGCCGCTT,L2
hMG1,TTCACCGAGGCCTAAG,L2
hMG1,TTCACCGCACGACGTC,L2
hMG1,TTCACCGCATGAGAAT,L2
hMG1,TTCACCGGTGAGTTGG,L2
hMG1,TTCACCGTCATGAAAG,L2
hMG1,TTCACCGTCCACGGAC,Basal
hMG1,TTCACCGTCTGGGAGA,L1
hMG1,TTCACGCAGAGTATAC,L1
hMG1,TTCACGCAGCAACAAT,L2
hMG1,TTCACGCAGTGCAAAT,Basal
hMG1,TTCACGCCAACGGCTC,L2
hMG1,TTCACGCCACAACCGC,L2
hMG1,TTCACGCCAGGAGGTT,L1
hMG1,TTCACGCGTTTAAGGA,L1
hMG1,TTCACGCTCAACTCTT,L2
hMG1,TTCACGCTCCCGATCT,L2
hMG1,TTCACGCTCCTAGCCT,L2
hMG1,TTCACGCTCTGACCCT,L2
hMG1,TTCAGGACAGCTGAGA,L2
hMG1,TTCAGGACAGTCGTTA,L2
hMG1,TTCAGGAGTACCATAC,L2
hMG1,TTCAGGAGTCGAGTTT,L2
hMG1,TTCAGGATCAATCTTC,L2
hMG1,TTCAGGATCATTACGG,L2
hMG1,TTCAGGATCTATACTC,L2
hMG1,TTCATGTAGGTAAGAG,L2
hMG1,TTCATGTCAATGGCAG,L2
hMG1,TTCATGTCAGCAGAAC,L1
hMG1,TTCATGTCAGTCGCTG,L2
hMG1,TTCATGTCATCATCTT,L2
hMG1,TTCATGTGTGGCTTAT,L2
hMG1,TTCATGTGTGTTGACT,L2
hMG1,TTCATTGAGGGAGGGT,L2
hMG1,TTCATTGAGTTTAGGA,L2
hMG1,TTCATTGCACCACATA,L2
hMG1,TTCATTGCACCGTCGA,L2
hMG1,TTCATTGCATAGATGA,L1
hMG1,TTCATTGCATTCACAG,L2
hMG1,TTCATTGGTACAGCGA,L2
hMG1,TTCATTGGTAGTCTGT,L1
hMG1,TTCATTGGTGCTCTCT,L2
hMG1,TTCATTGGTTCCATTT,L2
hMG1,TTCATTGTCCAAAGGG,L2
hMG1,TTCATTGTCTTCTCAA,L1
hMG1,TTCCAATAGGGCGAAG,L1
hMG1,TTCCAATAGTCGGCCT,L2
hMG1,TTCCAATCAACCACAT,L2
hMG1,TTCCAATCAAGAGGTC,L2
hMG1,TTCCAATCAGTTTCAG,L2
hMG1,TTCCAATCATCGAACT,Basal
hMG1,TTCCAATCATTCATCT,L1
hMG1,TTCCAATGTCAAAGCG,L1
hMG1,TTCCAATTCAAGCCCG,L2
hMG1,TTCCAATTCAGAGTGG,L2
hMG1,TTCCAATTCCAAACCA,L2
hMG1,TTCCAATTCCCAACTC,L2
hMG1,TTCCACGAGAAGCGCT,L1
hMG1,TTCCACGAGCATATGA,L2
hMG1,TTCCACGAGGCGATAC,L2
hMG1,TTCCACGAGGTCACAG,L1
hMG1,TTCCACGAGTATGTAG,L2
hMG1,TTCCACGCACCAAAGG,L2
hMG1,TTCCACGCACTGATTG,L2
hMG1,TTCCACGGTTGTTTGG,L1
hMG1,TTCCGGTAGATAGTCA,Basal
hMG1,TTCCGGTAGCCTCAAT,L2
hMG1,TTCCGGTAGCCTCAGC,L1
hMG1,TTCCGGTAGCTAGATA,L1
hMG1,TTCCGGTAGTGAATAC,L1
hMG1,TTCCGGTCAATGGGTG,L2
hMG1,TTCCGGTCACCCAACG,L1
hMG1,TTCCGGTCAGAGGGTT,Basal
hMG1,TTCCGGTCAGGCTACC,L2
hMG1,TTCCGGTCATCCCACT,L1
hMG1,TTCCGGTGTTGAAGTA,L1
hMG1,TTCCGGTTCCCAGGAC,L2
hMG1,TTCCGGTTCGCCGAGT,L2
hMG1,TTCCGGTTCGGAGTGA,L2
hMG1,TTCCGGTTCGTCCTTG,L2
hMG1,TTCCGTGCACCCAACG,L1
hMG1,TTCCGTGCAGATCCTA,L2
hMG1,TTCCGTGGTGGGCTCT,L1
hMG1,TTCCGTGGTTTAGAGA,L1
hMG1,TTCCGTGTCATGACAC,L2
hMG1,TTCCGTGTCCAAGCAT,Basal
hMG1,TTCCGTGTCGAAGTGG,L2
hMG1,TTCCGTGTCGACGCGT,L2
hMG1,TTCCGTGTCTCATTTG,L2
hMG1,TTCCTAAAGAGTCGAC,L2
hMG1,TTCCTAACACGTCATA,Basal
hMG1,TTCCTAACACTTGTCC,L2
hMG1,TTCCTAACATAAGATG,L2
hMG1,TTCCTAAGTAACATAG,L2
hMG1,TTCCTAAGTTCCGGTG,L2
hMG1,TTCCTAATCATACGGT,L1
hMG1,TTCCTAATCCCACAGG,L1
hMG1,TTCCTAATCTGGGCAC,L2
hMG1,TTCCTCTAGAATACAC,L2
hMG1,TTCCTCTAGTAAACAC,L1
hMG1,TTCCTCTCAACGCCCA,L2
hMG1,TTCCTCTCACGGCTAC,L2
hMG1,TTCCTCTCAGCAGTGA,L1
hMG1,TTCCTCTCAGGCGATA,L1
hMG1,TTCCTCTCATCGTTCC,L2
hMG1,TTCCTCTCATGGAGAC,L1
hMG1,TTCCTCTGTACACTCA,L2
hMG1,TTCCTCTGTGCAATAA,L2
hMG1,TTCCTCTTCGTAGAGG,L2
hMG1,TTCCTTCAGATGGGCT,L1
hMG1,TTCCTTCAGCAGCACA,L2
hMG1,TTCCTTCAGTTAGTGA,L2
hMG1,TTCCTTCCAACCGATT,Basal
hMG1,TTCCTTCCACCAGCTG,L2
hMG1,TTCCTTCCATGGAAGC,Basal
hMG1,TTCCTTCGTAAGCTCT,Basal
hMG1,TTCCTTCGTACAGAGC,L1
hMG1,TTCCTTCTCAGATTGC,L2
hMG1,TTCCTTCTCCACACAA,Basal
hMG1,TTCCTTCTCGTCAGAT,L2
hMG1,TTCGATTAGGCATGGT,L2
hMG1,TTCGATTAGTGAGGTC,L1
hMG1,TTCGATTGTCCAGGTC,L1
hMG1,TTCGATTGTTGTGTAC,L1
hMG1,TTCGATTTCATCAGTG,L2
hMG1,TTCGATTTCCAGTGTA,L2
hMG1,TTCGATTTCCCGGTAG,L2
hMG1,TTCGATTTCGACCAAT,L2
hMG1,TTCGATTTCGCGGACT,L1
hMG1,TTCGATTTCGTGGGAA,L1
hMG1,TTCGCTGCAATTAGGA,L1
hMG1,TTCGCTGGTCGATGCC,L2
hMG1,TTCGCTGGTGCGACAA,L2
hMG1,TTCGCTGTCCAATCTT,L2
hMG1,TTCGCTGTCCAGCACG,Basal
hMG1,TTCGCTGTCCGGGACT,L2
hMG1,TTCGCTGTCTCAGAAC,L2
hMG1,TTCGCTGTCTGAGAGG,L2
hMG1,TTCGGTCAGACCTGGA,L2
hMG1,TTCGGTCAGGGTCTTT,L2
hMG1,TTCGGTCAGGTGATAT,Basal
hMG1,TTCGGTCAGTAGGATT,L1
hMG1,TTCGGTCAGTATTCCG,L2
hMG1,TTCGGTCAGTGCAGGT,L1
hMG1,TTCGGTCAGTTGGACG,L2
hMG1,TTCGGTCCATAACCCA,L1
hMG1,TTCGGTCCATATAGCC,L1
hMG1,TTCGGTCCATCGTTCC,L2
hMG1,TTCGGTCGTCCAAAGG,L2
hMG1,TTCGGTCTCCACGTGG,L2
hMG1,TTCGGTCTCCATATGG,L1
hMG1,TTCGGTCTCGACGAGA,L1
hMG1,TTCTAACAGACATAGT,L2
hMG1,TTCTAACCAAATGATG,L2
hMG1,TTCTAACCACATGGTT,L2
hMG1,TTCTAACTCAATCTTC,L2
hMG1,TTCTAACTCGATCCAA,Basal
hMG1,TTCTAACTCGCACGAC,L2
hMG1,TTCTAACTCGTCAACA,L1
hMG1,TTCTAGTAGAGTGGCT,Basal
hMG1,TTCTAGTCAACACGTT,L1
hMG1,TTCTAGTCAATGTCAC,L2
hMG1,TTCTAGTCACACCTGG,L1
hMG1,TTCTAGTCACTCCACT,Basal
hMG1,TTCTAGTGTCCATACA,L2
hMG1,TTCTAGTGTTGCATCA,L2
hMG1,TTCTAGTTCCGTGGTG,L2
hMG1,TTCTCTCAGCCTGGAA,L2
hMG1,TTCTCTCAGTGCGTCC,L2
hMG1,TTCTCTCCAGCGTTGC,L2
hMG1,TTCTCTCGTGGGACAT,L1
hMG1,TTCTCTCTCATTGCTT,L2
hMG1,TTCTCTCTCCGTATAG,L1
hMG1,TTCTGTAAGACATAAC,L2
hMG1,TTCTGTAAGGACATCG,L2
hMG1,TTCTGTAGTATTCCGA,L2
hMG1,TTCTGTAGTCACTTAG,L1
hMG1,TTCTGTAGTCGCTTGG,L2
hMG1,TTCTGTAGTGGCCTCA,L1
hMG1,TTCTGTATCATGGTAC,Basal
hMG1,TTCTGTATCCTTGAAG,L2
hMG1,TTCTGTATCGTGTTCC,L2
hMG1,TTCTTCCAGCTGGTGA,L2
hMG1,TTCTTCCCAAGCGCAA,L2
hMG1,TTCTTCCCACAATGTC,L2
hMG1,TTCTTCCGTGACGTCC,L1
hMG1,TTCTTCCGTGTTCCTC,L2
hMG1,TTCTTCCTCACCTCGT,L2
hMG1,TTCTTCCTCCCTTGGT,L1
hMG1,TTCTTCCTCGAACACT,L1
hMG1,TTCTTCCTCTACTCAT,L2
hMG1,TTCTTGAAGAACGTGC,Basal
hMG1,TTCTTGACACCAAAGG,L2
hMG1,TTCTTGACACCTGTCT,Basal
hMG1,TTCTTGACAGGCCCTA,L2
hMG1,TTCTTGAGTCACCCTT,L2
hMG1,TTCTTGAGTCTCACGG,L1
hMG1,TTCTTGAGTGACAGCA,L2
hMG1,TTCTTGAGTGGCCCAT,L2
hMG1,TTCTTGAGTTGCATGT,L2
hMG1,TTCTTGATCAAGCCGC,L1
hMG1,TTGAACGAGACTCGAG,L2
hMG1,TTGAACGAGCCTGGAA,L2
hMG1,TTGAACGAGGTAGTCG,L2
hMG1,TTGAACGAGTATCCTG,L1
hMG1,TTGAACGCAAATGATG,L2
hMG1,TTGAACGCAAGCAGGT,L2
hMG1,TTGAACGGTATCCCAA,L1
hMG1,TTGAACGGTCCACTTC,L2
hMG1,TTGAACGGTTACCTTT,L1
hMG1,TTGAACGTCAAGCGTT,L2
hMG1,TTGAACGTCCCAGGAC,L2
hMG1,TTGAACGTCGACGATT,L2
hMG1,TTGAACGTCGCCTTGT,L2
hMG1,TTGACCCAGCCTTGAT,L1
hMG1,TTGACCCAGCTCAGAG,L2
hMG1,TTGACCCCAATATCCG,L2
hMG1,TTGACCCCAATCGTCA,L2
hMG1,TTGACCCCACACCTGG,L1
hMG1,TTGACCCCACGGCCAT,L1
hMG1,TTGACCCGTAGTTCCA,L2
hMG1,TTGACCCGTTCCACGG,L2
hMG1,TTGACCCTCACTCCGT,L1
hMG1,TTGAGTGAGCCACTCG,L2
hMG1,TTGAGTGAGCCTAGGA,L1
hMG1,TTGAGTGCAATTGCGT,L2
hMG1,TTGAGTGGTAGGCTGA,L2
hMG1,TTGAGTGGTGCCGTAC,L2
hMG1,TTGAGTGTCCAACTGA,L2
hMG1,TTGATGGAGCTCGGCT,L1
hMG1,TTGATGGCAACACGAG,L2
hMG1,TTGATGGCACAAATGA,L2
hMG1,TTGATGGGTCTACTGA,L1
hMG1,TTGATGGGTGTGAGCA,L2
hMG1,TTGATGGGTGTTCCTC,L2
hMG1,TTGCATTAGGTCGCCT,L2
hMG1,TTGCATTAGTCGCGAA,L1
hMG1,TTGCATTCAACAAGTA,Basal
hMG1,TTGCATTCATCGGCCA,L2
hMG1,TTGCATTGTATACCTG,L2
hMG1,TTGCATTGTTCCGCAG,L1
hMG1,TTGCATTTCCAAAGGG,L1
hMG1,TTGCATTTCCTATTGT,L2
hMG1,TTGCCTGAGTAAGAGG,L1
hMG1,TTGCCTGAGTAATACG,Basal
hMG1,TTGCCTGAGTGCTACT,L2
hMG1,TTGCCTGCACGCGCTA,L2
hMG1,TTGCCTGCAGAGTAAT,L2
hMG1,TTGCCTGCATCTAACG,L2
hMG1,TTGCCTGGTCTCGGAC,L2
hMG1,TTGCCTGGTTCTTGTT,L2
hMG1,TTGCCTGTCCCTTGTG,Basal
hMG1,TTGCGTCAGATTGACA,L1
hMG1,TTGCGTCAGGATTTGA,L1
hMG1,TTGCGTCAGTCAATCC,L1
hMG1,TTGCGTCCACACCAGC,L1
hMG1,TTGCGTCCATCGTCCT,L1
hMG1,TTGCGTCCATGACTCA,L1
hMG1,TTGCGTCCATTCACCC,L2
hMG1,TTGCGTCTCGCTCCTA,L2
hMG1,TTGCGTCTCGTACCTC,L2
hMG1,TTGCGTCTCTCGCGTT,L2
hMG1,TTGCGTCTCTGGTTGA,L1
hMG1,TTGCTGCAGAGAGTTT,L2
hMG1,TTGCTGCAGTATAGAC,L2
hMG1,TTGCTGCCAAAGGGTC,L2
hMG1,TTGCTGCGTCTAGGTT,Basal
hMG1,TTGCTGCGTTGCATAC,L2
hMG1,TTGCTGCTCACCGGGT,L1
hMG1,TTGCTGCTCCTACCGT,Basal
hMG1,TTGCTGCTCGTGCTCT,L2
hMG1,TTGGATGAGACGTCCC,L2
hMG1,TTGGATGAGGGAACAA,L2
hMG1,TTGGATGAGTCTGCAT,L2
hMG1,TTGGATGCACGGTGAA,L2
hMG1,TTGGATGCAGGTCAGA,L1
hMG1,TTGGATGGTACAGTCT,L2
hMG1,TTGGATGGTAGTGTGG,Basal
hMG1,TTGGATGGTTACAGCT,L2
hMG1,TTGGATGGTTCGGTTA,L2
hMG1,TTGGATGTCAAACCTG,L2
hMG1,TTGGATGTCTTCCAGC,L1
hMG1,TTGGGATAGCCAGTAG,L2
hMG1,TTGGGATAGTTGAAGT,L2
hMG1,TTGGGATCAACCGACC,L2
hMG1,TTGGGATCAAGGTCAG,Basal
hMG1,TTGGGATCACATTGTG,L2
hMG1,TTGGGATCAGGCACTC,L2
hMG1,TTGGGATGTGGTTTAC,L2
hMG1,TTGGGATTCCATTCAT,L1
hMG1,TTGGGATTCCCGTTCA,L2
hMG1,TTGGGATTCCTGTTGC,L2
hMG1,TTGGGCGAGCGTTCCG,L1
hMG1,TTGGGCGAGGAAACGA,L2
hMG1,TTGGGCGCACTCATAG,L1
hMG1,TTGGGCGGTAAGGTCG,L2
hMG1,TTGGGCGGTACAAAGT,L2
hMG1,TTGGGCGGTTCCGTTC,L2
hMG1,TTGGGCGTCATAGGCT,L2
hMG1,TTGGGCGTCCATTGCC,L2
hMG1,TTGGGCGTCCGAGGCT,L2
hMG1,TTGGGCGTCTGATGGT,L2
hMG1,TTGGGCGTCTTCCCAG,L2
hMG1,TTGGGTAAGACCGCCT,L2
hMG1,TTGGGTAAGACCTCAT,Basal
hMG1,TTGGGTAAGCCTCTCT,L1
hMG1,TTGGGTAAGGAATTAC,L2
hMG1,TTGGGTACAAACGAGC,L2
hMG1,TTGGGTACAATCGTCA,L1
hMG1,TTGGGTACACCCTCTA,L2
hMG1,TTGGGTAGTAGGGTAC,L2
hMG1,TTGGGTATCCACACCT,L1
hMG1,TTGGGTATCTAGTCAG,L2
hMG1,TTGGTTTAGAACGCGT,L2
hMG1,TTGGTTTCAAAGGCTG,L1
hMG1,TTGGTTTCAGCTACCG,L2
hMG1,TTGGTTTCAGTGTGCC,L1
hMG1,TTGGTTTCATAAGATG,L1
hMG1,TTGGTTTGTGGTACAG,L1
hMG1,TTGGTTTTCGCTTTAT,L1
hMG1,TTGGTTTTCTAGCCAA,L1
hMG1,TTGGTTTTCTGTTCAT,L1
hMG1,TTGTGGAAGATCCTAC,L2
hMG1,TTGTGGAAGATGAAGG,L2
hMG1,TTGTGGAAGCAACTCT,L2
hMG1,TTGTGGAAGCTCCCTT,Basal
hMG1,TTGTGGAAGGACAGCT,L2
hMG1,TTGTGGACAAAGCAAT,L2
hMG1,TTGTGGACACAAGTTC,L2
hMG1,TTGTGGACAGGTCCCA,L2
hMG1,TTGTGGAGTCTCACAA,L2
hMG1,TTGTGGAGTCTTTCTA,L2
hMG1,TTGTGGAGTTCAGTAC,L2
hMG1,TTGTGGAGTTTGGGTT,L2
hMG1,TTGTGGATCTACCCAC,L1
hMG1,TTGTGGATCTTACTGT,L1
hMG1,TTGTGTTAGAAGTCCG,L2
hMG1,TTGTGTTAGAGATGCC,L2
hMG1,TTGTGTTAGGCAGCTA,L2
hMG1,TTGTGTTAGGTGAGCT,L1
hMG1,TTGTGTTAGGTGCATG,L2
hMG1,TTGTGTTCAAGCGGAT,L2
hMG1,TTGTGTTCATCCTTGC,L2
hMG1,TTGTGTTGTTTCGTGA,L2
hMG1,TTGTGTTGTTTGGGTT,L1
hMG1,TTGTGTTTCCTAGAGT,L2
hMG1,TTGTGTTTCCTCTTTC,L1
hMG1,TTGTGTTTCGACACCG,L2
hMG1,TTGTGTTTCGTAGGAG,L2
hMG1,TTGTGTTTCTCAAAGC,L2
hMG1,TTGTGTTTCTTACCGC,L1
hMG1,TTGTTCAAGATTGGGC,L1
hMG1,TTGTTCAAGGTAGATT,L1
hMG1,TTGTTCACAAATCGGG,Basal
hMG1,TTGTTCACAATTCGTG,L1
hMG1,TTGTTCACAATTCTTC,L1
hMG1,TTGTTCACACCTGAAT,L2
hMG1,TTGTTCACAGGAACCA,L1
hMG1,TTGTTCACAGGATGAC,L1
hMG1,TTGTTCACATTGGATC,L2
hMG1,TTGTTCAGTACGAGCA,L2
hMG1,TTGTTCAGTAGACAGC,L1
hMG1,TTGTTCAGTTGTTTGG,Basal
hMG1,TTGTTCATCTCATTAC,L1
hMG1,TTGTTCATCTTAGTTC,L2
hMG1,TTGTTGTAGCGATGCA,L1
hMG1,TTGTTGTGTGTCCATA,L2
hMG1,TTGTTGTTCAACCTTT,L2
hMG1,TTGTTGTTCACGATCA,L2
hMG1,TTGTTGTTCCTCCACA,L2
hMG1,TTGTTTGAGAGGTTAT,L2
hMG1,TTGTTTGAGCGTTAGG,L2
hMG1,TTGTTTGAGTTCCTGA,L2
hMG1,TTGTTTGCAATGTGGG,L2
hMG1,TTGTTTGCAGAGAATT,L1
hMG1,TTGTTTGCAGGTGGAT,L2
hMG1,TTGTTTGCATAGGTTC,Basal
hMG1,TTGTTTGGTCAGTCTA,L2
hMG1,TTGTTTGGTGAACGGT,L2
hMG1,TTGTTTGGTTCTATCT,L2
hMG1,TTGTTTGGTTTCAGAC,Basal
hMG1,TTGTTTGTCGAGTACT,L2
hMG1,TTGTTTGTCTACGCGG,L1
hMG1,TTGTTTGTCTGCTGAA,L1
hMG1,TTGTTTGTCTGGACCG,L2
hMG1,TTTACCAAGCTAAACA,L1
hMG1,TTTACCACAGCCTATA,Basal
hMG1,TTTACCAGTCTACATG,L1
hMG1,TTTACCAGTTTACTGG,L2
hMG1,TTTACGTAGGTAAAGG,L1
hMG1,TTTACGTAGGTAAGTT,L1
hMG1,TTTACGTAGTTCTACG,L2
hMG1,TTTACGTCAGAGTTCT,L2
hMG1,TTTACGTCAGCTTCGG,L2
hMG1,TTTACGTGTGCAATAA,L2
hMG1,TTTACGTTCACCTCTG,L2
hMG1,TTTACGTTCGACATTG,L1
hMG1,TTTACGTTCTCTCAAT,L2
hMG1,TTTACTGAGGGATCTG,L2
hMG1,TTTACTGCAGAATCGG,Basal
hMG1,TTTACTGCAGCTCGGT,L2
hMG1,TTTAGTCAGGTACCTT,L2
hMG1,TTTAGTCCAAGTCCCG,L2
hMG1,TTTAGTCCACAGTGTT,L2
hMG1,TTTAGTCCATACCACA,L1
hMG1,TTTAGTCGTACTGACT,L2
hMG1,TTTAGTCGTAGTCACT,L2
hMG1,TTTAGTCGTGATCATC,L1
hMG1,TTTAGTCTCCATAAGC,L2
hMG1,TTTAGTCTCCATTGGA,L2
hMG1,TTTATGCAGAGTTGAT,L2
hMG1,TTTATGCAGATGCGAC,L1
hMG1,TTTATGCAGGGTATAT,L2
hMG1,TTTATGCCACTCCACT,L1
hMG1,TTTATGCGTAACCCGC,L2
hMG1,TTTATGCGTCCCGTGA,L2
hMG1,TTTATGCTCCACCCTA,Basal
hMG1,TTTCACAAGATGTTAG,L2
hMG1,TTTCACAAGATTGCGG,Basal
hMG1,TTTCACACATGCGTGC,L1
hMG1,TTTCACAGTCCGGTGT,L2
hMG1,TTTCACAGTTCTAAGC,Basal
hMG1,TTTCACATCAGCTTCC,L2
hMG1,TTTCACATCTCCTGAC,L2
hMG1,TTTCAGTCAGCTGTAT,L2
hMG1,TTTCAGTCATCGTCCT,Basal
hMG1,TTTCAGTGTACAAGCG,L1
hMG1,TTTCAGTGTACAATAG,L2
hMG1,TTTCAGTGTATAATGG,L2
hMG1,TTTCAGTGTATCGAAA,Basal
hMG1,TTTCAGTGTGCTGATT,L1
hMG1,TTTCAGTTCAATCTCT,L1
hMG1,TTTCAGTTCCAATCTT,L2
hMG1,TTTCAGTTCTCGTGAA,L2
hMG1,TTTCATGAGAAGTATC,L2
hMG1,TTTCATGAGAGAGGGC,L2
hMG1,TTTCATGAGCTGTTAC,Basal
hMG1,TTTCATGGTCGTTATG,L1
hMG1,TTTCATGGTTAGGGTG,L1
hMG1,TTTCATGGTTATCTTC,L1
hMG1,TTTCATGTCCATACAG,L1
hMG1,TTTCATGTCGAACGGA,L1
hMG1,TTTCATGTCTGAGTCA,L1
hMG1,TTTCCTCAGTCTGGAG,L1
hMG1,TTTCCTCCAACCACGC,L2
hMG1,TTTCCTCCAAGTGGTG,L2
hMG1,TTTCCTCCACCTTCGT,L1
hMG1,TTTCCTCCATGTGCCG,L1
hMG1,TTTCCTCGTTAGGGTG,L1
hMG1,TTTCCTCTCGCCTTGT,L1
hMG1,TTTCCTCTCGCCTTTG,L2
hMG1,TTTCGATAGAAGCGAA,L1
hMG1,TTTCGATAGCCTGCCA,L2
hMG1,TTTCGATAGGGATCGT,L2
hMG1,TTTCGATAGTTTCGAC,L2
hMG1,TTTCGATCAAGAATAC,L1
hMG1,TTTCGATCACTGATTG,Basal
hMG1,TTTCGATGTCTCACGG,L2
hMG1,TTTCGATGTGGCTGAA,L2
hMG1,TTTCGATGTTGCTCCT,L1
hMG1,TTTCGATTCGCATAGT,L2
hMG1,TTTGACTAGCCACTCG,L2
hMG1,TTTGACTAGCTTGTTG,L2
hMG1,TTTGACTCAACGGCTC,L1
hMG1,TTTGACTGTTTCGATG,L2
hMG1,TTTGACTTCATCGGGC,L2
hMG1,TTTGACTTCATGCTAG,L2
hMG1,TTTGACTTCGGCTATA,L2
hMG1,TTTGATCAGCGCCATC,L2
hMG1,TTTGATCCAAATCGGG,L1
hMG1,TTTGATCCAGCGACAA,L2
hMG1,TTTGATCCAGCGCGTT,L1
hMG1,TTTGATCCAGGCGTTC,L2
hMG1,TTTGATCGTCACCGAC,L2
hMG1,TTTGATCGTCCTCCTA,L1
hMG1,TTTGATCGTGATAGAT,L2
hMG1,TTTGATCTCGTGGACC,L2
hMG1,TTTGATCTCTGGCCGA,L2
hMG1,TTTGGAGAGACCCTTA,L1
hMG1,TTTGGAGAGTACAGAT,L2
hMG1,TTTGGAGAGTGGTGGT,L1
hMG1,TTTGGAGCAATGAACA,L2
hMG1,TTTGGAGCACCTGTCT,L2
hMG1,TTTGGAGCAGGGAGAG,L1
hMG1,TTTGGAGGTTACGCCG,L2
hMG1,TTTGGAGTCAGTCTTT,Basal
hMG1,TTTGGAGTCCACGTCT,L1
hMG1,TTTGGAGTCTCTCTTC,Basal
hMG1,TTTGGTTAGAGAGCGG,L2
hMG1,TTTGGTTAGCTCTATG,L1
hMG1,TTTGGTTAGTGGGAAA,L1
hMG1,TTTGGTTCAACACACT,L2
hMG1,TTTGGTTCAAGTGTCT,L2
hMG1,TTTGGTTCACGGCCAT,L2
hMG1,TTTGGTTCATAGAGGC,L2
hMG1,TTTGGTTGTAGGTTTC,L2
hMG1,TTTGGTTGTTGTCAGT,L2
hMG1,TTTGGTTTCCCAGCGA,L1
hMG1,TTTGGTTTCCTCGATC,L1
hMG1,TTTGGTTTCTCGGTAA,L2
hMG1,TTTGTTGAGATGCGAC,L2
hMG1,TTTGTTGAGGATGAGA,L2
hMG1,TTTGTTGAGGATTTAG,L2
hMG1,TTTGTTGAGTATAGGT,L2
hMG1,TTTGTTGCACGACCTG,L2
hMG1,TTTGTTGCACTGGCGT,L2
hMG1,TTTGTTGTCGTGACTA,L1
hMG2,AAACCCAAGACGGTCA,L2
hMG2,AAACCCAAGGTAAGTT,L2
hMG2,AAACCCACACGTTGGC,L2
hMG2,AAACCCACAGAACATA,L1
hMG2,AAACCCAGTCGGATTT,L1
hMG2,AAACCCATCAGACATC,L1
hMG2,AAACCCATCAGTCAGT,L2
hMG2,AAACCCATCTGTAAGC,L1
hMG2,AAACGAACAAACCATC,L1
hMG2,AAACGAACAGAGGTTG,L1
hMG2,AAACGAAGTAGAATGT,L1
hMG2,AAACGAAGTGAGGAAA,L1
hMG2,AAACGAAGTGCCTAAT,Basal
hMG2,AAACGCTAGGTCATCT,Basal
hMG2,AAACGCTAGGTTGCCC,L2
hMG2,AAACGCTAGTCGTTAC,L1
hMG2,AAACGCTTCCATTGCC,Basal
hMG2,AAACGCTTCGACATTG,L2
hMG2,AAACGCTTCTCCACTG,L2
hMG2,AAAGAACAGGTCGTAG,L1
hMG2,AAAGAACAGTGACCTT,L1
hMG2,AAAGAACCAACAAGAT,L2
hMG2,AAAGAACCAGCTAACT,L2
hMG2,AAAGAACCATCCAACA,L1
hMG2,AAAGAACGTCATAGTC,L1
hMG2,AAAGAACTCCTCACCA,L2
hMG2,AAAGAACTCCTCATAT,Basal
hMG2,AAAGGATAGATGGGCT,L2
hMG2,AAAGGATAGTTTCTTC,L2
hMG2,AAAGGATGTAGGCAAC,L1
hMG2,AAAGGATGTCAACATC,Basal
hMG2,AAAGGATTCCACCTCA,L2
hMG2,AAAGGATTCCGCGAGT,Basal
hMG2,AAAGGGCAGCTCGAAG,L2
hMG2,AAAGGGCAGCTCGCAC,L1
hMG2,AAAGGGCCACTCCTGT,Basal
hMG2,AAAGGGCCAGCAGTAG,L1
hMG2,AAAGGGCCATGGCCAC,Basal
hMG2,AAAGGTAAGAGAGCGG,L1
hMG2,AAAGGTAGTACGACAG,L1
hMG2,AAAGGTAGTAGGTTTC,L2
hMG2,AAAGGTAGTGAATATG,L2
hMG2,AAAGGTAGTTCGATTG,Basal
hMG2,AAAGGTATCCACCTGT,L1
hMG2,AAAGGTATCCGAGCTG,L1
hMG2,AAAGTCCAGGGTACGT,Basal
hMG2,AAAGTCCAGTGTTCCA,L1
hMG2,AAAGTCCGTCACTCAA,L1
hMG2,AAAGTCCGTCTACAAC,L1
hMG2,AAAGTCCGTTGTGTAC,L2
hMG2,AAAGTCCTCACCTTGC,L1
hMG2,AAAGTCCTCCAAACCA,L2
hMG2,AAAGTGAAGAAGAGCA,L2
hMG2,AAAGTGAAGATAGGGA,L1
hMG2,AAAGTGAAGGAACGCT,L2
hMG2,AAAGTGAAGTCTTCCC,L1
hMG2,AAAGTGATCAGAGCAG,L2
hMG2,AAAGTGATCTCTCAAT,L1
hMG2,AAAGTGATCTTCGGAA,Basal
hMG2,AAATGGAAGTCTGGAG,L1
hMG2,AAATGGACAACCACAT,Basal
hMG2,AAATGGACATTCCTAT,L2
hMG2,AAATGGAGTACGTAGG,Basal
hMG2,AAATGGAGTGAACCGA,L2
hMG2,AAATGGAGTTCGAACT,Basal
hMG2,AAATGGAGTTGATCGT,L1
hMG2,AAATGGATCAAAGACA,Basal
hMG2,AACAAAGAGGGAGGCA,L1
hMG2,AACAAAGCAGTATACC,L1
hMG2,AACAACCAGAGCAGTC,L2
hMG2,AACAACCCAGCCTACG,L2
hMG2,AACAACCGTCTACAGT,L2
hMG2,AACAACCGTCTCGACG,L2
hMG2,AACAACCGTGTCATCA,L2
hMG2,AACAACCTCACAAGAA,L2
hMG2,AACAACCTCGAGTCTA,Basal
hMG2,AACAAGAAGCAGTAAT,L2
hMG2,AACAAGAAGCATAGGC,L1
hMG2,AACAAGAAGCCTATTG,L2
hMG2,AACAAGACAAGATGGC,L1
hMG2,AACAAGAGTAGGAGTC,L1
hMG2,AACAAGAGTGCTGCAC,L1
hMG2,AACAAGATCCAGCTCT,L2
hMG2,AACAAGATCTCAGTCC,L1
hMG2,AACAAGATCTGCTTTA,L2
hMG2,AACACACCACACAGCC,L2
hMG2,AACACACCAGCGCGTT,L1
hMG2,AACACACCAGCTCGGT,L2
hMG2,AACACACCAGGTGTTT,L2
hMG2,AACACACCATTGTAGC,Basal
hMG2,AACACACGTACCTAAC,L2
hMG2,AACACACTCAGATTGC,L2
hMG2,AACAGGGAGTGAGTGC,L2
hMG2,AACAGGGCATGTACGT,L2
hMG2,AACAGGGGTATGTCCA,Basal
hMG2,AACAGGGTCCTACGGG,L1
hMG2,AACAGGGTCTGCGGCA,Basal
hMG2,AACCAACAGTCTGCAT,Basal
hMG2,AACCAACAGTTAGTGA,L2
hMG2,AACCAACCAGAGGTTG,L2
hMG2,AACCAACGTAGACACG,L1
hMG2,AACCAACGTGTGTGTT,L1
hMG2,AACCAACTCCATTCGC,Basal
hMG2,AACCACAGTAGAGACC,L2
hMG2,AACCACAGTTTGGCTA,L1
hMG2,AACCACATCAAACCCA,L2
hMG2,AACCACATCCTAACAG,L1
hMG2,AACCATGAGACTTCCA,L2
hMG2,AACCATGAGGGTAATT,L1
hMG2,AACCATGCACTTGGGC,L1
hMG2,AACCCAAGTAGCGTTT,L1
hMG2,AACCCAAGTAGTTAGA,L2
hMG2,AACCCAAGTTCAATCG,Basal
hMG2,AACCCAAGTTTACGAC,L1
hMG2,AACCTGACATGGCGCT,Basal
hMG2,AACCTGAGTGGCTTAT,L2
hMG2,AACCTGATCAATCCAG,L2
hMG2,AACCTGATCGGCATCG,L1
hMG2,AACCTTTAGACGCCAA,L1
hMG2,AACCTTTAGAGCATTA,L2
hMG2,AACCTTTAGCTGAGCA,L2
hMG2,AACCTTTCACGCGTCA,L2
hMG2,AACCTTTCATATGAAG,Basal
hMG2,AACCTTTCATGCACTA,L2
hMG2,AACCTTTGTCTGTCCT,L1
hMG2,AACCTTTTCCGATCGG,L1
hMG2,AACCTTTTCCGGCAGT,L1
hMG2,AACGAAAAGGATATAC,L1
hMG2,AACGAAAAGTGCAAAT,Basal
hMG2,AACGAAAAGTTAGAAC,L2
hMG2,AACGAAACATCTTTCA,L2
hMG2,AACGAAACATGCAGCC,L2
hMG2,AACGAAAGTCGCTTGG,Basal
hMG2,AACGAAATCCACTGGG,L1
hMG2,AACGAAATCCATAAGC,L2
hMG2,AACGGGAAGCAAGGAA,Basal
hMG2,AACGGGATCGTTACCC,L2
hMG2,AACGGGATCTACGGGC,L2
hMG2,AACGGGATCTTCTCAA,L1
hMG2,AACGTCACACTCTCGT,L1
hMG2,AACGTCAGTAGCGCCT,Basal
hMG2,AACGTCAGTCAAGCGA,L1
hMG2,AACGTCAGTGGTTTGT,L2
hMG2,AACGTCATCATCGACA,L1
hMG2,AACTTCTAGCGCGTTC,L1
hMG2,AACTTCTGTAGGACCA,L1
hMG2,AACTTCTGTGAAAGTT,L2
hMG2,AACTTCTTCGTCGGGT,L2
hMG2,AACTTCTTCGTGGGTC,L1
hMG2,AAGAACAAGTAGCCAG,L2
hMG2,AAGAACATCATGCCAA,Basal
hMG2,AAGAACATCCGCAAAT,L1
hMG2,AAGACAAAGGGTAGCT,L1
hMG2,AAGACAACATGGATCT,Basal
hMG2,AAGACAAGTAGCGTCC,L1
hMG2,AAGACAAGTGGAACCA,Basal
hMG2,AAGACAATCCCAGGCA,L2
hMG2,AAGACAATCGGTTCAA,L2
hMG2,AAGACTCAGCGAGGAG,L1
hMG2,AAGACTCAGGGATGTC,L2
hMG2,AAGACTCCAATTGAGA,L1
hMG2,AAGACTCCACGCGTCA,L2
hMG2,AAGACTCCAGATTTCG,L1
hMG2,AAGACTCCAGTGGCTC,L2
hMG2,AAGATAGAGAAACTGT,L1
hMG2,AAGATAGAGCAACCAG,L1
hMG2,AAGATAGGTATGTGTC,L1
hMG2,AAGATAGTCATCTACT,L2
hMG2,AAGATAGTCGAATGCT,L2
hMG2,AAGCATCAGCAGTACG,Basal
hMG2,AAGCATCAGGTCGTAG,L2
hMG2,AAGCATCCAATGGGTG,L2
hMG2,AAGCATCTCGTGCATA,L1
hMG2,AAGCCATAGAGCAACC,L1
hMG2,AAGCCATAGGAAGTCC,L1
hMG2,AAGCCATAGGTGATAT,Basal
hMG2,AAGCCATAGTAACGTA,L2
hMG2,AAGCCATCAAGGACAC,L2
hMG2,AAGCCATCAAGGTCAG,L2
hMG2,AAGCCATCAGAAATCA,L2
hMG2,AAGCCATCAGTCTCTC,L2
hMG2,AAGCCATCATAACTCG,L2
hMG2,AAGCCATGTGCGTGCT,L2
hMG2,AAGCCATTCAAGGCTT,L1
hMG2,AAGCCATTCACTCACC,Basal
hMG2,AAGCGAGAGGGAGGTG,L1
hMG2,AAGCGAGCACCTGCGA,Basal
hMG2,AAGCGAGCACTATGTG,Basal
hMG2,AAGCGAGCAGGCATGA,Basal
hMG2,AAGCGAGCATCGGAGA,L2
hMG2,AAGCGAGGTCATATGC,L1
hMG2,AAGCGAGTCCAACCGG,Basal
hMG2,AAGCGAGTCGACGACC,Basal
hMG2,AAGCGTTAGAAGCTCG,L2
hMG2,AAGCGTTAGAGAGTTT,L2
hMG2,AAGCGTTAGATTGTGA,L2
hMG2,AAGCGTTGTCGTGGAA,L2
hMG2,AAGGAATAGAGCAGCT,L2
hMG2,AAGGAATAGCCTCTCT,L1
hMG2,AAGGAATAGTCATGGG,Basal
hMG2,AAGGAATAGTCCTGCG,Basal
hMG2,AAGGAATCACATAACC,L2
hMG2,AAGGAATCACCTCTAC,L2
hMG2,AAGGAATGTAATTAGG,L1
hMG2,AAGGAATGTTGTTGAC,L1
hMG2,AAGGAATTCTCTGCCA,L2
hMG2,AAGGTAAGTCTTGAAC,L2
hMG2,AAGGTAAGTGGTCCGT,L2
hMG2,AAGGTAATCACTGGTA,L1
hMG2,AAGGTAATCGATGCAT,L1
hMG2,AAGTACCAGGCTTAGG,L2
hMG2,AAGTACCCACTACAGT,L2
hMG2,AAGTACCCAGAGTTGG,L2
hMG2,AAGTACCCAGCTGCCA,L2
hMG2,AAGTACCGTATCGTAC,L2
hMG2,AAGTACCTCGCGGTAC,Basal
hMG2,AAGTACCTCGGTAAGG,Basal
hMG2,AAGTACCTCTCATTGT,Basal
hMG2,AAGTCGTAGGGACACT,L2
hMG2,AAGTCGTCAACACGTT,L1
hMG2,AAGTCGTCATACAGAA,L1
hMG2,AAGTCGTGTGATACAA,L1
hMG2,AAGTGAACAAATCAGA,L1
hMG2,AAGTGAACACGCTGTG,Basal
hMG2,AAGTGAAGTGAGAGGG,L1
hMG2,AAGTGAAGTTGACTAC,L2
hMG2,AAGTGAATCCAAAGGG,L1
hMG2,AAGTGAATCCCAAGCG,Basal
hMG2,AAGTTCGAGAAACCAT,L1
hMG2,AAGTTCGCAAACACGG,L1
hMG2,AAGTTCGCAAATGAGT,L1
hMG2,AAGTTCGCAAGTTGGG,L2
hMG2,AAGTTCGCACATTGTG,L1
hMG2,AAGTTCGCATGAGTAA,L1
hMG2,AAGTTCGGTCATACCA,Basal
hMG2,AAGTTCGGTCCTGAAT,L1
hMG2,AAGTTCGGTGATCATC,L1
hMG2,AAGTTCGGTGGCTGCT,L1
hMG2,AATAGAGAGCCAAGTG,L1
hMG2,AATAGAGAGCGGTAAC,Basal
hMG2,AATAGAGAGGCCATAG,Basal
hMG2,AATAGAGCAAGGCAAC,L1
hMG2,AATAGAGCAATTTCCT,Basal
hMG2,AATAGAGGTCCCGCAA,L1
hMG2,AATAGAGTCCCGTGAG,L2
hMG2,AATAGAGTCTGTCAGA,L2
hMG2,AATCACGAGCTTAGTC,L2
hMG2,AATCACGCAATACAGA,L2
hMG2,AATCACGCAATGGCAG,L2
hMG2,AATCACGCAGGTTACT,L1
hMG2,AATCACGGTTCAGCGC,L2
hMG2,AATCACGTCACGACTA,L1
hMG2,AATCACGTCGCTGCGA,Basal
hMG2,AATCGACAGATGGGCT,L2
hMG2,AATCGACAGCACCTGC,L1
hMG2,AATCGACGTGAGATCG,L1
hMG2,AATCGTGAGGATCACG,L2
hMG2,AATCGTGAGGTGCCAA,L2
hMG2,AATCGTGCAGCCCAGT,L2
hMG2,AATCGTGGTCATGCAT,L2
hMG2,AATCGTGTCAGCCCAG,L1
hMG2,AATGAAGAGCTGTACT,L1
hMG2,AATGAAGCATTGACAC,L2
hMG2,AATGAAGGTACACGCC,Basal
hMG2,AATGAAGGTGTGATGG,Basal
hMG2,AATGAAGTCGCTAAAC,L2
hMG2,AATGACCAGATGCGAC,L2
hMG2,AATGACCAGATTGACA,Basal
hMG2,AATGACCAGTCAAGCG,Basal
hMG2,AATGACCCAACTTGGT,L2
hMG2,AATGACCCAAGTCATC,L1
hMG2,AATGACCCAATCTCGA,L2
hMG2,AATGACCCAGGTGACA,L1
hMG2,AATGACCTCCATCGTC,L2
hMG2,AATGCCAAGCCTCACG,L2
hMG2,AATGCCACACTGCACG,L2
hMG2,AATGCCACAGTCGCTG,L1
hMG2,AATGCCAGTGGTCTGC,L1
hMG2,AATGCCAGTTCTCTAT,L1
hMG2,AATGCCATCTCCGTGT,L2
hMG2,AATGCCATCTGCTTTA,L2
hMG2,AATGGAAAGGAGACCT,L2
hMG2,AATGGAAAGTAAGCAT,L2
hMG2,AATGGAAAGTAGGAAG,Basal
hMG2,AATGGAAGTCCTCCTA,L2
hMG2,AATGGAAGTGATACTC,Basal
hMG2,AATGGAATCAGCTCTC,Basal
hMG2,AATGGCTAGAAGATCT,L2
hMG2,AATGGCTAGGCTAACG,L2
hMG2,AATGGCTCATGAATAG,Basal
hMG2,AATGGCTCATGGCTGC,L1
hMG2,AATGGCTGTCAGGTAG,L2
hMG2,AATGGCTGTTCCATTT,Basal
hMG2,AATGGCTTCCGAAGGA,Basal
hMG2,AATGGCTTCGCGTCGA,L1
hMG2,AATGGCTTCGTGCACG,L1
hMG2,AATTCCTAGCTCTATG,L2
hMG2,AATTCCTCATGATCTG,L1
hMG2,AATTCCTGTAGCGTAG,Basal
hMG2,AATTCCTGTATCTTCT,L2
hMG2,AATTCCTGTTCGATTG,L1
hMG2,AATTTCCCAATTTCGG,Basal
hMG2,AATTTCCGTACTCGCG,L1
hMG2,AATTTCCGTAGACACG,L2
hMG2,AATTTCCGTATTGACC,Basal
hMG2,AATTTCCTCAAAGGTA,L1
hMG2,AATTTCCTCTAGAGCT,L1
hMG2,AATTTCCTCTGAGAAA,L1
hMG2,ACAAAGACAACTGCCG,L2
hMG2,ACAAAGACAGGTTACT,L1
hMG2,ACAAAGATCCTTATAC,Basal
hMG2,ACAACCAAGCGACTAG,L2
hMG2,ACAACCAAGCTAGAAT,L1
hMG2,ACAACCACACATTGTG,L2
hMG2,ACAACCAGTCGTCTCT,L2
hMG2,ACAACCATCCCTCGAT,Basal
hMG2,ACAACCATCGACCAAT,L1
hMG2,ACAAGCTAGATTAGCA,Basal
hMG2,ACAAGCTAGCAAGCCA,L1
hMG2,ACAAGCTAGTCGTCTA,L2
hMG2,ACAAGCTCAAGTGGCA,L2
hMG2,ACAAGCTCACATGACT,L2
hMG2,ACAAGCTCAGCCCACA,Basal
hMG2,ACAAGCTGTAGCACAG,L2
hMG2,ACAAGCTGTCCACTCT,L2
hMG2,ACACAGTCAATTCGTG,L2
hMG2,ACACAGTCACTGCATA,L1
hMG2,ACACAGTCATCGGTTA,L1
hMG2,ACACAGTTCACATACG,L2
hMG2,ACACAGTTCATGCCGG,L1
hMG2,ACACCAACATGAATAG,L2
hMG2,ACACCAAGTCACTTCC,L2
hMG2,ACACCAAGTGGAACAC,L1
hMG2,ACACCAATCGGACTTA,L2
hMG2,ACACGCGAGCACCGAA,L1
hMG2,ACACGCGAGGCCTTGC,L1
hMG2,ACACGCGAGGGATGTC,Basal
hMG2,ACACGCGAGGTGCGAT,L2
hMG2,ACACGCGCAACTAGAA,L2
hMG2,ACACGCGCAGTGGGTA,L1
hMG2,ACACGCGGTCGTCGGT,L2
hMG2,ACACTGAAGTCATGAA,Basal
hMG2,ACACTGATCAAAGAAC,L2
hMG2,ACACTGATCATTATCC,L2
hMG2,ACAGAAAAGCGTTAGG,L2
hMG2,ACAGAAAAGTGAGGTC,L2
hMG2,ACAGAAACATCAGCAT,Basal
hMG2,ACAGAAAGTCACTCAA,L2
hMG2,ACAGAAAGTCGAAGCA,L1
hMG2,ACAGAAATCATCTACT,L2
hMG2,ACAGCCGAGACTCTTG,L1
hMG2,ACAGCCGGTACAAAGT,L1
hMG2,ACAGCCGGTGAGTAAT,L1
hMG2,ACAGCCGGTGTTCCAA,Basal
hMG2,ACAGCCGGTTGACGGA,L1
hMG2,ACAGCCGTCGACCCAG,Basal
hMG2,ACAGGGAAGGCGATAC,L1
hMG2,ACAGGGAAGTCATGGG,L2
hMG2,ACAGGGACAATAGTAG,L1
hMG2,ACAGGGACAGCGTGCT,L1
hMG2,ACAGGGACATCGCTCT,Basal
hMG2,ACAGGGAGTAAGTTGA,Basal
hMG2,ACAGGGAGTCGTCATA,Basal
hMG2,ACAGGGAGTGTATTGC,L1
hMG2,ACAGGGAGTTCGGTTA,L2
hMG2,ACAGGGATCACCACAA,Basal
hMG2,ACAGGGATCTGTCAGA,L1
hMG2,ACATCCCAGCTCATAC,L2
hMG2,ACATCCCGTGTTCGAT,Basal
hMG2,ACATCCCTCATTCATC,L2
hMG2,ACATCCCTCGGTGTTA,Basal
hMG2,ACATCCCTCGTAGTGT,Basal
hMG2,ACATCCCTCTACGCGG,L2
hMG2,ACATCCCTCTTAATCC,L1
hMG2,ACATCGAAGAATCTAG,L2
hMG2,ACATCGACAAGTCATC,L1
hMG2,ACATCGACAAGTGATA,L1
hMG2,ACATCGACAGACTGCC,Basal
hMG2,ACATCGACATTCTCCG,Basal
hMG2,ACATCGAGTACGTACT,Basal
hMG2,ACATCGAGTACGTGTT,L1
hMG2,ACATCGAGTTAACCTG,L2
hMG2,ACATCGATCAAAGAAC,L2
hMG2,ACATCGATCCGTGGTG,L2
hMG2,ACATCGATCTGAGGCC,Basal
hMG2,ACATGCAAGAGCCTGA,L1
hMG2,ACATGCAAGTATCCTG,L1
hMG2,ACATGCAAGTCACAGG,L2
hMG2,ACATGCAGTAACACGG,L2
hMG2,ACATGCAGTGAATGTA,Basal
hMG2,ACATGCAGTTCTCTCG,L2
hMG2,ACATGCAGTTGGGACA,L1
hMG2,ACATGCATCAACGCTA,L2
hMG2,ACATGCATCGCTGACG,L2
hMG2,ACATGCATCTGCTAGA,L2
hMG2,ACATTTCAGACATCCT,Basal
hMG2,ACATTTCCATAACAGA,Basal
hMG2,ACATTTCGTCCATCTC,L1
hMG2,ACATTTCTCGAGTCCG,L1
hMG2,ACATTTCTCGGTCACG,L2
hMG2,ACCAAACGTACTGCGC,L2
hMG2,ACCAAACGTAGTGATA,L2
hMG2,ACCAAACGTTACGGAG,L1
hMG2,ACCAAACGTTAGAGAT,Basal
hMG2,ACCAAACTCCGGCTTT,L1
hMG2,ACCAAACTCGAACTCA,Basal
hMG2,ACCAACAAGCTTTCCC,L1
hMG2,ACCAACAAGGATTTCC,L1
hMG2,ACCAACAAGTCGGCCT,L2
hMG2,ACCAACACAAACACGG,L2
hMG2,ACCAACAGTACGCGTC,L2
hMG2,ACCAACAGTGGCCTCA,L1
hMG2,ACCAACAGTGTCTAAC,L1
hMG2,ACCAACATCGACCCAG,L2
hMG2,ACCAACATCGTCCTCA,L1
hMG2,ACCACAAAGGTTTACC,L2
hMG2,ACCACAACACGGCCAT,L2
hMG2,ACCACAACAGAGAAAG,L1
hMG2,ACCACAACATCAACCA,Basal
hMG2,ACCACAAGTCGTGGAA,L2
hMG2,ACCACAAGTTCGAACT,L2
hMG2,ACCACAATCAAGTCGT,Basal
hMG2,ACCACAATCACCATAG,L1
hMG2,ACCACAATCCGAACGC,L2
hMG2,ACCACAATCTTTGATC,L1
hMG2,ACCATTTAGCAGCGAT,L2
hMG2,ACCATTTAGGCCTAAG,L2
hMG2,ACCATTTAGTTGGACG,L1
hMG2,ACCATTTGTATCTCTT,L1
hMG2,ACCATTTGTCGCAGTC,L2
hMG2,ACCATTTGTCTGCAAT,L2
hMG2,ACCATTTGTTGGGATG,L2
hMG2,ACCATTTTCTATTGTC,L1
hMG2,ACCCAAACACCATTCC,L1
hMG2,ACCCAAAGTCATCGGC,L1
hMG2,ACCCAAAGTCCAGCAC,L2
hMG2,ACCCAAATCCGATCGG,L2
hMG2,ACCCTCAAGCGGGTAT,L1
hMG2,ACCCTCAAGGTGCTTT,Basal
hMG2,ACCCTCAAGTACAACA,Basal
hMG2,ACCCTCACACCCTTAC,L1
hMG2,ACCCTCACATCTTTCA,L2
hMG2,ACCCTCAGTAGGAGTC,L2
hMG2,ACCCTCAGTGAATGTA,Basal
hMG2,ACCCTCAGTTCGGACC,L2
hMG2,ACCCTCAGTTGTAAAG,L1
hMG2,ACCCTTGAGATCACTC,L2
hMG2,ACCCTTGAGGCCCAAA,L2
hMG2,ACCCTTGAGTCTCTGA,L2
hMG2,ACCCTTGCAAGGTACG,Basal
hMG2,ACCCTTGCAATCTAGC,L2
hMG2,ACCCTTGCACTTGTGA,L1
hMG2,ACCCTTGCATCGAGCC,L2
hMG2,ACCCTTGGTATTCCTT,L1
hMG2,ACCCTTGGTGCGAGTA,Basal
hMG2,ACCCTTGGTGGACTGA,L1
hMG2,ACCCTTGTCCATAAGC,L1
hMG2,ACCCTTGTCTTTCTAG,L1
hMG2,ACCGTTCAGAGAGCAA,L1
hMG2,ACCGTTCAGCAATAAC,L2
hMG2,ACCGTTCCAATCCTTT,L2
hMG2,ACCGTTCCAGCTGAGA,Basal
hMG2,ACCGTTCCATCCTTGC,L1
hMG2,ACCGTTCGTGGACTGA,L2
hMG2,ACCGTTCTCGCAGTTA,L1
hMG2,ACCTACCAGAAGCGAA,L1
hMG2,ACCTACCAGACCCGCT,L2
hMG2,ACCTACCAGCCAGACA,L1
hMG2,ACCTACCCACCGAATT,Basal
hMG2,ACCTACCTCACTAGCA,L1
hMG2,ACCTGAAAGATACATG,Basal
hMG2,ACCTGAAAGGTCGACA,L1
hMG2,ACCTGAAGTACTAGCT,L2
hMG2,ACCTGTCAGCGCCTCA,L2
hMG2,ACCTGTCAGCTTAAGA,Basal
hMG2,ACCTGTCAGGGTGAGG,Basal
hMG2,ACCTGTCCAAGGACAC,Basal
hMG2,ACCTGTCCAATTGCAC,L1
hMG2,ACCTGTCGTACAACGG,L2
hMG2,ACCTGTCGTTTGTGGT,Basal
hMG2,ACCTGTCTCCTACAAG,Basal
hMG2,ACCTGTCTCGCCTTTG,L1
hMG2,ACGATCAAGGGACCAT,L2
hMG2,ACGATCAAGTCTAACC,L1
hMG2,ACGATCACACATGAAA,L2
hMG2,ACGATCACACATTCTT,L1
hMG2,ACGATCACAGGTAGTG,Basal
hMG2,ACGATCACATGAATAG,Basal
hMG2,ACGATCAGTCGCAGTC,L2
hMG2,ACGATCATCTAAGCGT,Basal
hMG2,ACGATGTCAATGGGTG,L2
hMG2,ACGATGTCATCCGGTG,Basal
hMG2,ACGATGTGTACCAATC,Basal
hMG2,ACGATGTGTATTGACC,Basal
hMG2,ACGATGTGTATTGAGA,L1
hMG2,ACGATGTTCACTTCTA,L1
hMG2,ACGCACGAGAGTCTGG,L2
hMG2,ACGCACGAGGTGATCG,L2
hMG2,ACGCACGCAACAGAGC,Basal
hMG2,ACGCACGGTATCCCAA,L1
hMG2,ACGCACGTCCACCTCA,L1
hMG2,ACGGAAGAGACAGCTG,L1
hMG2,ACGGAAGAGAGCCGTA,L2
hMG2,ACGGAAGAGAGGATGA,L2
hMG2,ACGGAAGAGGATGCGT,L2
hMG2,ACGGAAGCAACCAGAG,L2
hMG2,ACGGAAGCAGGGATAC,Basal
hMG2,ACGGAAGGTCCACACG,L2
hMG2,ACGGAAGGTGATTCAC,L1
hMG2,ACGGAAGGTGCGACAA,L2
hMG2,ACGGAAGGTTAGGGTG,Basal
hMG2,ACGGAAGTCAGAGCAG,L2
hMG2,ACGGAAGTCCCTCAAC,L2
hMG2,ACGGAAGTCGCTAAAC,L2
hMG2,ACGGAAGTCGGCCAAC,L1
hMG2,ACGGAAGTCTACTCAT,Basal
hMG2,ACGGGTCAGACGATAT,L2
hMG2,ACGGGTCAGCCATTGT,L1
hMG2,ACGGGTCAGCCGTAAG,L2
hMG2,ACGGGTCCAGGTTCAT,L2
hMG2,ACGGGTCGTACTGGGA,L2
hMG2,ACGGGTCTCGACGATT,L2
hMG2,ACGGTCGAGCCGCTTG,Basal
hMG2,ACGGTCGAGGCCTAGA,L1
hMG2,ACGGTCGCAGGTGAGT,L1
hMG2,ACGGTCGCATGCCGGT,L1
hMG2,ACGGTCGTCTAGTTCT,L2
hMG2,ACGGTCGTCTCCACTG,L1
hMG2,ACGGTTACAGAACATA,L2
hMG2,ACGGTTACAGCGTTGC,L1
hMG2,ACGGTTAGTGTATACC,L2
hMG2,ACGGTTAGTTTGCCGG,L1
hMG2,ACGGTTATCCTAGAGT,L1
hMG2,ACGGTTATCGCCTCTA,L1
hMG2,ACGTAACAGAGAGGGC,Basal
hMG2,ACGTAACAGTCGCCAC,L2
hMG2,ACGTAACAGTGGACTG,L2
hMG2,ACGTAACCATACTTTC,L2
hMG2,ACGTAACCATCCTAAG,L1
hMG2,ACGTAACGTACAACGG,L2
hMG2,ACGTAACTCCTGTTAT,L1
hMG2,ACGTACAGTCCTACGG,L1
hMG2,ACGTACATCTGCGGGT,Basal
hMG2,ACGTAGTTCGCGCCAA,Basal
hMG2,ACGTCCTAGAAAGTCT,L1
hMG2,ACGTCCTAGACTACGG,L2
hMG2,ACGTCCTAGAGGCCAT,Basal
hMG2,ACGTCCTTCTTCTGTA,L1
hMG2,ACGTTCCAGATTCGCT,Basal
hMG2,ACGTTCCAGCACGATG,L2
hMG2,ACGTTCCCACTCTCGT,L2
hMG2,ACGTTCCGTATTCCTT,L1
hMG2,ACGTTCCGTCCTTAAG,L2
hMG2,ACGTTCCTCACCTTAT,L1
hMG2,ACGTTCCTCTTAGCTT,Basal
hMG2,ACTACGAAGAGTCTTC,Basal
hMG2,ACTACGAAGCGCAATG,L1
hMG2,ACTACGAAGTAGGTTA,L1
hMG2,ACTACGAAGTCTAGCT,L1
hMG2,ACTACGACAACGTATC,L1
hMG2,ACTACGACACTAGTAC,L1
hMG2,ACTACGACACTGAATC,L1
hMG2,ACTACGACAGCGACAA,Basal
hMG2,ACTACGACATGTACGT,L2
hMG2,ACTACGAGTAAGATCA,L2
hMG2,ACTACGAGTCAGGTGA,Basal
hMG2,ACTACGATCCACTGAA,Basal
hMG2,ACTACGATCGGTCTGG,L2
hMG2,ACTATCTCAAATGCTC,L2
hMG2,ACTATCTCAAGAAACT,Basal
hMG2,ACTATCTCATGCAGCC,L2
hMG2,ACTATCTTCGGAGTAG,Basal
hMG2,ACTATGGAGCTGCCTG,L2
hMG2,ACTATGGCAGAGTCTT,L2
hMG2,ACTATGGGTGGCATCC,L2
hMG2,ACTATGGTCAAAGCCT,L2
hMG2,ACTATGGTCACCCTGT,L2
hMG2,ACTATGGTCGCAGTGC,L1
hMG2,ACTATGGTCGCCAGTG,L2
hMG2,ACTATTCAGAACTTCC,L2
hMG2,ACTATTCAGGGACCAT,Basal
hMG2,ACTATTCCAGACAAAT,L2
hMG2,ACTATTCCAGGTTCCG,L2
hMG2,ACTATTCTCCTTCAGC,Basal
hMG2,ACTATTCTCGGTAACT,L1
hMG2,ACTCCCAAGGACATCG,L1
hMG2,ACTCCCAAGGATGGCT,L2
hMG2,ACTCCCAAGTCCCGGT,L1
hMG2,ACTCCCAGTAATGTGA,Basal
hMG2,ACTCCCAGTGGTCTTA,L1
hMG2,ACTCCCATCACCCTCA,L1
hMG2,ACTCCCATCCAAGAGG,Basal
hMG2,ACTCCCATCCGCGGAT,L2
hMG2,ACTCCCATCCTTTGAT,L1
hMG2,ACTCCCATCGAAGCCC,L1
hMG2,ACTCCCATCGCATTGA,Basal
hMG2,ACTCCCATCGTGTTCC,L1
hMG2,ACTCTCGAGAGTGTGC,L2
hMG2,ACTCTCGAGTGCGCTC,L1
hMG2,ACTCTCGCAAACGGCA,L1
hMG2,ACTCTCGCAATAGAGT,Basal
hMG2,ACTCTCGCAGCAGTAG,Basal
hMG2,ACTCTCGCATCCGGCA,Basal
hMG2,ACTCTCGTCGGTCTAA,L2
hMG2,ACTGATGAGATGGTCG,L2
hMG2,ACTGATGGTACTGCGC,L2
hMG2,ACTGATGGTCCAGCGT,L2
hMG2,ACTGATGGTTCTCAGA,L1
hMG2,ACTGATGTCCTGGCTT,L2
hMG2,ACTGATGTCGAATCCA,L1
hMG2,ACTGCAAAGCGTCAGA,L2
hMG2,ACTGCAATCCAACACA,L1
hMG2,ACTGCAATCCTTACCG,L1
hMG2,ACTGCAATCGGTGCAC,L1
hMG2,ACTGTCCAGCTGTTAC,L2
hMG2,ACTGTCCCAGTGGGTA,Basal
hMG2,ACTGTCCTCAGGAAGC,L2
hMG2,ACTGTCCTCGTTTACT,L1
hMG2,ACTGTGAAGCGTCTCG,L2
hMG2,ACTGTGACACACCTAA,Basal
hMG2,ACTGTGAGTGAGACCA,L1
hMG2,ACTGTGAGTGCATCTA,L1
hMG2,ACTGTGATCTAAGAAG,L2
hMG2,ACTTAGGAGTCAATCC,L2
hMG2,ACTTAGGAGTTGAAGT,L1
hMG2,ACTTAGGCAAGCGGAT,L1
hMG2,ACTTAGGCAGCTAACT,L2
hMG2,ACTTAGGCAGGTGGAT,L2
hMG2,ACTTAGGGTGTTCAGT,Basal
hMG2,ACTTATCAGCACGGAT,L1
hMG2,ACTTATCAGGAAGTCC,Basal
hMG2,ACTTATCAGGCCTGCT,L1
hMG2,ACTTATCGTACGGATG,Basal
hMG2,ACTTATCGTCAGTCCG,L2
hMG2,ACTTATCTCATCGACA,Basal
hMG2,ACTTATCTCCACTAGA,L2
hMG2,ACTTATCTCTCGCTTG,L2
hMG2,ACTTCCGAGCTCCATA,L1
hMG2,ACTTCCGAGCTGCCAC,L1
hMG2,ACTTCCGCATTGCCGG,L1
hMG2,ACTTCCGTCAACTCTT,Basal
hMG2,ACTTCCGTCACCCTTG,L2
hMG2,ACTTCGCTCAGTCAGT,L2
hMG2,ACTTCGCTCCGTTGAA,L2
hMG2,ACTTTCAAGAACAGGA,L1
hMG2,ACTTTCAAGACGCATG,Basal
hMG2,ACTTTCAAGCGGTATG,L1
hMG2,ACTTTCACAAATCGTC,Basal
hMG2,ACTTTCACAAATGGAT,L2
hMG2,ACTTTCACACTTCCTG,L1
hMG2,ACTTTCACATTGAGCT,Basal
hMG2,ACTTTCAGTGTTCCAA,Basal
hMG2,ACTTTCAGTTTGAAAG,Basal
hMG2,ACTTTCATCCATTTCA,L2
hMG2,ACTTTCATCGGAAACG,L2
hMG2,ACTTTCATCTGAGGTT,L2
hMG2,ACTTTGTAGACGAGCT,L1
hMG2,ACTTTGTAGCCAAGTG,L1
hMG2,ACTTTGTAGCTCCATA,L2
hMG2,ACTTTGTAGGACTATA,L2
hMG2,ACTTTGTAGGCTTAAA,L2
hMG2,ACTTTGTAGGTTACCT,Basal
hMG2,ACTTTGTAGTATCCTG,L1
hMG2,ACTTTGTCAACACAGG,L2
hMG2,ACTTTGTCATTCTGTT,L2
hMG2,ACTTTGTGTATCCTCC,L1
hMG2,ACTTTGTTCTTCTCAA,Basal
hMG2,AGAAATGAGGCTGGAT,L1
hMG2,AGAAATGAGTACCCTA,L2
hMG2,AGAAATGAGTATTAGG,Basal
hMG2,AGAAATGCACACACGC,L1
hMG2,AGAAATGTCCGGCAGT,Basal
hMG2,AGAACAACAGAACTAA,L2
hMG2,AGAACAACAGCGTGCT,Basal
hMG2,AGAACAAGTAGTTAGA,L1
hMG2,AGAACAAGTGATACAA,Basal
hMG2,AGAACAAGTTCTGACA,Basal
hMG2,AGAACCTAGAAATTCG,L2
hMG2,AGAACCTAGAGAACCC,L1
hMG2,AGAACCTAGCATATGA,L2
hMG2,AGAACCTCAGTGACCC,L2
hMG2,AGAACCTCAGTGCCTG,L2
hMG2,AGAACCTGTCGATTTG,L2
hMG2,AGAACCTGTTACCTTT,L1
hMG2,AGAACCTTCTCCGTGT,L1
hMG2,AGAAGCGAGCGCCGTT,L1
hMG2,AGAAGCGGTTGCTTGA,L2
hMG2,AGAAGTAAGAGAGGTA,Basal
hMG2,AGAAGTAAGCGATTCT,L2
hMG2,AGAAGTACAGCGTGAA,L1
hMG2,AGAAGTAGTAACGATA,L2
hMG2,AGAAGTAGTAACGCGA,Basal
hMG2,AGACAAAAGAAGGATG,L1
hMG2,AGACAAACATACCACA,L1
hMG2,AGACAAACATGGAGAC,L1
hMG2,AGACAAACATTGAGGG,L2
hMG2,AGACAAAGTAGACAAT,Basal
hMG2,AGACAAATCGCTCTCA,L1
hMG2,AGACACTAGGAAGAAC,Basal
hMG2,AGACACTCACCCTGAG,L1
hMG2,AGACACTGTACGCGTC,L1
hMG2,AGACACTTCCATCACC,Basal
hMG2,AGACAGGAGATACAGT,L2
hMG2,AGACAGGGTCACTAGT,L1
hMG2,AGACAGGGTGAAAGTT,Basal
hMG2,AGACAGGTCAATCAGC,L2
hMG2,AGACAGGTCCGATCTC,L1
hMG2,AGACCATAGAATCTAG,L1
hMG2,AGACCATAGCGGTAGT,Basal
hMG2,AGACCATAGGTAACTA,L1
hMG2,AGACCATAGTGGTCAG,Basal
hMG2,AGACCATCACAAGTTC,L2
hMG2,AGACCATCACTGGAAG,L2
hMG2,AGACCATGTCGACGCT,Basal
hMG2,AGACCATGTTCTTCAT,L2
hMG2,AGACCCGAGCGAGTCA,L2
hMG2,AGACCCGAGCGATTCT,Basal
hMG2,AGACCCGAGTCAGGGT,Basal
hMG2,AGACCCGCACGACGCT,L2
hMG2,AGACCCGCATGACCCG,L2
hMG2,AGACCCGGTAGGACCA,L2
hMG2,AGACCCGGTCTTGAAC,L2
hMG2,AGACCCGTCCTTCAGC,Basal
hMG2,AGACCCGTCTGACCCT,L1
hMG2,AGACTCAAGAGCCGTA,L2
hMG2,AGACTCACACGTTGGC,Basal
hMG2,AGACTCAGTCCTCCAT,L2
hMG2,AGACTCAGTGTATCCA,L2
hMG2,AGACTCAGTTTGGAAA,L2
hMG2,AGACTCAGTTTGGGAG,Basal
hMG2,AGAGAATAGACGGATC,Basal
hMG2,AGAGAATAGGCAGGTT,L1
hMG2,AGAGAATCAATCGAAA,L2
hMG2,AGAGAATCACGAGGAT,L2
hMG2,AGAGAATCAGAACCGA,L1
hMG2,AGAGAATCAGCTTCGG,L1
hMG2,AGAGAATCATGAGATA,Basal
hMG2,AGAGAATCATTGGATC,Basal
hMG2,AGAGAATGTACAAGTA,Basal
hMG2,AGAGAATGTCCAATCA,Basal
hMG2,AGAGAATTCCCTCATG,L2
hMG2,AGAGAGCAGTGGTTCT,L2
hMG2,AGAGAGCCACACACGC,Basal
hMG2,AGAGAGCGTTAAGCAA,L2
hMG2,AGAGAGCGTTCACCGG,Basal
hMG2,AGAGAGCTCAGTGCGC,L1
hMG2,AGAGAGCTCGCGGTAC,L2
hMG2,AGAGCAGAGAAGGCTC,Basal
hMG2,AGAGCAGAGCAACCAG,L1
hMG2,AGAGCAGAGCTTACGT,L2
hMG2,AGAGCAGCAATAGGGC,L2
hMG2,AGAGCAGCAGTAGTGG,L2
hMG2,AGAGCAGGTTACACAC,L2
hMG2,AGAGCAGTCCGTGCGA,Basal
hMG2,AGAGCAGTCGAACTCA,L2
hMG2,AGAGCAGTCTACTCAT,L1
hMG2,AGAGCCCAGTGGCAGT,L2
hMG2,AGAGCCCCAACGGTAG,L2
hMG2,AGAGCCCCACAAGCAG,L2
hMG2,AGAGCCCCAGCACCCA,L1
hMG2,AGAGCCCTCAACTGGT,Basal
hMG2,AGAGCCCTCAGACCCG,L2
hMG2,AGAGCCCTCGTGCAGC,L1
hMG2,AGATAGACAAGTGTCT,L2
hMG2,AGATAGACATGAATAG,Basal
hMG2,AGATAGACATGACAAA,L2
hMG2,AGATAGAGTGGCCTCA,L1
hMG2,AGATAGAGTGTAGTGG,Basal
hMG2,AGATAGAGTGTCGATT,L1
hMG2,AGATAGATCTGGCTGG,L1
hMG2,AGATCCAAGTTTCAGC,L2
hMG2,AGATCCACAATGCAAA,L2
hMG2,AGATCCAGTTACCCTC,L2
hMG2,AGATCCATCAGTCAGT,L2
hMG2,AGATCCATCGCTGTTC,L2
hMG2,AGATCGTAGGACGCTA,L2
hMG2,AGATCGTCAAAGTATG,L1
hMG2,AGATCGTCAAGATGGC,L2
hMG2,AGATCGTCAAGGCGTA,Basal
hMG2,AGATCGTCACTTTAGG,Basal
hMG2,AGATCGTCAGAGAGGG,L2
hMG2,AGATCGTGTCTACTGA,L2
hMG2,AGATCGTGTGGCACTC,L2
hMG2,AGATCGTGTGTTACAC,Basal
hMG2,AGATCGTGTTAGCTAC,L1
hMG2,AGATCGTTCTGGCCTT,L1
hMG2,AGATGAAAGCGCCTAC,L2
hMG2,AGATGAAAGGATGTTA,L1
hMG2,AGATGAAAGGTTGAGC,L1
hMG2,AGATGAAAGTAACGTA,Basal
hMG2,AGATGAACAGGAGGTT,L2
hMG2,AGATGAACATTGGCAT,Basal
hMG2,AGATGAAGTGGCATCC,L2
hMG2,AGATGAATCATGGCCG,L2
hMG2,AGATGAATCCATTGGA,L2
hMG2,AGATGAATCTGGCCAG,L1
hMG2,AGATGCTAGCAACTTC,L2
hMG2,AGATGCTCAAAGCAAT,Basal
hMG2,AGATGCTCACCTATCC,L2
hMG2,AGATGCTGTCTTGAAC,L2
hMG2,AGATGCTGTGTAGCAG,L1
hMG2,AGATGCTTCAACTGGT,L2
hMG2,AGCATCACAAATGCTC,L1
hMG2,AGCATCACATGTGCCG,Basal
hMG2,AGCATCAGTCCGGACT,L2
hMG2,AGCATCAGTTCCGCGA,L2
hMG2,AGCATCATCAGACTGT,L1
hMG2,AGCATCATCCTGATAG,L2
hMG2,AGCATCATCCTGCTAC,L1
hMG2,AGCATCATCGTCGCTT,L2
hMG2,AGCCAATCAACAGTGG,L2
hMG2,AGCCAATCAGTAGTGG,L2
hMG2,AGCCAATGTGCAAGAC,L2
hMG2,AGCCAATGTGCCCGTA,L2
hMG2,AGCCAATTCTCGTCGT,L1
hMG2,AGCCAATTCTGCGGAC,L1
hMG2,AGCCAATTCTGTGCAA,L2
hMG2,AGCCACGAGGGAGGCA,L2
hMG2,AGCCACGCAGCTGGTC,Basal
hMG2,AGCCACGGTTTGGGTT,L1
hMG2,AGCCACGTCTCCTGAC,Basal
hMG2,AGCCAGCCAACCGCTG,L1
hMG2,AGCCAGCCATCCGCGA,Basal
hMG2,AGCCAGCGTCACTCGG,Basal
hMG2,AGCCAGCGTCCGGCAT,L1
hMG2,AGCCAGCGTGGATCGA,L1
hMG2,AGCCAGCGTTTGGGTT,Basal
hMG2,AGCCAGCTCTAGAACC,L2
hMG2,AGCGATTCAATTAGGA,Basal
hMG2,AGCGATTGTTCCACGG,L2
hMG2,AGCGATTTCGACCATA,L2
hMG2,AGCGCCAAGAAGTATC,L1
hMG2,AGCGCCAAGGAGGTTC,L2
hMG2,AGCGCCAAGGGTCAAC,L1
hMG2,AGCGCCACAAATGGTA,Basal
hMG2,AGCGCCACAACTCCAA,L1
hMG2,AGCGCCACAATGTTGC,L2
hMG2,AGCGCCATCGACATAC,L2
hMG2,AGCGCTGAGACGGTCA,L1
hMG2,AGCGCTGAGTAGAATC,L2
hMG2,AGCGCTGAGTCATGAA,Basal
hMG2,AGCGCTGAGTTATGGA,Basal
hMG2,AGCGCTGGTGAGTAAT,Basal
hMG2,AGCGTATAGAATCGTA,L1
hMG2,AGCGTATAGACAACTA,L2
hMG2,AGCGTATAGTAAGGGA,L2
hMG2,AGCGTATCACGCGTCA,L2
hMG2,AGCGTATCATTCTTCA,Basal
hMG2,AGCGTATGTTGGACCC,Basal
hMG2,AGCGTATGTTGTTGAC,L1
hMG2,AGCGTATTCACCGGTG,L2
hMG2,AGCGTATTCATGCCAA,L2
hMG2,AGCGTATTCTTTGGAG,L2
hMG2,AGCGTCGCAGCCGTCA,L2
hMG2,AGCGTCGCAGTCACGC,L2
hMG2,AGCTACACAACACGTT,Basal
hMG2,AGCTACACAGCGCTTG,L2
hMG2,AGCTACAGTATCTCGA,L2
hMG2,AGCTACAGTCAGATTC,L2
hMG2,AGCTACAGTTCGCGTG,Basal
hMG2,AGCTACATCCAACCAA,L2
hMG2,AGCTACATCCATCTCG,Basal
hMG2,AGCTCAAAGCTCGACC,L1
hMG2,AGCTCAAAGGTACCTT,Basal
hMG2,AGCTCAAAGTATTCCG,L2
hMG2,AGCTCAACAAGAAACT,Basal
hMG2,AGCTCAACAGTATACC,L2
hMG2,AGCTCAACATACAGAA,L1
hMG2,AGCTCAAGTCAGTTTG,Basal
hMG2,AGCTCAAGTGCCAAGA,L2
hMG2,AGCTCAAGTTTCCATT,Basal
hMG2,AGCTCAATCATCTACT,L1
hMG2,AGCTCAATCGCGGACT,Basal
hMG2,AGCTCAATCGGCTTCT,L2
hMG2,AGCTCAATCTACACAG,Basal
hMG2,AGCTCAATCTCGGTCT,Basal
hMG2,AGCTTCCAGCTAGAGC,L1
hMG2,AGCTTCCGTGTTAACC,L2
hMG2,AGCTTCCGTTCGGTCG,L1
hMG2,AGGAAATAGGAGAATG,Basal
hMG2,AGGAAATAGGAGCAAA,Basal
hMG2,AGGAAATCACTAACCA,Basal
hMG2,AGGAAATCATCGAACT,Basal
hMG2,AGGAAATGTCATCCGG,L1
hMG2,AGGAAATGTGGTCCCA,Basal
hMG2,AGGAAATTCAAGTCGT,L2
hMG2,AGGAAATTCAATCAGC,L1
hMG2,AGGAATAAGATTGGGC,L1
hMG2,AGGAATAAGTCCTGCG,L1
hMG2,AGGAATAGTCTGCAAT,L2
hMG2,AGGAATAGTGCCTGAC,Basal
hMG2,AGGAATAGTGGCTCTG,Basal
hMG2,AGGAATATCAAGTGTC,L2
hMG2,AGGACGACAACTGCTA,L2
hMG2,AGGACGACATGTGACT,Basal
hMG2,AGGACGAGTCTTGGTA,L2
hMG2,AGGACGATCATGTCTT,L1
hMG2,AGGACGATCTGCAGCG,L2
hMG2,AGGACTTAGTCGCCCA,L2
hMG2,AGGACTTCAAGGGCAT,L1
hMG2,AGGACTTCACTGTCGG,L2
hMG2,AGGACTTCAGGTGTGA,L1
hMG2,AGGACTTGTTAGAAGT,L2
hMG2,AGGACTTTCACTCCGT,L2
hMG2,AGGACTTTCCCGAATA,L2
hMG2,AGGAGGTAGATCACTC,L2
hMG2,AGGAGGTGTCCTTGTC,L2
hMG2,AGGAGGTGTGAGATCG,Basal
hMG2,AGGAGGTTCGGTCGAC,L2
hMG2,AGGAGGTTCTAGTGTG,Basal
hMG2,AGGATAAAGGTGATCG,L2
hMG2,AGGATAACAGACCTAT,L2
hMG2,AGGATAACATAATGAG,L2
hMG2,AGGATAACATTCAGCA,L1
hMG2,AGGATAAGTCCACATA,L1
hMG2,AGGATAAGTCCAGTTA,Basal
hMG2,AGGATAAGTCGTTGCG,L2
hMG2,AGGATAATCCGAAATC,L2
hMG2,AGGATAATCCGCTAGG,L1
hMG2,AGGATCTAGCCTCAAT,Basal
hMG2,AGGATCTAGCTAGAGC,L2
hMG2,AGGATCTCAGGTCCGT,Basal
hMG2,AGGATCTTCCTCAGGG,L1
hMG2,AGGCATTAGAAGGCTC,L1
hMG2,AGGCATTAGGAGCTGT,L1
hMG2,AGGCATTAGGCGACAT,L1
hMG2,AGGCATTAGTGTTCAC,L1
hMG2,AGGCATTCAAGTTCCA,Basal
hMG2,AGGCATTCACCACTGG,Basal
hMG2,AGGCATTCAGGTGGAT,Basal
hMG2,AGGCATTTCATTGCTT,L1
hMG2,AGGCATTTCGAGAGAC,L2
hMG2,AGGCCACAGCCTGACC,L1
hMG2,AGGCCACAGCGCACAA,L2
hMG2,AGGCCACAGTAGTGCG,L2
hMG2,AGGCCACCAAGGCGTA,L2
hMG2,AGGCCACCACAGGATG,L1
hMG2,AGGCCACCAGCTTTGA,Basal
hMG2,AGGCCACCATGACCCG,L2
hMG2,AGGCCACGTCATACCA,L2
hMG2,AGGCCACGTTTCACAG,Basal
hMG2,AGGCTGCAGCGCGTTC,L1
hMG2,AGGCTGCCAAACCATC,Basal
hMG2,AGGCTGCCACATAGCT,Basal
hMG2,AGGCTGCCACTGTGTA,L1
hMG2,AGGCTGCGTACGTTCA,L2
hMG2,AGGCTGCTCGAGAATA,Basal
hMG2,AGGGAGTAGTGAGGTC,L1
hMG2,AGGGAGTGTAGACAAT,Basal
hMG2,AGGGAGTGTCCACGCA,L1
hMG2,AGGGAGTGTCGCATTA,L2
hMG2,AGGGAGTGTGAATGTA,L2
hMG2,AGGGAGTGTGATTGGG,Basal
hMG2,AGGGCCTAGGTAGGCT,L2
hMG2,AGGGCCTCACGTCGGT,L2
hMG2,AGGGCCTCAGCAGACA,L2
hMG2,AGGGCCTCATCCTTCG,L1
hMG2,AGGGCCTTCACAGTGT,L2
hMG2,AGGGCCTTCGTCCTTG,L2
hMG2,AGGGCTCAGCGATTCT,L1
hMG2,AGGGCTCAGCTAAGTA,L1
hMG2,AGGGCTCAGTCATGCT,Basal
hMG2,AGGGCTCCAATGTCTG,L1
hMG2,AGGGCTCCAGATTAAG,L1
hMG2,AGGGCTCCATAACCCA,Basal
hMG2,AGGGCTCCATAGAATG,L2
hMG2,AGGGCTCGTCTATGAC,L2
hMG2,AGGGCTCGTTAGAGTA,L1
hMG2,AGGGCTCTCAGTGTTG,L1
hMG2,AGGGCTCTCCCTCAAC,Basal
hMG2,AGGGTCCCAATTCTTC,L1
hMG2,AGGGTCCCAGGGTTGA,Basal
hMG2,AGGGTCCGTATAGGAT,L1
hMG2,AGGGTCCGTTCATCGA,Basal
hMG2,AGGGTCCGTTCTGAGT,Basal
hMG2,AGGGTCCGTTGTGCCG,L1
hMG2,AGGGTCCTCTCAACCC,L2
hMG2,AGGGTGAAGCATCGAG,L2
hMG2,AGGGTGAAGGTAGCAC,L1
hMG2,AGGGTGAGTCGACTGC,L1
hMG2,AGGGTGAGTCTGCCTT,Basal
hMG2,AGGGTGATCTCAATCT,Basal
hMG2,AGGGTGATCTGGCTGG,L2
hMG2,AGGGTTTAGACGGATC,L2
hMG2,AGGGTTTAGCTACAAA,L1
hMG2,AGGGTTTCAATCTGCA,L1
hMG2,AGGGTTTCAGAACCGA,L1
hMG2,AGGGTTTCATGTGCCG,L1
hMG2,AGGGTTTGTATGCTTG,L2
hMG2,AGGTAGGAGGACCCAA,L2
hMG2,AGGTAGGAGGAGACCT,L1
hMG2,AGGTAGGAGTACGAGC,L2
hMG2,AGGTAGGAGTGCACAG,Basal
hMG2,AGGTAGGCAATGTCAC,L1
hMG2,AGGTAGGGTGAGTTTC,L2
hMG2,AGGTAGGGTTCAAACC,Basal
hMG2,AGGTCATAGATTAGTG,L1
hMG2,AGGTCATAGGCTGAAC,L1
hMG2,AGGTCATGTATGACAA,L2
hMG2,AGGTCATGTTGCATTG,L2
hMG2,AGGTCATTCACCTGGG,L1
hMG2,AGGTCATTCAGCTGAT,L1
hMG2,AGGTCTAAGACCCGCT,L2
hMG2,AGGTCTAAGCTAGAGC,L1
hMG2,AGGTCTAAGGGACTGT,Basal
hMG2,AGGTCTAAGTTGCATC,L1
hMG2,AGGTCTACACGTCTCT,L2
hMG2,AGGTCTACACTGAGGA,Basal
hMG2,AGGTCTACATCCTTCG,L2
hMG2,AGGTCTAGTCCGTTTC,L2
hMG2,AGGTCTAGTCCTCCTA,Basal
hMG2,AGGTGTTTCCCGTGAG,L1
hMG2,AGGTTACAGACTTAAG,L2
hMG2,AGGTTACAGGTAGACC,L1
hMG2,AGGTTACAGTTTCAGC,L2
hMG2,AGGTTACCAACCGCTG,L1
hMG2,AGGTTACCAACGTTAC,L2
hMG2,AGGTTACGTGGACTGA,Basal
hMG2,AGGTTACTCATTCTTG,L2
hMG2,AGGTTACTCTACGCGG,L1
hMG2,AGGTTGTAGCTACGTT,Basal
hMG2,AGGTTGTAGTTTCAGC,L1
hMG2,AGGTTGTCATTGTCGA,Basal
hMG2,AGGTTGTGTACCGGAA,L1
hMG2,AGGTTGTTCCAATCCC,L2
hMG2,AGGTTGTTCCTGTACC,L1
hMG2,AGTAACCAGACCATTC,L2
hMG2,AGTAACCAGACCTGGA,Basal
hMG2,AGTAACCAGGATTTGA,L1
hMG2,AGTAACCCAACCGCTG,L1
hMG2,AGTAACCCATATGGCT,L1
hMG2,AGTAACCGTCACTCGG,L2
hMG2,AGTAACCGTCATCGGC,L2
hMG2,AGTAACCTCACTACGA,Basal
hMG2,AGTAACCTCGATCCCT,L2
hMG2,AGTACCAAGAGTTCGG,L2
hMG2,AGTACCAAGATGAATC,L2
hMG2,AGTACCACAGAGACTG,Basal
hMG2,AGTACCAGTCGTGGAA,L2
hMG2,AGTACCAGTTCTTCAT,L1
hMG2,AGTACCATCTGCTAGA,L2
hMG2,AGTACCATCTGGGAGA,Basal
hMG2,AGTACTGAGAGCTTTC,Basal
hMG2,AGTACTGAGGTCCCTG,L2
hMG2,AGTACTGAGTCAGCCC,L2
hMG2,AGTACTGCATAGAAAC,L1
hMG2,AGTACTGGTATCGAAA,L2
hMG2,AGTACTGGTGTTAGCT,L1
hMG2,AGTACTGGTTGTTTGG,Basal
hMG2,AGTACTGTCACCCTTG,L1
hMG2,AGTACTGTCGAGTGGA,L2
hMG2,AGTAGCTAGCTAATCC,L1
hMG2,AGTAGCTAGCTACTGT,L1
hMG2,AGTAGCTCAGAAGTGC,Basal
hMG2,AGTAGCTCAGTTACCA,L2
hMG2,AGTAGCTCATCATCTT,L1
hMG2,AGTAGCTGTACTAGCT,L1
hMG2,AGTAGCTGTGCAGTGA,L2
hMG2,AGTAGCTTCAGAATAG,L1
hMG2,AGTAGCTTCCGAGTGC,L2
hMG2,AGTAGCTTCGCTACGG,L2
hMG2,AGTAGTCAGCCGTTAT,L2
hMG2,AGTAGTCCACCTCGTT,L1
hMG2,AGTAGTCGTGGTACAG,Basal
hMG2,AGTAGTCGTTTGTTGG,L1
hMG2,AGTCAACAGGCGCTTC,L2
hMG2,AGTCAACCAAGAGCTG,L1
hMG2,AGTCAACCAAGAGGCT,L1
hMG2,AGTCAACCAAGTGCTT,Basal
hMG2,AGTCAACGTCATCGCG,L1
hMG2,AGTCAACTCATCCCGT,Basal
hMG2,AGTCACAAGAATAACC,L1
hMG2,AGTCACAAGATCCCAT,Basal
hMG2,AGTCACAAGCAGAAAG,L1
hMG2,AGTCACAAGGGCAGGA,L2
hMG2,AGTCACACAATTTCGG,L2
hMG2,AGTCACAGTACGAAAT,L1
hMG2,AGTCACATCCTACCGT,L2
hMG2,AGTCACATCCTCACGT,L1
hMG2,AGTCACATCTGAGTCA,L2
hMG2,AGTCATGCAAGCCTGC,Basal
hMG2,AGTCATGCATGCGTGC,L1
hMG2,AGTCATGGTTAGCTAC,L1
hMG2,AGTCATGTCGCTTGAA,L1
hMG2,AGTCTCCAGAGAGCCT,L1
hMG2,AGTCTCCAGGAAGAAC,L1
hMG2,AGTCTCCAGTGGACTG,Basal
hMG2,AGTCTCCGTACTGACT,L2
hMG2,AGTCTCCGTGTATTGC,L2
hMG2,AGTCTCCTCAGGAAGC,L2
hMG2,AGTGACTAGAAACCAT,L1
hMG2,AGTGACTAGGGAGATA,L2
hMG2,AGTGACTAGGTATTGA,L1
hMG2,AGTGACTCAATTCACG,L2
hMG2,AGTGACTCAGTTCCAA,Basal
hMG2,AGTGACTCATCCTATT,L2
hMG2,AGTGACTGTTTCCATT,L2
hMG2,AGTGACTTCTGTGTGA,L2
hMG2,AGTGATCAGGGCGAAG,L2
hMG2,AGTGATCAGGTATAGT,L1
hMG2,AGTGATCAGTGACACG,L1
hMG2,AGTGATCCACATTCTT,Basal
hMG2,AGTGATCCAGTGTACT,L1
hMG2,AGTGATCGTACGAGTG,Basal
hMG2,AGTGATCGTACTAACC,L1
hMG2,AGTGATCGTACTCAAC,L1
hMG2,AGTGATCTCAACCCGG,L1
hMG2,AGTGCCGAGCATCAAA,L1
hMG2,AGTGCCGAGCCTGACC,Basal
hMG2,AGTGCCGAGTCGAAGC,L1
hMG2,AGTTAGCAGTGGCAGT,L2
hMG2,AGTTAGCCAGAAGTTA,L1
hMG2,AGTTAGCGTTCCAGGC,L2
hMG2,AGTTAGCTCAGCAATC,L1
hMG2,AGTTAGCTCATCACTT,L1
hMG2,AGTTAGCTCATGGAGG,L2
hMG2,AGTTAGCTCCTTCGAC,Basal
hMG2,AGTTAGCTCGAACGCC,L2
hMG2,AGTTAGCTCTCGGTCT,L2
hMG2,AGTTCCCAGGCCATAG,L1
hMG2,AGTTCCCAGGCGACAT,L2
hMG2,AGTTCCCAGTACCGGA,L2
hMG2,AGTTCCCCAAACCATC,L2
hMG2,AGTTCCCCACCATATG,L1
hMG2,AGTTCCCCAGCCTATA,Basal
hMG2,AGTTCCCGTAGCTGAG,Basal
hMG2,AGTTCCCGTGACAGCA,L2
hMG2,AGTTCCCGTTCGAGCC,L1
hMG2,AGTTCCCGTTGTCATG,L2
hMG2,AGTTCCCTCACTAGCA,L1
hMG2,AGTTCCCTCTTCGATT,L1
hMG2,AGTTCGAAGTGGCCTC,L1
hMG2,AGTTCGAGTTAAACCC,L1
hMG2,AGTTCGATCAAGCCAT,Basal
hMG2,AGTTCGATCATAAGGA,L1
hMG2,AGTTCGATCATCGCCT,L1
hMG2,AGTTCGATCCGTCCTA,L2
hMG2,ATACCGACAGTCGAGA,Basal
hMG2,ATACCGAGTTAGCTAC,Basal
hMG2,ATACCGATCACATCAG,Basal
hMG2,ATACCGATCAGTGTTG,Basal
hMG2,ATACCGATCCCGAGTG,Basal
hMG2,ATACCGATCCTAACAG,L1
hMG2,ATACCGATCTGAACGT,L2
hMG2,ATACCTTAGGGTCAAC,L2
hMG2,ATACCTTAGTTCCAGT,L2
hMG2,ATACCTTGTGGGAGAG,Basal
hMG2,ATACCTTTCAATCTTC,L2
hMG2,ATACCTTTCCATCACC,L2
hMG2,ATACCTTTCTGTAAGC,L1
hMG2,ATACTTCAGAGTACCG,L2
hMG2,ATACTTCCACACTGGC,Basal
hMG2,ATACTTCCAGTATTCG,L2
hMG2,ATACTTCGTACCTAGT,L1
hMG2,ATACTTCGTACGTAGG,L1
hMG2,ATACTTCGTAGATCGG,L2
hMG2,ATACTTCGTATTGACC,Basal
hMG2,ATACTTCGTGGCTCTG,L1
hMG2,ATACTTCGTTCGGCGT,L1
hMG2,ATACTTCTCAAATAGG,L2
hMG2,ATACTTCTCCTTCACG,Basal
hMG2,ATAGACCAGTCCTACA,L2
hMG2,ATAGACCCAAGCGAAC,L1
hMG2,ATAGACCCAGGATTCT,Basal
hMG2,ATAGACCGTACAAGTA,Basal
hMG2,ATAGACCGTAGACAAT,L2
hMG2,ATAGACCGTTCTCTCG,L2
hMG2,ATAGAGACACTAGGTT,L1
hMG2,ATAGAGAGTGTATTGC,L2
hMG2,ATAGGCTCACTACAGT,L2
hMG2,ATAGGCTCAGTCTCTC,Basal
hMG2,ATAGGCTCATAACGGG,Basal
hMG2,ATAGGCTGTCGATTAC,L1
hMG2,ATAGGCTGTTGTCTAG,Basal
hMG2,ATAGGCTTCCGGCTTT,L1
hMG2,ATATCCTGTATACCTG,L1
hMG2,ATATCCTGTGCTCTTC,Basal
hMG2,ATATCCTGTTGGAGAC,L1
hMG2,ATATCCTTCGCACGAC,L2
hMG2,ATCACAGAGCCAGTAG,L1
hMG2,ATCACAGAGGTACTGG,Basal
hMG2,ATCACAGCATTCCTAT,L2
hMG2,ATCACAGGTGGTGATG,L2
hMG2,ATCACAGGTGTGTCGC,Basal
hMG2,ATCACAGGTGTTCATG,L1
hMG2,ATCACAGTCTACACAG,Basal
hMG2,ATCACAGTCTAGTGTG,Basal
hMG2,ATCACAGTCTCTTCAA,L1
hMG2,ATCACGAAGAAATTGC,L1
hMG2,ATCACGAAGGTGAGCT,L2
hMG2,ATCACGACAAACTGCT,L2
hMG2,ATCACGACAACTGAAA,L2
hMG2,ATCACGACACTCAAGT,L1
hMG2,ATCACGAGTGCGAGTA,L2
hMG2,ATCACTTAGAACAGGA,L1
hMG2,ATCACTTAGGTCGAGT,L1
hMG2,ATCACTTCAACTGCTA,Basal
hMG2,ATCACTTCAGACCTAT,L1
hMG2,ATCACTTGTCTACATG,L1
hMG2,ATCACTTGTGATACTC,L2
hMG2,ATCACTTGTTCGTTCC,L1
hMG2,ATCACTTTCTTCGTGC,L2
hMG2,ATCAGGTCAGATAAAC,L1
hMG2,ATCAGGTGTCACCCTT,L1
hMG2,ATCAGGTGTGTGTACT,L1
hMG2,ATCAGGTTCACTGGTA,L2
hMG2,ATCATTCCACAAAGTA,L2
hMG2,ATCATTCGTCCGCAGT,Basal
hMG2,ATCCACCAGACTTCAC,L1
hMG2,ATCCACCAGGCTCACC,L1
hMG2,ATCCACCAGTAAACTG,L1
hMG2,ATCCACCAGTACTGTC,L1
hMG2,ATCCACCAGTGCAGCA,Basal
hMG2,ATCCACCGTAACAAGT,Basal
hMG2,ATCCACCGTTAACCTG,L1
hMG2,ATCCACCTCTGTAACG,Basal
hMG2,ATCCATTAGCATGGGT,Basal
hMG2,ATCCATTCAAGACTGG,L2
hMG2,ATCCATTCACAACATC,L2
hMG2,ATCCATTCAGAGGAAA,Basal
hMG2,ATCCATTGTCAATGGG,L2
hMG2,ATCCATTTCATTTCGT,L2
hMG2,ATCCATTTCCTAACAG,Basal
hMG2,ATCCATTTCTGTCCGT,L1
hMG2,ATCCCTGAGATACCAA,L2
hMG2,ATCCCTGCACGGCACT,Basal
hMG2,ATCCCTGCAGGTTACT,Basal
hMG2,ATCCCTGCAGTGTGGA,Basal
hMG2,ATCCCTGCATCGTGCG,L1
hMG2,ATCCCTGGTACAAGTA,L1
hMG2,ATCCCTGGTTTGCAGT,L2
hMG2,ATCCCTGTCCCGAGAC,L1
hMG2,ATCCGTCAGAACCCGA,Basal
hMG2,ATCCGTCGTGTCCGTG,L2
hMG2,ATCCGTCTCATCTACT,L1
hMG2,ATCCGTCTCGATACGT,L1
hMG2,ATCCTATAGAGTCAGC,Basal
hMG2,ATCCTATAGGTGAGAA,L2
hMG2,ATCCTATCAAGCAGGT,Basal
hMG2,ATCCTATCACGTTGGC,L1
hMG2,ATCCTATCAGTTTGGT,Basal
hMG2,ATCCTATGTGACAACG,Basal
hMG2,ATCCTATGTGGAACAC,L1
hMG2,ATCCTATTCAACGAGG,L1
hMG2,ATCCTATTCATAAGGA,Basal
hMG2,ATCCTATTCATGAGAA,L1
hMG2,ATCCTATTCCGTACGG,L1
hMG2,ATCCTATTCCTTCTTC,L2
hMG2,ATCCTATTCGGACGTC,L1
hMG2,ATCCTATTCGGCTATA,Basal
hMG2,ATCGATGAGCTAGCCC,L2
hMG2,ATCGATGAGGTCGTAG,L2
hMG2,ATCGATGGTGTGCCTG,L1
hMG2,ATCGATGGTTAAGACA,L2
hMG2,ATCGCCTAGAATCTAG,L2
hMG2,ATCGCCTAGACTCTTG,L1
hMG2,ATCGCCTCATCAGCGC,Basal
hMG2,ATCGCCTCATCCGGTG,L2
hMG2,ATCGCCTGTCTAGGCC,Basal
hMG2,ATCGCCTGTGCACAAG,L1
hMG2,ATCGCCTTCAGACATC,L1
hMG2,ATCGGATTCTGATTCT,L2
hMG2,ATCGGCGAGTCGCGAA,L1
hMG2,ATCGGCGCACTATCGA,L2
hMG2,ATCGGCGCATCCAACA,L1
hMG2,ATCGGCGCATTATGCG,L2
hMG2,ATCGGCGGTCTAACTG,Basal
hMG2,ATCGGCGTCGAATCCA,Basal
hMG2,ATCGGCGTCTCGTGGG,Basal
hMG2,ATCGGCGTCTGTGCTC,Basal
hMG2,ATCGTAGAGTTCATGC,L1
hMG2,ATCGTAGCACTGAATC,L2
hMG2,ATCGTAGGTACGAAAT,L1
hMG2,ATCGTAGGTCACGACC,Basal
hMG2,ATCGTAGGTCCTCCTA,L2
hMG2,ATCGTAGGTTCTCTAT,L2
hMG2,ATCGTAGTCATCAGTG,Basal
hMG2,ATCGTAGTCCAATCCC,L2
hMG2,ATCGTAGTCTATCGTT,L2
hMG2,ATCGTCCAGTTCCATG,L1
hMG2,ATCGTCCGTATGACAA,Basal
hMG2,ATCGTCCGTGCGACAA,L2
hMG2,ATCGTCCGTGCGTGCT,L1
hMG2,ATCGTCCTCCAATCCC,L2
hMG2,ATCGTCCTCCTTGAAG,Basal
hMG2,ATCGTGACACAGCCAC,L1
hMG2,ATCGTGAGTATGGTAA,L1
hMG2,ATCGTGAGTTTAGTCG,L1
hMG2,ATCGTGATCAGGGATG,L1
hMG2,ATCGTGATCCGAACGC,L1
hMG2,ATCTCTAAGCTTGTGT,L1
hMG2,ATCTCTAAGGCGAAGG,L1
hMG2,ATCTCTAAGTTGCTGT,L2
hMG2,ATCTCTAAGTTGTCGT,L1
hMG2,ATCTCTACATAGAGGC,L1
hMG2,ATCTCTAGTATACAGA,L1
hMG2,ATCTCTAGTGTTATCG,L2
hMG2,ATCTCTAGTTTCGATG,L2
hMG2,ATCTCTATCCATAGAC,Basal
hMG2,ATCTCTATCGGACAAG,L2
hMG2,ATCTTCAAGGGCAATC,L1
hMG2,ATCTTCACACAAGCTT,L1
hMG2,ATCTTCAGTAAGAACT,L2
hMG2,ATCTTCAGTCGGTAAG,Basal
hMG2,ATCTTCAGTCTGTAAC,L2
hMG2,ATCTTCAGTGCCTGCA,L1
hMG2,ATCTTCAGTTACGGAG,L2
hMG2,ATCTTCATCCGCCTAT,Basal
hMG2,ATCTTCATCTTCACAT,Basal
hMG2,ATGAAAGCACGAAGAC,L1
hMG2,ATGAAAGGTAGCACAG,Basal
hMG2,ATGAAAGGTCGGTGTC,L1
hMG2,ATGAAAGGTTCCGCAG,L1
hMG2,ATGAAAGTCATAAGGA,L2
hMG2,ATGAAAGTCGATACTG,L2
hMG2,ATGACCAAGAAATCCA,Basal
hMG2,ATGACCAAGCAACCAG,L2
hMG2,ATGACCAGTGTGGACA,L1
hMG2,ATGACCAGTTGGGCCT,L2
hMG2,ATGACCATCATTTCGT,L2
hMG2,ATGAGGGAGAGTCACG,L1
hMG2,ATGAGGGAGATTGGGC,L2
hMG2,ATGAGGGAGGATGTTA,L2
hMG2,ATGAGGGTCGCGTCGA,L2
hMG2,ATGAGTCAGGGACCAT,Basal
hMG2,ATGAGTCAGTTCATGC,L2
hMG2,ATGAGTCCAAATGAAC,Basal
hMG2,ATGAGTCCAGAAGTGC,L1
hMG2,ATGAGTCCAGCGTGCT,L2
hMG2,ATGAGTCTCATGCCGG,L1
hMG2,ATGATCGAGATTGATG,L2
hMG2,ATGATCGAGCGAACTG,Basal
hMG2,ATGATCGCATAACTCG,L2
hMG2,ATGCATGAGTGCTACT,L1
hMG2,ATGCATGAGTGTGTTC,L1
hMG2,ATGCATGAGTTGCATC,L2
hMG2,ATGCATGCAATATCCG,L2
hMG2,ATGCATGCAGGTGGAT,L2
hMG2,ATGCATGGTATACGGG,L1
hMG2,ATGCATGGTTAATGAG,Basal
hMG2,ATGCCTCAGGTCGACA,L1
hMG2,ATGCCTCCAAATCAGA,L1
hMG2,ATGCCTCCACAGTGAG,L1
hMG2,ATGCCTCCAGAGCCCT,L1
hMG2,ATGCCTCCAGATGCGA,L1
hMG2,ATGCCTCCAGGCGTTC,L1
hMG2,ATGCCTCCATCGGATT,L1
hMG2,ATGCCTCGTATACCCA,L1
hMG2,ATGCCTCGTATCGCTA,L1
hMG2,ATGCCTCGTCAAGCGA,L1
hMG2,ATGCCTCGTCTAATCG,L2
hMG2,ATGCCTCTCCAGCAAT,L1
hMG2,ATGCGATAGGAACTCG,L1
hMG2,ATGCGATAGGCTTCCG,L2
hMG2,ATGCGATCAAGCGCTC,L2
hMG2,ATGCGATCAATGTGGG,L1
hMG2,ATGCGATCAGCTGTGC,L1
hMG2,ATGCGATCATGACTAC,L2
hMG2,ATGCGATGTATAATGG,Basal
hMG2,ATGCGATGTCAGATTC,Basal
hMG2,ATGCGATGTCGATTAC,Basal
hMG2,ATGCGATTCTTCTCAA,Basal
hMG2,ATGGAGGAGCTCGAAG,L1
hMG2,ATGGAGGCACCGAATT,L2
hMG2,ATGGAGGCAGGTTCGC,L2
hMG2,ATGGAGGCATCAGTGT,Basal
hMG2,ATGGAGGGTTAAGGAT,L1
hMG2,ATGGAGGGTTAAGTCC,L1
hMG2,ATGGAGGGTTGCACGC,L2
hMG2,ATGGAGGTCCCGAGAC,L1
hMG2,ATGGAGGTCCGATGCG,Basal
hMG2,ATGGATCCAACTCGAT,Basal
hMG2,ATGGATCCAACTTCTT,L2
hMG2,ATGGATCCATGATAGA,L1
hMG2,ATGGATCGTCGATGCC,L1
hMG2,ATGGATCTCATACGGT,L2
hMG2,ATGGATCTCATGTCTT,L1
hMG2,ATGGGAGAGCTATCCA,Basal
hMG2,ATGGGAGGTCGATTAC,Basal
hMG2,ATGGGAGTCGCCTTGT,L1
hMG2,ATGGGAGTCGCGTTTC,L1
hMG2,ATGGGAGTCGTTGTAG,Basal
hMG2,ATGGGTTAGGAAAGAC,L1
hMG2,ATGGGTTAGGCCCACT,L1
hMG2,ATGGGTTAGGTATCTC,Basal
hMG2,ATGGGTTCACACCAGC,L1
hMG2,ATGGGTTCAGTCCGTG,L1
hMG2,ATGGGTTCAGTTGAAA,Basal
hMG2,ATGGGTTGTAGGTACG,L2
hMG2,ATGGGTTGTTACGGAG,Basal
hMG2,ATGGGTTTCACATACG,Basal
hMG2,ATGGTTGAGATGGTAT,Basal
hMG2,ATGGTTGAGCCATTCA,Basal
hMG2,ATGGTTGCATGACCCG,Basal
hMG2,ATGGTTGGTCCAGAAG,L1
hMG2,ATGGTTGGTCCGAAAG,L1
hMG2,ATGGTTGGTGTTCGAT,L1
hMG2,ATGGTTGTCAAAGCCT,L2
hMG2,ATGGTTGTCATAGACC,L2
hMG2,ATGTCCCAGAATTGTG,Basal
hMG2,ATGTCCCAGCCATTGT,L1
hMG2,ATGTCCCAGTTGGACG,L2
hMG2,ATGTCCCGTGCAATGG,L2
hMG2,ATGTCCCGTTGCGTAT,L2
hMG2,ATGTCCCTCCAGCTCT,L2
hMG2,ATGTCTTAGCACTCAT,L2
hMG2,ATGTCTTCATCGCTAA,L2
hMG2,ATGTCTTGTGCAAGAC,L2
hMG2,ATGTCTTGTGTAGCAG,L2
hMG2,ATGTCTTTCCAACTAG,L2
hMG2,ATGTCTTTCCGCAAAT,L2
hMG2,ATTACCTAGTAGGCCA,Basal
hMG2,ATTACCTCAGGACGAT,L1
hMG2,ATTACCTCATGTCAGT,Basal
hMG2,ATTACCTTCCGGCAGT,Basal
hMG2,ATTACTCCAAATAGCA,L2
hMG2,ATTACTCCACAGAGAC,L1
hMG2,ATTACTCCACCCTAGG,L2
hMG2,ATTACTCGTCCAAATC,L2
hMG2,ATTACTCGTCGCATTA,L2
hMG2,ATTACTCGTGCACGCT,L2
hMG2,ATTACTCGTGCGAACA,Basal
hMG2,ATTACTCGTGGAACCA,Basal
hMG2,ATTACTCGTTACGCCG,L2
hMG2,ATTACTCTCCGTATAG,L2
hMG2,ATTACTCTCCTACAAG,L2
hMG2,ATTACTCTCTGCGATA,L1
hMG2,ATTATCCCAGCGACAA,L1
hMG2,ATTATCCGTGGTCAAG,L1
hMG2,ATTATCCTCTGTGCGG,L1
hMG2,ATTCACTAGCAAACAT,L2
hMG2,ATTCACTAGCGACAGT,Basal
hMG2,ATTCACTAGGTTAGTA,L2
hMG2,ATTCACTCACGCTGTG,L2
hMG2,ATTCACTTCAGCTGAT,L1
hMG2,ATTCACTTCGTGCAGC,Basal
hMG2,ATTCAGGAGGCATGGT,Basal
hMG2,ATTCATCAGATGTAGT,Basal
hMG2,ATTCATCAGCACCAGA,L2
hMG2,ATTCATCAGCATGAAT,L2
hMG2,ATTCATCCAAGCACCC,L1
hMG2,ATTCATCCAAGTTCCA,L1
hMG2,ATTCATCGTCCGACGT,L2
hMG2,ATTCATCTCCCTTCCC,L2
hMG2,ATTCATCTCGATACGT,L1
hMG2,ATTCATCTCGCCAGTG,L2
hMG2,ATTCCATAGACGCCCT,L1
hMG2,ATTCCATAGCACTAGG,L1
hMG2,ATTCCATAGCATTGTC,L2
hMG2,ATTCCATAGGCTCTAT,L1
hMG2,ATTCCATCAGTGTACT,L1
hMG2,ATTCCATGTCATCGCG,L2
hMG2,ATTCCATGTCTACATG,L1
hMG2,ATTCCATGTGGCTGCT,L2
hMG2,ATTCCATGTGTGTGTT,L1
hMG2,ATTCCATGTTGTAAAG,L1
hMG2,ATTCCATTCAGTGGGA,L1
hMG2,ATTCCATTCTCACGAA,L2
hMG2,ATTCCCGAGACAACTA,L1
hMG2,ATTCCCGCATTGTACG,Basal
hMG2,ATTCCCGGTGATACAA,Basal
hMG2,ATTCCCGTCGGACAAG,L2
hMG2,ATTCCCGTCTCATTGT,L1
hMG2,ATTCCTAAGCCTGAAG,L2
hMG2,ATTCCTAAGCTTTCTT,L1
hMG2,ATTCCTAAGTGGTTCT,L1
hMG2,ATTCCTACAGGGTTGA,L2
hMG2,ATTCCTACATCTGTTT,L2
hMG2,ATTCCTACATGGAATA,L2
hMG2,ATTCCTAGTGAATTAG,L2
hMG2,ATTCGTTAGCGTCTCG,L1
hMG2,ATTCGTTAGTATGTAG,L1
hMG2,ATTCGTTCATCAGCGC,L1
hMG2,ATTCGTTGTAACATAG,L1
hMG2,ATTCGTTGTAATACCC,L1
hMG2,ATTCGTTGTACGAAAT,Basal
hMG2,ATTCGTTGTGGAGAAA,L2
hMG2,ATTCTACAGTAAACGT,L1
hMG2,ATTCTACGTCAGGCAA,L1
hMG2,ATTCTACGTTAGAGAT,L2
hMG2,ATTCTACTCAGTGTGT,Basal
hMG2,ATTCTTGAGGGTACAC,L2
hMG2,ATTCTTGCAGCACGAA,L2
hMG2,ATTCTTGGTCAGCGTC,L2
hMG2,ATTCTTGGTGAGATAT,L2
hMG2,ATTCTTGGTGTTCCTC,Basal
hMG2,ATTGGGTAGCAGGCAT,Basal
hMG2,ATTGGGTAGGGTATAT,L1
hMG2,ATTGGGTAGTCTGCGC,Basal
hMG2,ATTGGGTTCCAGTGTA,Basal
hMG2,ATTGGGTTCTACGGTA,L2
hMG2,ATTGGGTTCTCATGGA,Basal
hMG2,ATTGTTCGTAGCACAG,L2
hMG2,ATTGTTCGTCCTTTGC,L2
hMG2,ATTGTTCTCAAGTCTG,L2
hMG2,ATTGTTCTCCAATCCC,L1
hMG2,ATTGTTCTCGTGGGTC,L1
hMG2,ATTTACCAGGGCTTCC,L2
hMG2,ATTTACCAGTGCCCGT,L2
hMG2,ATTTACCGTATCCCTC,L2
hMG2,ATTTACCGTCTAGGCC,L1
hMG2,ATTTACCTCCCAACTC,L1
hMG2,ATTTACCTCGCTAGCG,L2
hMG2,ATTTACCTCGCTTGCT,L1
hMG2,ATTTACCTCTGAGAGG,Basal
hMG2,ATTTCACGTATGAGCG,L1
hMG2,ATTTCACGTTCGGCCA,L1
hMG2,ATTTCACTCACATCAG,L1
hMG2,ATTTCACTCCGCAAAT,Basal
hMG2,ATTTCACTCGATCCAA,L2
hMG2,ATTTCTGAGACAACAT,Basal
hMG2,ATTTCTGAGTCTTCGA,L1
hMG2,ATTTCTGCAAATGGTA,L1
hMG2,ATTTCTGCACCAGCTG,L2
hMG2,ATTTCTGCACCATATG,L1
hMG2,ATTTCTGCATCATGAC,Basal
hMG2,ATTTCTGGTGACGCCT,L2
hMG2,ATTTCTGTCGAGTGGA,Basal
hMG2,CAAAGAAAGGTTCCAT,L1
hMG2,CAAAGAAGTAGTACGG,L1
hMG2,CAAAGAAGTGTTAGCT,L2
hMG2,CAAAGAAGTTGTACGT,L2
hMG2,CAAAGAATCGCCTCTA,L2
hMG2,CAAAGAATCTCCGTGT,L2
hMG2,CAAAGAATCTTTGCGC,L2
hMG2,CAACAACGTGTTTACG,Basal
hMG2,CAACAACGTTGCCGCA,L2
hMG2,CAACAGTAGCCTGGAA,L2
hMG2,CAACAGTAGCTCTGTA,L2
hMG2,CAACAGTAGGTTGGAC,L2
hMG2,CAACAGTCAAGAATAC,Basal
hMG2,CAACAGTGTCATAGTC,L1
hMG2,CAACAGTGTGGACCTC,L1
hMG2,CAACAGTTCCTCTTTC,L2
hMG2,CAACAGTTCGGTAACT,L2
hMG2,CAACCAAAGACATCCT,Basal
hMG2,CAACCAAAGCACGTCC,L2
hMG2,CAACCAAAGTGGTCAG,Basal
hMG2,CAACCAACAACTGCCG,L1
hMG2,CAACCAAGTCGCATTA,L2
hMG2,CAACCAATCGCCTTGT,L2
hMG2,CAACCAATCGCTGTCT,L2
hMG2,CAACCTCAGCTTAAGA,L2
hMG2,CAACCTCAGGGATCAC,L2
hMG2,CAACCTCAGGGTCACA,L2
hMG2,CAACCTCCAAGCTGTT,Basal
hMG2,CAACCTCCACTAGGCC,L2
hMG2,CAACCTCGTAATGTGA,L2
hMG2,CAACCTCTCGAGAGCA,L2
hMG2,CAACCTCTCGCGTAGC,L2
hMG2,CAACGATAGCAAGGAA,Basal
hMG2,CAACGATAGGCAGGTT,L1
hMG2,CAACGATAGGGCTTCC,Basal
hMG2,CAACGATAGGTATAGT,L1
hMG2,CAACGATAGTAAACGT,L2
hMG2,CAACGATAGTAATACG,Basal
hMG2,CAACGATCAAGACGAC,L1
hMG2,CAACGATGTAGACACG,Basal
hMG2,CAACGATGTAGGTAGC,L2
hMG2,CAACGATGTATGTGTC,L2
hMG2,CAACGATGTTGCATAC,L1
hMG2,CAACGATTCTAGCATG,L1
hMG2,CAACGGCAGAGTACCG,L1
hMG2,CAACGGCAGAGTCAGC,L2
hMG2,CAACGGCGTTCTTAGG,Basal
hMG2,CAAGACTAGCTGTCCG,L2
hMG2,CAAGACTAGGTACTGG,L1
hMG2,CAAGACTAGGTAGTCG,Basal
hMG2,CAAGACTCAATCAAGA,L2
hMG2,CAAGACTCAGCGGATA,Basal
hMG2,CAAGACTCATCCGATA,L1
hMG2,CAAGACTGTCCACACG,Basal
hMG2,CAAGACTTCCCATTCG,L2
hMG2,CAAGACTTCCCGAGAC,L2
hMG2,CAAGACTTCTGAGTCA,L1
hMG2,CAAGAGGGTACTGGGA,L1
hMG2,CAAGAGGGTAGCGATG,L1
hMG2,CAAGAGGTCAGGAACG,L1
hMG2,CAAGAGGTCCCAATAG,L2
hMG2,CAAGCTAAGGTTGGTG,L2
hMG2,CAAGCTAAGTGGATAT,L1
hMG2,CAAGCTACAAGTGGTG,L1
hMG2,CAAGCTACAGGCACTC,L1
hMG2,CAAGCTAGTCGCAGTC,L2
hMG2,CAAGCTAGTTATGTCG,Basal
hMG2,CAAGCTATCCCGTTGT,L2
hMG2,CAAGCTATCCGCTTAC,L1
hMG2,CAAGGGACAATTGAAG,Basal
hMG2,CAAGGGACACCCTTGT,L2
hMG2,CAAGGGACAGCTCCTT,L1
hMG2,CAAGGGACATGTTTGG,L2
hMG2,CAAGGGAGTAAGATCA,L2
hMG2,CAAGGGAGTCGTCGGT,L1
hMG2,CAAGGGATCGCGCCAA,L2
hMG2,CAATACGAGCTAAGTA,L2
hMG2,CAATACGAGGCCCACT,Basal
hMG2,CAATACGAGGTTGACG,L1
hMG2,CAATACGCAGTAGTGG,L1
hMG2,CAATACGCATATGAAG,L2
hMG2,CAATACGCATCAGTGT,L2
hMG2,CAATACGGTAGGGAGG,L2
hMG2,CAATACGTCAAGCGTT,Basal
hMG2,CAATCGAAGGACTGGT,L1
hMG2,CAATCGACACAAATCC,L1
hMG2,CAATCGAGTACCTAGT,Basal
hMG2,CAATCGAGTCGTTCAA,L2
hMG2,CAATCGAGTTAATGAG,L1
hMG2,CAATCGATCCAAACCA,Basal
hMG2,CAATCGATCTGGACCG,L2
hMG2,CAATCGATCTTGGCTC,Basal
hMG2,CAATGACAGAAACTAC,L2
hMG2,CAATGACAGCTTTCTT,L1
hMG2,CAATGACAGGAAGTAG,L1
hMG2,CAATGACAGTAATACG,L2
hMG2,CAATGACAGTGCACCC,Basal
hMG2,CAATGACAGTGTTCAC,L2
hMG2,CAATGACCATACAGCT,Basal
hMG2,CAATGACCATGAATAG,Basal
hMG2,CAATGACGTAACACGG,L1
hMG2,CAATGACGTGTAACGG,Basal
hMG2,CAATGACGTTATCCAG,Basal
hMG2,CAATGACTCAACTCTT,L2
hMG2,CAATTTCAGTCCGTCG,L2
hMG2,CAATTTCCACAAAGCG,L2
hMG2,CAATTTCCAGACTCTA,L1
hMG2,CAATTTCGTGCCTTCT,L2
hMG2,CAATTTCTCTTCTAAC,L2
hMG2,CACAACAAGACCATAA,L2
hMG2,CACAACAAGCTCTATG,L2
hMG2,CACAACAAGGACTAAT,L2
hMG2,CACAACAAGGGAGGTG,L2
hMG2,CACAACAAGTAGTCCT,L2
hMG2,CACAACAAGTTGTAGA,Basal
hMG2,CACAACACACAAATAG,Basal
hMG2,CACAACACAGTTTCAG,Basal
hMG2,CACAACACATGTGGCC,L1
hMG2,CACAACAGTAGAGATT,Basal
hMG2,CACAACATCCACTTTA,L2
hMG2,CACACAACAACACGAG,L2
hMG2,CACACAACAGGTTCGC,L2
hMG2,CACACAAGTACGATCT,Basal
hMG2,CACACAAGTCCTGTCT,L2
hMG2,CACACAATCCTTATGT,L1
hMG2,CACAGATAGAGGGTGG,L1
hMG2,CACAGATCATTAAAGG,L2
hMG2,CACAGATGTAATGTGA,Basal
hMG2,CACAGATGTATCATGC,L2
hMG2,CACAGATGTCGAACGA,L2
hMG2,CACAGATGTGCGGTAA,Basal
hMG2,CACAGATGTGTTAACC,L1
hMG2,CACAGATGTTCAAGTC,L2
hMG2,CACAGATTCATGCCCT,L2
hMG2,CACAGATTCTGCCCTA,L2
hMG2,CACAGGCCAAGGCAAC,L2
hMG2,CACAGGCCACCCAAGC,L2
hMG2,CACAGGCCACTCAGAT,Basal
hMG2,CACAGGCCATCGGATT,L1
hMG2,CACAGGCGTAACGGTG,L1
hMG2,CACAGGCTCAAACGAA,Basal
hMG2,CACAGGCTCAGGAGAC,L1
hMG2,CACAGGCTCGAACCAT,L2
hMG2,CACAGGCTCGTGGCGT,L1
hMG2,CACATGACACTCAGAT,L1
hMG2,CACATGAGTCCACATA,Basal
hMG2,CACATGAGTGTCTAAC,L2
hMG2,CACATGATCATGGGAG,L1
hMG2,CACATGATCTCCATAT,Basal
hMG2,CACATGATCTGACAGT,Basal
hMG2,CACCAAACACCTCGTT,L1
hMG2,CACCAAACAGAGTGAC,Basal
hMG2,CACCAAACAGTAGTTC,L1
hMG2,CACCAAAGTACGAGTG,L1
hMG2,CACCAAATCCATTGTT,L2
hMG2,CACCAAATCTCTGCTG,L2
hMG2,CACCGTTAGTCCGCGT,L2
hMG2,CACCGTTCACCAGGTC,Basal
hMG2,CACCGTTCAGTCAGCC,Basal
hMG2,CACCGTTTCATAAGGA,L1
hMG2,CACCGTTTCTTCCTAA,L2
hMG2,CACGAATAGAAATTCG,L1
hMG2,CACGAATGTAACTAAG,Basal
hMG2,CACGAATGTAGTGATA,L2
hMG2,CACGGGTAGCTGGTGA,L2
hMG2,CACGGGTAGTAAACAC,L2
hMG2,CACGGGTCACGGTGCT,Basal
hMG2,CACGGGTCAGATTCGT,L2
hMG2,CACGGGTTCCTTCTGG,L2
hMG2,CACGTGGAGACCAAGC,L2
hMG2,CACGTGGCAACCGTGC,Basal
hMG2,CACGTGGCACAACCGC,L1
hMG2,CACGTGGCAGTCGAGA,L1
hMG2,CACGTGGGTACACTCA,L2
hMG2,CACGTGGGTGCCCAGT,L2
hMG2,CACGTGGTCCCTCTTT,Basal
hMG2,CACGTTCAGCGTCAGA,L2
hMG2,CACGTTCAGGTGCAGT,L1
hMG2,CACGTTCCAACAGTGG,L1
hMG2,CACGTTCCAATACCCA,Basal
hMG2,CACTAAGAGCGACTAG,L1
hMG2,CACTAAGCACAAATGA,Basal
hMG2,CACTAAGCAGGCACTC,L2
hMG2,CACTAAGGTGTACAGG,Basal
hMG2,CACTAAGGTGTTGATC,L1
hMG2,CACTGAAAGATTAGCA,L1
hMG2,CACTGAAAGCAACCAG,L1
hMG2,CACTGAAAGGCTGAAC,L2
hMG2,CACTGAACAGCTTCCT,L1
hMG2,CACTGAACATTCCTAT,L2
hMG2,CACTGAAGTCGTGGTC,L1
hMG2,CACTGAAGTTAAGACA,L2
hMG2,CACTGAATCCTGCTAC,L2
hMG2,CACTGAATCGTAGCCG,L1
hMG2,CACTGGGAGCGATGCA,L1
hMG2,CACTGGGAGGACAGCT,Basal
hMG2,CACTGGGCAACAGCTT,L1
hMG2,CACTGGGCACCGCTAG,L1
hMG2,CACTGGGCATGAGAAT,L1
hMG2,CACTGGGCATGGTGGA,L1
hMG2,CACTGGGGTAGTCACT,L2
hMG2,CACTGGGGTATCGAGG,Basal
hMG2,CACTGGGTCGTGCGAC,Basal
hMG2,CACTGTCAGAGCCGTA,L1
hMG2,CACTGTCAGGCGTTAG,L1
hMG2,CACTGTCCACGTTCGG,Basal
hMG2,CACTGTCCAGGTCAAG,L1
hMG2,CACTGTCGTAACACCT,L1
hMG2,CACTGTCGTGCCCTTT,L2
hMG2,CACTGTCTCGGTCAGC,L1
hMG2,CACTGTCTCTCCGCAT,Basal
hMG2,CACTGTCTCTGCTTTA,L2
hMG2,CAGAGCCAGAAGATCT,L1
hMG2,CAGAGCCAGTTAGTAG,L2
hMG2,CAGAGCCCACGACGCT,L1
hMG2,CAGAGCCGTCGTTGGC,L2
hMG2,CAGAGCCGTTCCGCGA,L1
hMG2,CAGAGCCTCTGCAGCG,Basal
hMG2,CAGATACAGAAAGTCT,L1
hMG2,CAGATACAGACGCAGT,Basal
hMG2,CAGATACGTGACTGTT,Basal
hMG2,CAGATACGTTCTAACG,L1
hMG2,CAGATACGTTGTGCCG,L1
hMG2,CAGATACTCCTGGGAC,Basal
hMG2,CAGATACTCGAGAAGC,L2
hMG2,CAGATACTCGGATAAA,L1
hMG2,CAGATCAAGATCGCCC,L2
hMG2,CAGATCAAGTGCTACT,L1
hMG2,CAGATCACAGGTTTAC,L2
hMG2,CAGATCAGTACACTCA,L1
hMG2,CAGATCATCTGCGGGT,L2
hMG2,CAGATTGCAAGATCCT,L1
hMG2,CAGATTGCACGTTGGC,L1
hMG2,CAGATTGCAGCGAACA,L1
hMG2,CAGATTGCATGACTTG,L1
hMG2,CAGATTGCATTGGGAG,L1
hMG2,CAGATTGGTCCAATCA,L1
hMG2,CAGATTGGTCGCAGTC,L1
hMG2,CAGATTGTCGGCCTTT,L1
hMG2,CAGCAATAGAACGTGC,L1
hMG2,CAGCAATAGCCAAGTG,L1
hMG2,CAGCAATAGGTAGATT,L2
hMG2,CAGCAATAGGTTGACG,Basal
hMG2,CAGCAATAGTATGGCG,Basal
hMG2,CAGCAATCACACCGCA,L2
hMG2,CAGCAATTCGTCAGAT,Basal
hMG2,CAGCACGAGGTCTGGA,L1
hMG2,CAGCACGCAAGCCCAC,L2
hMG2,CAGCACGCATTGCAAC,Basal
hMG2,CAGCACGGTCGGAAAC,L2
hMG2,CAGCACGGTGACTCGC,Basal
hMG2,CAGCACGGTTCGGTAT,L2
hMG2,CAGCACGGTTCGTAAC,L1
hMG2,CAGCACGTCGGATAAA,L1
hMG2,CAGCACGTCTATCACT,L1
hMG2,CAGCAGCCAATGCAGG,L1
hMG2,CAGCAGCCAGTGTGGA,L1
hMG2,CAGCAGCGTCTCTCAC,Basal
hMG2,CAGCAGCGTCTTGAAC,L2
hMG2,CAGCAGCGTGTTATCG,L2
hMG2,CAGCAGCTCAAGGACG,L2
hMG2,CAGCAGCTCCAACCGG,L2
hMG2,CAGCAGCTCCATCACC,Basal
hMG2,CAGCAGCTCGGTCGGT,L2
hMG2,CAGCAGCTCGGTGAAG,L1
hMG2,CAGCCAGCACTTGTGA,L1
hMG2,CAGCCAGCAGCTGTGC,L2
hMG2,CAGCCAGCATTCAGCA,L2
hMG2,CAGCCAGGTCTGTAAC,L2
hMG2,CAGCCAGGTGGGCTTC,L1
hMG2,CAGCCAGTCAGTGCGC,L1
hMG2,CAGCCAGTCTACGGGC,Basal
hMG2,CAGCCAGTCTACTGCC,L2
hMG2,CAGCGTGAGTAGGTTA,L2
hMG2,CAGCGTGAGTGATGGC,Basal
hMG2,CAGCGTGGTCATCTAG,L2
hMG2,CAGCGTGGTCCTTGTC,Basal
hMG2,CAGCGTGGTCGGTACC,L1
hMG2,CAGCGTGGTGCTTCAA,L2
hMG2,CAGCGTGTCGTCACCT,Basal
hMG2,CAGCGTGTCTGCTGAA,L1
hMG2,CAGCGTGTCTTCACGC,Basal
hMG2,CAGGCCAAGAAAGTCT,L2
hMG2,CAGGCCAAGTATTCCG,L1
hMG2,CAGGCCAAGTGACCTT,L2
hMG2,CAGGCCACACTGTTCC,L2
hMG2,CAGGCCAGTACCCGCA,L2
hMG2,CAGGCCAGTAGCGCTC,L1
hMG2,CAGGCCAGTATCGGTT,L1
hMG2,CAGGCCAGTCTCACGG,Basal
hMG2,CAGGCCAGTGATACCT,Basal
hMG2,CAGGCCAGTTCGGTCG,Basal
hMG2,CAGGCCAGTTGTTGCA,Basal
hMG2,CAGGCCATCATGGAGG,L1
hMG2,CAGGCCATCTGGTGCG,L2
hMG2,CAGGGCTAGGTGATAT,L2
hMG2,CAGGGCTAGGTGCAGT,L1
hMG2,CAGGGCTAGTCAACAA,Basal
hMG2,CAGGGCTAGTTCTCTT,Basal
hMG2,CAGGGCTTCAACGCTA,L1
hMG2,CAGGGCTTCCACGTGG,L1
hMG2,CAGGTATAGAGCATAT,L1
hMG2,CAGGTATCAAGGTCGA,L2
hMG2,CAGGTATCAGGCTCTG,Basal
hMG2,CAGGTATGTGTTCAGT,L2
hMG2,CAGGTATTCCGTGTGG,L2
hMG2,CAGGTATTCGCGTTTC,L2
hMG2,CAGTGCGCATGAAGCG,L1
hMG2,CAGTGCGGTAACATCC,L2
hMG2,CAGTGCGGTAATGATG,L1
hMG2,CAGTGCGGTATAATGG,L2
hMG2,CAGTGCGTCATTATCC,Basal
hMG2,CAGTGCGTCGCAATTG,L1
hMG2,CAGTGCGTCTAGAACC,L1
hMG2,CAGTGCGTCTGGTGGC,Basal
hMG2,CAGTGCGTCTTCGTAT,L2
hMG2,CAGTTAGAGTAAACAC,L1
hMG2,CAGTTAGCACACCGAC,Basal
hMG2,CAGTTAGCATCACGGC,L1
hMG2,CAGTTAGCATGATGCT,Basal
hMG2,CAGTTAGCATGGAACG,L2
hMG2,CAGTTAGGTAACACGG,L1
hMG2,CAGTTAGGTAGGACTG,L2
hMG2,CAGTTAGGTTCGTTCC,L1
hMG2,CAGTTAGTCATTGGTG,Basal
hMG2,CAGTTAGTCGGACTTA,L1
hMG2,CAGTTAGTCTTAGCTT,L1
hMG2,CAGTTCCAGACATATG,L1
hMG2,CAGTTCCCAACACGTT,L1
hMG2,CAGTTCCCAAGACTGG,L2
hMG2,CAGTTCCCATAATGAG,L1
hMG2,CAGTTCCGTGACTAAA,L1
hMG2,CATAAGCAGCGACCCT,L2
hMG2,CATAAGCAGCGTTCAT,L1
hMG2,CATAAGCAGGAACTAT,L1
hMG2,CATAAGCCACCTATCC,L2
hMG2,CATAAGCCATGATAGA,L2
hMG2,CATAAGCCATTAAGCC,Basal
hMG2,CATAAGCGTAATTGGA,Basal
hMG2,CATAAGCGTACAGTAA,L2
hMG2,CATAAGCGTACGTTCA,L2
hMG2,CATAAGCGTCTGTTAG,Basal
hMG2,CATAAGCGTGATCATC,L1
hMG2,CATACAGAGAATCCCT,L2
hMG2,CATACAGAGCGTGTTT,L1
hMG2,CATACAGCAAGACGGT,L1
hMG2,CATACAGCACTACCCT,L1
hMG2,CATACAGTCAGGCGAA,Basal
hMG2,CATACAGTCATCCCGT,Basal
hMG2,CATACAGTCCAGTGTA,L1
hMG2,CATACCCCAGTCGGTC,L2
hMG2,CATACCCCATCCAACA,L1
hMG2,CATACCCGTCACGCTG,Basal
hMG2,CATACCCGTGTGCCTG,L1
hMG2,CATACCCTCAAGGTGG,L2
hMG2,CATACCCTCGCGCTGA,L1
hMG2,CATACCCTCTCCTGTG,L2
hMG2,CATACTTAGACCAAGC,L1
hMG2,CATACTTAGCTGTTAC,L1
hMG2,CATACTTCAAGACGGT,Basal
hMG2,CATACTTGTAAGGAGA,L2
hMG2,CATACTTTCCGAACGC,Basal
hMG2,CATACTTTCCGCCTAT,Basal
hMG2,CATAGACAGCGTATAA,L2
hMG2,CATAGACCACCGTGAC,Basal
hMG2,CATAGACCATGACCCG,Basal
hMG2,CATAGACGTAACATAG,Basal
hMG2,CATAGACGTAATTGGA,Basal
hMG2,CATAGACGTACAGAGC,L2
hMG2,CATAGACGTAGGAGGG,L2
hMG2,CATAGACGTGCATCTA,L2
hMG2,CATAGACGTTGTATGC,L1
hMG2,CATAGACTCACCCTCA,L2
hMG2,CATAGACTCTCAGGCG,L2
hMG2,CATCAAGAGAATTCAG,L1
hMG2,CATCAAGAGGTCCTGC,Basal
hMG2,CATCAAGAGTATCCTG,L1
hMG2,CATCAAGCACACACTA,L1
hMG2,CATCAAGGTCGAGCAA,L2
hMG2,CATCAAGTCACACCCT,L1
hMG2,CATCCACAGTACCGGA,Basal
hMG2,CATCCACAGTTGAATG,L2
hMG2,CATCCACAGTTGTAGA,L2
hMG2,CATCCACCATTCCTAT,L2
hMG2,CATCCACGTGCCCAGT,L1
hMG2,CATCCCAAGTGTACCT,Basal
hMG2,CATCCCATCAAGGCTT,L2
hMG2,CATCCGTAGCTGTACT,Basal
hMG2,CATCCGTCAATCGCAT,Basal
hMG2,CATCCGTCACGTAGTT,Basal
hMG2,CATCCGTCAGTTAGAA,L1
hMG2,CATCCGTGTCAACCTA,Basal
hMG2,CATCCGTGTGAGTTTC,L2
hMG2,CATCCGTGTTGTAGCT,L1
hMG2,CATCCGTTCGTCAGAT,L2
hMG2,CATCCGTTCTTACGGA,L2
hMG2,CATCGCTCAAGAAATC,Basal
hMG2,CATCGCTCATGTGCTA,L1
hMG2,CATCGCTGTGTCTTAG,L1
hMG2,CATCGCTTCCTCTCGA,Basal
hMG2,CATCGGGAGTAGGCCA,Basal
hMG2,CATCGGGAGTTCTACG,Basal
hMG2,CATCGGGCAATCACGT,Basal
hMG2,CATCGGGCACACAGCC,L2
hMG2,CATCGGGCATTGAAGA,L1
hMG2,CATCGGGGTACGTACT,L2
hMG2,CATCGGGGTACGTGTT,L2
hMG2,CATCGGGGTCGAGTTT,L2
hMG2,CATCGGGGTTCAATCG,L1
hMG2,CATCGGGGTTCGGACC,L2
hMG2,CATCGGGTCCCTCTTT,L1
hMG2,CATCGGGTCTCGCTCA,L2
hMG2,CATCGGGTCTCGGCTT,L1
hMG2,CATCGTCAGGCCATAG,L1
hMG2,CATCGTCAGTGCGTCC,L2
hMG2,CATCGTCCAAGCTACT,Basal
hMG2,CATCGTCCACACGGAA,L1
hMG2,CATCGTCCACGACGAA,L2
hMG2,CATCGTCCACTGGCGT,L2
hMG2,CATCGTCCACTTGGGC,Basal
hMG2,CATCGTCCAGAACATA,L1
hMG2,CATCGTCCATCAACCA,L2
hMG2,CATCGTCTCAGTGTCA,Basal
hMG2,CATCGTCTCGCATTAG,L2
hMG2,CATCGTCTCTCGGTAA,Basal
hMG2,CATGAGTAGCGCTGAA,L2
hMG2,CATGAGTCAAAGGCTG,L2
hMG2,CATGAGTCACTGGCCA,L1
hMG2,CATGAGTCATTGAAGA,L1
hMG2,CATGAGTGTGTTTGCA,Basal
hMG2,CATGAGTTCACACCCT,L1
hMG2,CATGAGTTCCTACGAA,L1
hMG2,CATGCAAAGCCGAACA,Basal
hMG2,CATGCAAAGGATTACA,Basal
hMG2,CATGCAAAGGTCATCT,Basal
hMG2,CATGCAAAGTAACCTC,L2
hMG2,CATGCAACACCGGCTA,L1
hMG2,CATGCAAGTACGGTTT,L1
hMG2,CATGCAAGTCTTGGTA,Basal
hMG2,CATGCAAGTGTAGTGG,L2
hMG2,CATGCAAGTTGCTTGA,L2
hMG2,CATGCAATCTCGAACA,L2
hMG2,CATGCAATCTGACCCT,L2
hMG2,CATGCCTCATGAAAGT,L2
hMG2,CATGCCTCATTCACCC,L2
hMG2,CATGCCTGTAGTTCCA,Basal
hMG2,CATGCCTTCATGAGGG,L1
hMG2,CATGCCTTCATGGAGG,Basal
hMG2,CATGCGGCAACTTGCA,Basal
hMG2,CATGCGGGTCGAATTC,Basal
hMG2,CATGCGGGTCTATGAC,L2
hMG2,CATGCGGTCATTGCGA,L1
hMG2,CATGCTCCACGTAACT,L1
hMG2,CATGCTCCAGAACCGA,L2
hMG2,CATGCTCGTGCCGAAA,L2
hMG2,CATGCTCTCACTTCTA,Basal
hMG2,CATGCTCTCTCGAACA,L1
hMG2,CATGGATAGACAGTCG,L2
hMG2,CATGGATAGCCAAGGT,L1
hMG2,CATGGATCAACAAAGT,Basal
hMG2,CATGGATCAATCCTAG,L1
hMG2,CATGGATCACAAAGCG,Basal
hMG2,CATGGATCAGGTTCCG,Basal
hMG2,CATGGATCATGTGACT,Basal
hMG2,CATGGATGTTGAAGTA,L1
hMG2,CATGGATTCCACAGCG,L1
hMG2,CATGGATTCGCGTTTC,L1
hMG2,CATGGATTCTGAGAGG,L1
hMG2,CATGGTACAGGCTATT,L1
hMG2,CATGGTAGTTAGAAGT,Basal
hMG2,CATGGTATCGAATCCA,L2
hMG2,CATGGTATCGGTCAGC,L2
hMG2,CATTCATAGCGTTGTT,L1
hMG2,CATTCATAGTACAGAT,L1
hMG2,CATTCATAGTTGTAAG,L2
hMG2,CATTCATCACATATCG,Basal
hMG2,CATTCATTCTCCCAAC,Basal
hMG2,CATTCCGAGGCCATAG,L1
hMG2,CATTCCGCAGCTACAT,L1
hMG2,CATTCCGGTAGGTCAG,L1
hMG2,CATTCCGGTTCTATCT,L2
hMG2,CATTCCGTCGGCTGGT,L1
hMG2,CATTCCGTCGTAGGAG,L2
hMG2,CATTCTACATTCAGCA,Basal
hMG2,CATTCTAGTGGCAACA,Basal
hMG2,CATTCTAGTTCCACGG,Basal
hMG2,CATTCTATCCATAGAC,L1
hMG2,CATTGAGAGGAGCTGT,L1
hMG2,CATTGAGCAGAACTCT,Basal
hMG2,CATTGAGGTACAGTTC,L2
hMG2,CATTGAGGTCGTTCAA,L1
hMG2,CATTGAGTCCCTTCCC,Basal
hMG2,CATTGAGTCTGCTTAT,L2
hMG2,CATTGCCAGTGGTTGG,Basal
hMG2,CATTGCCCAACACACT,Basal
hMG2,CATTGCCCAACGTTAC,L1
hMG2,CATTGCCCAGGTTTAC,Basal
hMG2,CATTGCCGTCTACATG,L1
hMG2,CATTGCCGTGTTACTG,L2
hMG2,CATTGCCGTTGCAAGG,L1
hMG2,CATTGCCTCACACCGG,Basal
hMG2,CATTGCCTCCGGCAAC,L1
hMG2,CATTGTTAGCCAAGTG,Basal
hMG2,CATTGTTCACCGGTCA,L2
hMG2,CATTGTTCATGTTTGG,L2
hMG2,CATTGTTGTCAGATTC,L2
hMG2,CATTGTTGTGACTGTT,L2
hMG2,CATTGTTTCAGATGCT,L1
hMG2,CATTGTTTCCGTATGA,L2
hMG2,CATTGTTTCGTAGTCA,L2
hMG2,CATTTCAAGACATAGT,Basal
hMG2,CATTTCAAGATGACAT,L1
hMG2,CATTTCAAGGTTGCCC,L2
hMG2,CATTTCAGTACGAGCA,Basal
hMG2,CATTTCAGTATACGGG,L1
hMG2,CATTTCATCCGTGGGT,L2
hMG2,CCAAGCGAGAAACCAT,L2
hMG2,CCAAGCGGTGAGCGAT,L1
hMG2,CCAAGCGGTGCTCGTG,L2
hMG2,CCAAGCGTCCCGAGTG,Basal
hMG2,CCAATGAAGCCTGTGC,Basal
hMG2,CCAATGACAAACCGGA,L2
hMG2,CCAATGACAAGGGTCA,L2
hMG2,CCAATGACACGTCGTG,L2
hMG2,CCAATGACAGAGGGTT,Basal
hMG2,CCAATGACAGTAGTTC,L1
hMG2,CCAATGAGTACTAAGA,Basal
hMG2,CCAATGAGTCTTGTCC,Basal
hMG2,CCAATGAGTGGATCGA,L2
hMG2,CCAATTTAGCGCAATG,L2
hMG2,CCAATTTAGCTCACTA,L2
hMG2,CCAATTTAGGTCCCGT,Basal
hMG2,CCAATTTCAACCAACT,L2
hMG2,CCAATTTCAATGACCT,Basal
hMG2,CCAATTTTCCACTGAA,Basal
hMG2,CCAATTTTCGCTCCTA,Basal
hMG2,CCACAAAAGGGTAGCT,L2
hMG2,CCACAAAAGTGACACG,L2
hMG2,CCACAAACAACCAATC,L1
hMG2,CCACAAACAAGCGCAA,L2
hMG2,CCACAAAGTATCGTAC,L2
hMG2,CCACAAAGTCTTGGTA,L2
hMG2,CCACAAAGTGTCCAAT,Basal
hMG2,CCACAAATCGTTAGAC,L2
hMG2,CCACACTAGACCATAA,L2
hMG2,CCACACTAGAGAGCCT,L2
hMG2,CCACACTAGCATGCGA,Basal
hMG2,CCACACTAGGATACAT,L1
hMG2,CCACACTCACACAGCC,Basal
hMG2,CCACACTGTAACCAGG,L1
hMG2,CCACACTTCACTTCTA,Basal
hMG2,CCACACTTCGAAACAA,L1
hMG2,CCACCATAGTACTGTC,Basal
hMG2,CCACCATAGTATGAGT,Basal
hMG2,CCACCATAGTGGACGT,L2
hMG2,CCACCATCAAGGCCTC,Basal
hMG2,CCACCATCACATGAAA,L2
hMG2,CCACCATCAGTCTCTC,L1
hMG2,CCACCATGTGCAGATG,Basal
hMG2,CCACCATTCAAGATAG,L1
hMG2,CCACCATTCACGTAGT,L2
hMG2,CCACCATTCTGAGGCC,L2
hMG2,CCACGAGAGCCGTCGT,L1
hMG2,CCACGAGGTAGGCTCC,L2
hMG2,CCACGAGTCCGTAGGC,L2
hMG2,CCACGAGTCTAAGCGT,Basal
hMG2,CCACGAGTCTAGTTCT,L1
hMG2,CCACGTTAGCGCTGAA,L2
hMG2,CCACGTTAGGAATCGC,L2
hMG2,CCACGTTCAACGTAAA,L1
hMG2,CCACGTTCAGCGGATA,Basal
hMG2,CCACGTTGTAACAGGC,L2
hMG2,CCACGTTGTGCTCTCT,Basal
hMG2,CCACGTTGTGGAGAAA,Basal
hMG2,CCACGTTGTTCAATCG,L2
hMG2,CCACTTGAGATCACTC,L1
hMG2,CCACTTGAGCGGATCA,L2
hMG2,CCACTTGAGCTAAACA,L2
hMG2,CCACTTGAGGTCCCTG,L1
hMG2,CCACTTGCACCGCTGA,L1
hMG2,CCACTTGCACTGTTCC,L2
hMG2,CCACTTGGTTCAATCG,L1
hMG2,CCACTTGTCTGAACGT,L1
hMG2,CCATAAGAGCGTGTCC,L1
hMG2,CCATAAGAGGCTCTCG,Basal
hMG2,CCATAAGCACAGCTTA,L2
hMG2,CCATAAGCATCACAGT,L2
hMG2,CCATCACAGCAAGTGC,L2
hMG2,CCATCACGTCCACGCA,L1
hMG2,CCATCACGTCGAATTC,L2
hMG2,CCATCACGTCTCGACG,L1
hMG2,CCATCACGTGTCCTAA,L1
hMG2,CCATCACTCGAGAAGC,Basal
hMG2,CCCAACTAGAGAGGGC,L2
hMG2,CCCAACTAGGACCCAA,Basal
hMG2,CCCATTGAGGCTAGCA,Basal
hMG2,CCCATTGTCAACTCTT,L1
hMG2,CCCATTGTCACCATCC,L2
hMG2,CCCATTGTCGACGATT,L2
hMG2,CCCATTGTCTAGTGAC,L1
hMG2,CCCATTGTCTCGTGAA,L1
hMG2,CCCATTGTCTGGCCAG,Basal
hMG2,CCCGAAGAGACCATGG,L1
hMG2,CCCGAAGAGCCTGTCG,L2
hMG2,CCCGAAGAGGGCAGAG,L2
hMG2,CCCGAAGAGTGTCATC,L1
hMG2,CCCGAAGCATGTGGTT,Basal
hMG2,CCCGAAGGTGGACCTC,L2
hMG2,CCCGAAGTCACGGTCG,L1
hMG2,CCCGAAGTCGAACCAT,Basal
hMG2,CCCGAAGTCTCTCTAA,L1
hMG2,CCCGGAAAGCGTACAG,L1
hMG2,CCCGGAACACCTGATA,L2
hMG2,CCCGGAATCGCAACAT,Basal
hMG2,CCCTAACAGACCATTC,Basal
hMG2,CCCTAACCACCCGTAG,L1
hMG2,CCCTAACCACTCCGAG,L1
hMG2,CCCTAACCAGTAGATA,L2
hMG2,CCCTAACGTGGTAACG,L2
hMG2,CCCTCAAAGATCACCT,Basal
hMG2,CCCTCAAAGCCTTGAT,L2
hMG2,CCCTCAACAATTCTCT,Basal
hMG2,CCCTCAAGTGATACCT,L1
hMG2,CCCTCTCAGCCTCTTC,L1
hMG2,CCCTCTCCAGACAAAT,Basal
hMG2,CCCTCTCGTCCAACGC,Basal
hMG2,CCCTCTCGTGAAAGTT,Basal
hMG2,CCCTCTCGTGAGATCG,Basal
hMG2,CCCTCTCGTTGCACGC,L1
hMG2,CCCTCTCGTTGGACTT,L2
hMG2,CCCTCTCTCATAGACC,L1
hMG2,CCCTCTCTCCCGAACG,L1
hMG2,CCCTCTCTCCGCACGA,Basal
hMG2,CCCTGATAGATGGTCG,L2
hMG2,CCCTGATAGGTATCTC,L1
hMG2,CCCTGATAGTCATGAA,L1
hMG2,CCCTGATCAGTCTGGC,L1
hMG2,CCCTGATCATTGGGAG,Basal
hMG2,CCCTGATTCCACTAGA,Basal
hMG2,CCCTGATTCCTACAAG,L1
hMG2,CCCTGATTCGTTCTCG,L2
hMG2,CCCTTAGAGCAGCGAT,Basal
hMG2,CCCTTAGAGCTTCATG,L2
hMG2,CCCTTAGGTGAGACCA,Basal
hMG2,CCCTTAGGTGGCCTCA,L2
hMG2,CCCTTAGGTTCAGCTA,Basal
hMG2,CCCTTAGGTTGTAGCT,L1
hMG2,CCCTTAGTCGACCCAG,L1
hMG2,CCGAACGAGAGGTTTA,L2
hMG2,CCGAACGAGTAGGATT,L1
hMG2,CCGAACGCATACACCA,Basal
hMG2,CCGAACGGTACGCTTA,L2
hMG2,CCGAACGGTCCAGTTA,Basal
hMG2,CCGAACGGTCCTCAGG,L1
hMG2,CCGAACGGTGAGACCA,Basal
hMG2,CCGAACGTCATCTATC,L2
hMG2,CCGAACGTCTAGAACC,Basal
hMG2,CCGAACGTCTGACGCG,L1
hMG2,CCGATCTAGTGCTCGC,L2
hMG2,CCGATCTCATTGACTG,L2
hMG2,CCGATCTGTACTCGCG,Basal
hMG2,CCGATCTGTATGACAA,L2
hMG2,CCGATCTGTCGCTTGG,Basal
hMG2,CCGATCTGTCTCTCCA,Basal
hMG2,CCGATCTTCGAGTTGT,Basal
hMG2,CCGATGGAGACATGCG,L2
hMG2,CCGATGGAGGTCATTC,Basal
hMG2,CCGATGGCATGACCCG,Basal
hMG2,CCGATGGGTACAAACA,Basal
hMG2,CCGATGGGTACCAGAG,Basal
hMG2,CCGATGGGTCGCAGTC,Basal
hMG2,CCGCAAGAGAACGCGT,L2
hMG2,CCGCAAGAGGTTGTTC,L1
hMG2,CCGCAAGCAGTGGTGA,L1
hMG2,CCGCAAGGTCGTAATC,Basal
hMG2,CCGCAAGGTGGCTGCT,L2
hMG2,CCGCAAGTCTATACTC,L2
hMG2,CCGCAAGTCTGCATGA,Basal
hMG2,CCGGACAAGACTCATC,Basal
hMG2,CCGGACAAGCCTCAAT,L1
hMG2,CCGGACAAGGTTACCT,L2
hMG2,CCGGACACAGCTATTG,Basal
hMG2,CCGGACAGTAGCTCGC,Basal
hMG2,CCGGACAGTTAACCTG,L1
hMG2,CCGGACATCCGTGTAA,L1
hMG2,CCGGACATCGTGCACG,L1
hMG2,CCGGACATCTATGCCC,L2
hMG2,CCGGACATCTCTCGAC,Basal
hMG2,CCGGACATCTGTACAG,L1
hMG2,CCGGGTAAGAAGGATG,L2
hMG2,CCGGGTAAGCTAAGTA,Basal
hMG2,CCGGGTACACGCGCTA,L2
hMG2,CCGGGTACAGAACTTC,Basal
hMG2,CCGGGTACATCGAAGG,L1
hMG2,CCGGGTACATGTCAGT,L2
hMG2,CCGGGTATCAGCTCTC,L1
hMG2,CCGGGTATCATTCGTT,L2
hMG2,CCGGTAGAGCTGACAG,Basal
hMG2,CCGGTAGAGGCTCCCA,L2
hMG2,CCGGTAGCACTACACA,Basal
hMG2,CCGGTAGCAGTGTATC,L2
hMG2,CCGGTAGGTCTTTCAT,L2
hMG2,CCGGTAGGTTAAGTCC,Basal
hMG2,CCGGTAGGTTGGGTTT,L2
hMG2,CCGGTAGTCACTGCTC,Basal
hMG2,CCGGTAGTCCAACTGA,Basal
hMG2,CCGGTAGTCGCAATGT,L1
hMG2,CCGGTGACAGAGTCAG,L2
hMG2,CCGGTGAGTACAAGCG,L2
hMG2,CCGGTGAGTTAGGCTT,L2
hMG2,CCGGTGAGTTTCCCAC,Basal
hMG2,CCGGTGATCCTCGATC,L2
hMG2,CCGGTGATCGTGAGAG,Basal
hMG2,CCGGTGATCTTGAGCA,Basal
hMG2,CCGTAGGAGCAGGCTA,L1
hMG2,CCGTAGGAGTGGACGT,L2
hMG2,CCGTAGGCATAATGAG,L2
hMG2,CCGTAGGGTTCCACGG,Basal
hMG2,CCGTAGGTCATGGATC,L1
hMG2,CCGTAGGTCATGGGAG,L2
hMG2,CCGTAGGTCGCTAAAC,L2
hMG2,CCGTAGGTCGTTGTGA,Basal
hMG2,CCGTAGGTCTGTTCAT,L2
hMG2,CCGTGAGAGGGCAGAG,Basal
hMG2,CCGTGAGAGTGGATAT,Basal
hMG2,CCGTGAGAGTTAGTGA,L1
hMG2,CCGTGAGCAAGTCCAT,L1
hMG2,CCGTGAGCACTCTGCT,L1
hMG2,CCGTGAGCAGTTTCGA,L2
hMG2,CCGTGAGGTACTCGTA,L1
hMG2,CCGTGAGGTGATCGTT,Basal
hMG2,CCGTGAGGTGCATGAG,L1
hMG2,CCGTGAGTCCTTCTTC,L2
hMG2,CCGTTCACACAGTCCG,L2
hMG2,CCGTTCACAGGACTAG,L2
hMG2,CCGTTCACATCCTTCG,Basal
hMG2,CCGTTCAGTCACGTGC,L2
hMG2,CCGTTCAGTCCAATCA,L1
hMG2,CCGTTCATCGCCAGAC,L2
hMG2,CCGTTCATCGCTGTTC,Basal
hMG2,CCGTTCATCTAAGGAA,L1
hMG2,CCGTTCATCTGGAAGG,L2
hMG2,CCTAACCCAATCGCAT,L2
hMG2,CCTAACCTCTCCTGAC,L2
hMG2,CCTAAGAAGCTCCACG,L2
hMG2,CCTAAGACAGTTAAAG,Basal
hMG2,CCTAAGACATCAGCAT,Basal
hMG2,CCTAAGAGTACCGTCG,L1
hMG2,CCTAAGAGTGTAGTGG,Basal
hMG2,CCTAAGAGTGTCCATA,L2
hMG2,CCTAAGATCAGAATAG,L1
hMG2,CCTAAGATCTACGCAA,L1
hMG2,CCTACGTAGACGCAGT,Basal
hMG2,CCTACGTAGATTCGAA,Basal
hMG2,CCTACGTAGGTATAGT,L2
hMG2,CCTACGTCAAGACGGT,L1
hMG2,CCTACGTCAGGCTCTG,L1
hMG2,CCTACGTGTCCAATCA,L2
hMG2,CCTACGTGTCGCATCG,L1
hMG2,CCTACGTTCATACGAC,L1
hMG2,CCTACGTTCTGTCCCA,L2
hMG2,CCTATCGCAACGGTAG,Basal
hMG2,CCTATCGGTCAGTCCG,L1
hMG2,CCTATCGTCCAATGCA,L2
hMG2,CCTATCGTCCTAGCGG,L2
hMG2,CCTATCGTCCTTGAAG,L1
hMG2,CCTCAACAGCCTGAGA,L2
hMG2,CCTCAACAGGACTATA,L2
hMG2,CCTCAACAGGTAAAGG,Basal
hMG2,CCTCAACGTCGGAAAC,L2
hMG2,CCTCAACTCACTTATC,L1
hMG2,CCTCAACTCGCGGTAC,L1
hMG2,CCTCACAAGGTCTTTG,L2
hMG2,CCTCACACAAATAAGC,L2
hMG2,CCTCACAGTGACAGCA,L1
hMG2,CCTCACAGTTCGATTG,L1
hMG2,CCTCACAGTTGGACCC,L1
hMG2,CCTCACATCAGGTAAA,L2
hMG2,CCTCACATCCACAGCG,L1
hMG2,CCTCACATCTAGATCG,Basal
hMG2,CCTCACATCTGCATAG,Basal
hMG2,CCTCAGTAGTCATGAA,L2
hMG2,CCTCAGTAGTCGAAAT,Basal
hMG2,CCTCAGTCAAACCACT,L2
hMG2,CCTCAGTCATGTGCTA,L1
hMG2,CCTCAGTGTATGCAAA,Basal
hMG2,CCTCAGTGTTCCGCTT,L2
hMG2,CCTCATGAGAGGGTGG,Basal
hMG2,CCTCATGGTCATCGCG,L2
hMG2,CCTCATGGTGAATTGA,L1
hMG2,CCTCATGGTTGATCGT,Basal
hMG2,CCTCATGTCCATCTGC,L2
hMG2,CCTCATGTCGCTAATG,Basal
hMG2,CCTCATGTCGGTGAAG,L2
hMG2,CCTCCAAAGACGGTTG,L2
hMG2,CCTCCAACACAGTCAT,Basal
hMG2,CCTCCAACACCCATAA,L1
hMG2,CCTCCAACATGTCTAG,L1
hMG2,CCTCCAAGTAGGACCA,L1
hMG2,CCTCCAAGTTGATGTC,L1
hMG2,CCTCCAATCAGGGTAG,L2
hMG2,CCTCCAATCAGTGGGA,Basal
hMG2,CCTCCTCAGGACTAAT,L1
hMG2,CCTCCTCAGGCTGTAG,L1
hMG2,CCTCCTCAGGTGCGAT,L2
hMG2,CCTCCTCCAGGCCCTA,L2
hMG2,CCTCCTCTCCGCTAGG,L2
hMG2,CCTCCTCTCGAGTGGA,Basal
hMG2,CCTCTAGAGTGCCGAA,L2
hMG2,CCTCTAGCAGCAAGAC,L2
hMG2,CCTCTAGGTCCTGAAT,L2
hMG2,CCTCTAGGTCGTTGGC,Basal
hMG2,CCTCTAGTCTTTGGAG,Basal
hMG2,CCTCTCCAGGCTTAAA,L1
hMG2,CCTCTCCAGGGCATGT,L2
hMG2,CCTCTCCTCCATAGAC,Basal
hMG2,CCTCTCCTCCCTCGTA,Basal
hMG2,CCTCTCCTCCGTGTAA,L2
hMG2,CCTCTCCTCTACACTT,Basal
hMG2,CCTGCATAGACATACA,L2
hMG2,CCTGCATAGAGTCCGA,Basal
hMG2,CCTGCATTCGAGTGAG,L1
hMG2,CCTGCATTCGGAACTT,L2
hMG2,CCTGTTGAGATGCAGC,L1
hMG2,CCTGTTGAGCGCATCC,L1
hMG2,CCTGTTGAGCTTAAGA,Basal
hMG2,CCTGTTGAGCTTCGTA,Basal
hMG2,CCTGTTGAGGGCAATC,L2
hMG2,CCTGTTGCAACGTTAC,L1
hMG2,CCTGTTGCACAAATGA,L2
hMG2,CCTGTTGGTGGTAATA,Basal
hMG2,CCTGTTGTCACGGAGA,L2
hMG2,CCTTCAGAGGTTAGTA,Basal
hMG2,CCTTCAGCACCTCTAC,Basal
hMG2,CCTTCAGCACCTTCGT,L2
hMG2,CCTTCAGCAGTCAACT,L2
hMG2,CCTTCAGCATGAAGCG,L1
hMG2,CCTTCAGGTTCGAACT,L1
hMG2,CCTTCAGTCGCCTAGG,Basal
hMG2,CCTTGTGCAAGAGAGA,L1
hMG2,CCTTGTGCAGTTGTTG,Basal
hMG2,CCTTGTGGTAAGATAC,L2
hMG2,CCTTGTGGTGGTTTAC,L1
hMG2,CCTTGTGGTGTTACTG,Basal
hMG2,CCTTGTGGTTCCACAA,L2
hMG2,CCTTGTGTCAGTAGGG,L1
hMG2,CCTTTGGAGACCGCCT,L2
hMG2,CCTTTGGAGCACCGAA,L1
hMG2,CCTTTGGAGGAACTAT,L2
hMG2,CCTTTGGAGGGAGGGT,L1
hMG2,CCTTTGGCAATTGAAG,Basal
hMG2,CCTTTGGCATCCTCAC,L2
hMG2,CCTTTGGCATGACGGA,L1
hMG2,CCTTTGGGTAATACCC,Basal
hMG2,CCTTTGGGTCTCACAA,Basal
hMG2,CCTTTGGGTTGCTTGA,L2
hMG2,CCTTTGGTCAGACCTA,L2
hMG2,CGAAGGAAGATCGGTG,L2
hMG2,CGAAGGAAGCTTTCTT,L2
hMG2,CGAAGGACAAACCACT,L2
hMG2,CGAAGGACAACCCTCT,L2
hMG2,CGAAGGACACGGCCAT,L1
hMG2,CGAAGGACACGTACAT,Basal
hMG2,CGAAGGACACGTCGTG,Basal
hMG2,CGAAGGACAGAGGCTA,L2
hMG2,CGAAGGACAGGTCAGA,L1
hMG2,CGAAGGACATAAGCGG,Basal
hMG2,CGAAGGAGTGTCCTAA,L2
hMG2,CGAAGGAGTTCAGTAC,L1
hMG2,CGAAGGATCGCCGTGA,L2
hMG2,CGAAGGATCTTTCCGG,Basal
hMG2,CGAAGTTAGTTGCTCA,L1
hMG2,CGAAGTTGTCGTGATT,L2
hMG2,CGAAGTTTCCTTATGT,L2
hMG2,CGAATTGAGAATGTTG,L1
hMG2,CGAATTGAGGACGCAT,Basal
hMG2,CGAATTGGTGCCCACA,L2
hMG2,CGAATTGGTGTCATCA,L2
hMG2,CGAATTGGTTCCCACT,L1
hMG2,CGAATTGGTTCGGACC,L2
hMG2,CGAATTGTCCCTCATG,L2
hMG2,CGAATTGTCGGAATGG,L1
hMG2,CGACAGCAGAACAGGA,Basal
hMG2,CGACAGCAGTCAACAA,Basal
hMG2,CGACAGCCACCCTATC,L2
hMG2,CGACAGCCACTTGGCG,L1
hMG2,CGACAGCCATCCAACA,Basal
hMG2,CGACAGCGTAAGTTAG,Basal
hMG2,CGACAGCTCACTACTT,Basal
hMG2,CGACAGCTCCTTTGAT,Basal
hMG2,CGAGAAGAGATCACCT,L2
hMG2,CGAGAAGAGCTGCCTG,L2
hMG2,CGAGAAGAGGCATCGA,L1
hMG2,CGAGAAGCACGACCTG,Basal
hMG2,CGAGAAGGTCGACTTA,L2
hMG2,CGAGAAGTCAATCAGC,Basal
hMG2,CGAGAAGTCATGTCTT,L2
hMG2,CGAGAAGTCTCTATAC,Basal
hMG2,CGAGGAAAGCTTCGTA,L1
hMG2,CGAGGAAGTTGTAAAG,L2
hMG2,CGAGGAATCGCTACGG,L2
hMG2,CGAGGAATCTCGACGG,Basal
hMG2,CGAGGCTAGACCAGCA,Basal
hMG2,CGAGGCTAGACCCGCT,Basal
hMG2,CGAGGCTAGCATCAGG,L2
hMG2,CGAGGCTAGGGACACT,L1
hMG2,CGAGGCTAGGTGCGAT,L2
hMG2,CGAGGCTCACCTCAGG,L2
hMG2,CGAGGCTCAGCAGTAG,Basal
hMG2,CGAGGCTGTATCCTCC,Basal
hMG2,CGAGGCTGTCTTCATT,L1
hMG2,CGAGGCTTCGAGTTGT,L2
hMG2,CGAGGCTTCGGAGTAG,L2
hMG2,CGAGGCTTCTGCTCTG,L1
hMG2,CGAGTGCAGACTTCCA,Basal
hMG2,CGAGTGCAGCAATAAC,L2
hMG2,CGAGTGCAGTCCCAAT,Basal
hMG2,CGAGTGCAGTCGGCCT,L1
hMG2,CGAGTGCCAATTGTGC,L1
hMG2,CGAGTGCGTGAGTAAT,L2
hMG2,CGAGTGCTCCATTGCC,Basal
hMG2,CGAGTTACAAATCCCA,L2
hMG2,CGAGTTACACATTGTG,L1
hMG2,CGAGTTACAGTCTACA,L2
hMG2,CGAGTTACATCCGAGC,Basal
hMG2,CGAGTTAGTTTGCAGT,L2
hMG2,CGATCGGAGGTCCTGC,L2
hMG2,CGATCGGAGGTGATAT,L2
hMG2,CGATCGGCAACCGTAT,L2
hMG2,CGATCGGCACGGAAGT,Basal
hMG2,CGATCGGCAGCGTAGA,L2
hMG2,CGATCGGCAGCTAACT,L2
hMG2,CGATGCGAGGCCTGCT,L2
hMG2,CGATGCGCAATCTGCA,L2
hMG2,CGATGCGCAGCTTCGG,L1
hMG2,CGATGCGGTAGAGACC,L2
hMG2,CGATGCGGTCCAAGAG,Basal
hMG2,CGATGGCAGCGTGCTC,L1
hMG2,CGATGGCAGTCACGCC,L1
hMG2,CGATGGCAGTTGTAGA,L2
hMG2,CGATGGCCACGTACAT,L2
hMG2,CGATGGCCAGATCCTA,Basal
hMG2,CGATGGCCAGCTTCCT,Basal
hMG2,CGATGGCCAGGCTTGC,L2
hMG2,CGATGGCCAGTTTCGA,L2
hMG2,CGCAGGTAGCATATGA,Basal
hMG2,CGCAGGTCAACACGAG,L1
hMG2,CGCAGGTCAAGTTCCA,L2
hMG2,CGCAGGTCACAAGTGG,L1
hMG2,CGCAGGTCACTCAAGT,L1
hMG2,CGCAGGTCACTCCTTG,L1
hMG2,CGCAGGTGTCCGGATC,L2
hMG2,CGCAGGTGTTTCCATT,L2
hMG2,CGCAGGTTCACTGTCC,L1
hMG2,CGCAGGTTCTTGTTAC,L1
hMG2,CGCATAAAGTCTGCGC,L1
hMG2,CGCATAACAATTGCAC,L2
hMG2,CGCATAACAGCGGTTC,L2
hMG2,CGCATAACATGTGACT,L1
hMG2,CGCATAAGTCTCTCTG,L2
hMG2,CGCATAAGTGACACAG,Basal
hMG2,CGCATAATCAAGTCTG,Basal
hMG2,CGCATAATCAGTAGGG,L1
hMG2,CGCATAATCGCATGAT,L1
hMG2,CGCATGGAGTCGTTAC,Basal
hMG2,CGCATGGCATGGACAG,L2
hMG2,CGCATGGGTCTACGAT,L1
hMG2,CGCATGGGTGTAAATG,L2
hMG2,CGCATGGTCGCTGTTC,L1
hMG2,CGCCAGACAGACTCTA,Basal
hMG2,CGCCAGAGTCACTAGT,Basal
hMG2,CGCCAGAGTGCTGATT,Basal
hMG2,CGCCAGATCATTGGTG,Basal
hMG2,CGCCAGATCGAGTCCG,Basal
hMG2,CGCCAGATCTGGACTA,L1
hMG2,CGCCATTAGCACGGAT,Basal
hMG2,CGCCATTAGGGCAGAG,L2
hMG2,CGCCATTAGTGTACCT,L2
hMG2,CGCCATTCAAATCGTC,L1
hMG2,CGCCATTGTCAATGGG,L2
hMG2,CGCGTGAAGATCGCCC,L1
hMG2,CGCGTGAAGCCTCTCT,L1
hMG2,CGCGTGAAGGTTTACC,L1
hMG2,CGCGTGAAGTTTGTCG,L1
hMG2,CGCGTGACACGGCGTT,L2
hMG2,CGCGTGACAGTGAGCA,Basal
hMG2,CGCGTGATCACCTCAC,Basal
hMG2,CGCGTGATCGAGTGGA,L2
hMG2,CGCGTGATCGCCTTGT,L1
hMG2,CGCGTGATCGCGTGCA,L2
hMG2,CGGAACCAGCGGTAAC,L1
hMG2,CGGAACCAGTAGAATC,Basal
hMG2,CGGAACCAGTCCTACA,Basal
hMG2,CGGAACCCAACCACAT,Basal
hMG2,CGGAACCCAGGTCCCA,L2
hMG2,CGGAACCGTTGGGCCT,L1
hMG2,CGGAACCTCCGTATGA,L1
hMG2,CGGAACCTCGCGCTGA,L1
hMG2,CGGAATTAGGGAGATA,L2
hMG2,CGGAATTCACGTAACT,L1
hMG2,CGGAATTGTAGGTAGC,Basal
hMG2,CGGAATTGTCCAGCGT,L1
hMG2,CGGAATTGTCGCTCGA,L2
hMG2,CGGAATTGTGCATCTA,L2
hMG2,CGGAATTGTGCCGAAA,Basal
hMG2,CGGAATTTCTTTGCTA,Basal
hMG2,CGGACACAGAGTGTGC,Basal
hMG2,CGGACACCACGCCAGT,L2
hMG2,CGGACACGTGCTCTCT,Basal
hMG2,CGGACACGTTCTCTAT,Basal
hMG2,CGGACACTCAAGAATG,L2
hMG2,CGGACACTCCCTCGAT,L1
hMG2,CGGAGAAAGCATCTTG,L2
hMG2,CGGAGAAAGGCTTAAA,L1
hMG2,CGGAGAAAGGTAGCAC,Basal
hMG2,CGGAGAAAGTTAGTGA,L2
hMG2,CGGAGAACAATACCTG,L1
hMG2,CGGAGAACAGTATGAA,Basal
hMG2,CGGAGAAGTCAAGGCA,L1
hMG2,CGGAGAAGTGAGACCA,L1
hMG2,CGGAGAATCGAAGAAT,Basal
hMG2,CGGCAGTAGCCGTTAT,L1
hMG2,CGGCAGTAGTACCCTA,L1
hMG2,CGGCAGTCACAAAGCG,L1
hMG2,CGGCAGTCACGTAACT,L2
hMG2,CGGCAGTCACTGTGTA,L2
hMG2,CGGCAGTCAGACCTAT,L1
hMG2,CGGCAGTGTAGATGTA,Basal
hMG2,CGGCAGTGTCCTTTGC,L2
hMG2,CGGCAGTGTCGATTCA,L2
hMG2,CGGCAGTTCTGCGGAC,L1
hMG2,CGGGACTAGACCACGA,L1
hMG2,CGGGACTCAGATTCGT,L2
hMG2,CGGGACTCATACATCG,L1
hMG2,CGGGACTGTAAGCTCT,L1
hMG2,CGGGACTGTCTTCGAA,L1
hMG2,CGGGACTGTTAGGGTG,L2
hMG2,CGGGACTGTTGTAAAG,L2
hMG2,CGGGCATAGAAGGGAT,Basal
hMG2,CGGGCATAGACTTCAC,L1
hMG2,CGGGCATCAACCAATC,L1
hMG2,CGGGCATGTATCGATC,Basal
hMG2,CGGGCATGTTAAACAG,Basal
hMG2,CGGGCATTCCCATAGA,L2
hMG2,CGGGTCAAGACTCAAA,L1
hMG2,CGGGTCAAGCTCAGAG,L2
hMG2,CGGGTCAAGTCGGCCT,L2
hMG2,CGGGTCACAAGTTCGT,L1
hMG2,CGGGTCAGTATGTCCA,L1
hMG2,CGGGTCATCATTCGGA,Basal
hMG2,CGGGTGTAGTCTCTGA,L1
hMG2,CGGGTGTGTACCGGCT,L1
hMG2,CGGGTGTGTAGCTGTT,L1
hMG2,CGGGTGTTCGTCTCAC,L2
hMG2,CGGTCAGAGGATCATA,Basal
hMG2,CGGTCAGCAGACCGCT,L1
hMG2,CGGTCAGCAGCTTTCC,L2
hMG2,CGGTCAGCATACATCG,L2
hMG2,CGGTCAGGTACCTGTA,L2
hMG2,CGGTCAGGTGACACAG,Basal
hMG2,CGGTCAGGTGGATGAC,Basal
hMG2,CGGTCAGTCATTACGG,L2
hMG2,CGTAAGTAGGATCATA,L1
hMG2,CGTAAGTAGTAGACCG,L1
hMG2,CGTAAGTCATCCCGTT,L2
hMG2,CGTAAGTGTTCGGTCG,Basal
hMG2,CGTAATGAGACAACTA,L2
hMG2,CGTAATGAGAGGCGTT,L2
hMG2,CGTAATGAGCATGCGA,L2
hMG2,CGTAATGAGCATGGGT,Basal
hMG2,CGTAATGAGCCTATTG,L1
hMG2,CGTAATGAGGCGACAT,L2
hMG2,CGTAATGCACTCTCGT,L2
hMG2,CGTAATGGTCTAATCG,Basal
hMG2,CGTAATGTCTTCGACC,L1
hMG2,CGTAGTAAGTTACGTC,Basal
hMG2,CGTAGTACACAGCATT,Basal
hMG2,CGTAGTACATCAGCTA,Basal
hMG2,CGTAGTACATCTTTCA,L1
hMG2,CGTAGTAGTTCGGCTG,L2
hMG2,CGTAGTATCCACGGGT,L1
hMG2,CGTAGTATCCAGCAAT,L1
hMG2,CGTAGTATCGCATTGA,L1
hMG2,CGTCAAACACAGTGTT,L1
hMG2,CGTCAAACAGGTTCAT,L1
hMG2,CGTCAAAGTAGATTAG,Basal
hMG2,CGTCAAAGTATCGCAT,L1
hMG2,CGTCAAAGTGGCCACT,L2
hMG2,CGTCAAATCACGGGAA,L1
hMG2,CGTCAAATCAGTCACA,L1
hMG2,CGTCAAATCGCTAGCG,L2
hMG2,CGTCAAATCGGTTGTA,L1
hMG2,CGTCAAATCGTCTAAG,L1
hMG2,CGTCCATAGGGATGTC,L1
hMG2,CGTCCATAGGTCGTAG,Basal
hMG2,CGTCCATAGTATCTGC,L1
hMG2,CGTCCATCACGCCAGT,L1
hMG2,CGTCCATGTCTACGAT,L2
hMG2,CGTCCATGTCTCGCGA,L1
hMG2,CGTCCATTCTGGGCAC,Basal
hMG2,CGTCCATTCTGTCAGA,L1
hMG2,CGTGAATAGATCCCAT,L2
hMG2,CGTGAATCAACGGGTA,L1
hMG2,CGTGAATCACGTCTCT,L2
hMG2,CGTGAATTCATCCCGT,Basal
hMG2,CGTGATAAGGATACGC,L2
hMG2,CGTGATAAGGTGGTTG,L2
hMG2,CGTGATACAAGTGTCT,Basal
hMG2,CGTGATACACCATATG,L2
hMG2,CGTGATACATATTCGG,L1
hMG2,CGTGCTTGTCTTCATT,Basal
hMG2,CGTGCTTTCAACTGGT,L1
hMG2,CGTGTCTAGAAACACT,L2
hMG2,CGTGTCTAGTCGCCAC,L1
hMG2,CGTGTCTAGTGAGGCT,L2
hMG2,CGTGTCTAGTTACGGG,L2
hMG2,CGTGTCTCAGATCCAT,L1
hMG2,CGTGTCTTCGCAGTGC,L1
hMG2,CGTGTCTTCGCCGAAC,Basal
hMG2,CGTGTCTTCTATTGTC,L2
hMG2,CGTTAGAAGCCTCTGG,L2
hMG2,CGTTAGAAGCTGGTGA,Basal
hMG2,CGTTAGACACTGAATC,L2
hMG2,CGTTAGACATATCTCT,Basal
hMG2,CGTTAGAGTACTGACT,L2
hMG2,CGTTAGAGTAGCTGAG,L1
hMG2,CGTTAGAGTCGCAACC,L2
hMG2,CGTTAGAGTGTGTACT,Basal
hMG2,CGTTAGAGTGTTACAC,L1
hMG2,CGTTAGATCTCACGAA,Basal
hMG2,CGTTAGATCTCCGAGG,L2
hMG2,CGTTCTGAGCATGCAG,L2
hMG2,CGTTCTGAGGAACGCT,Basal
hMG2,CGTTCTGAGGCGTCCT,L2
hMG2,CGTTCTGCAGAGAATT,L2
hMG2,CGTTCTGCAGGTAGTG,L1
hMG2,CGTTCTGGTAGCGAGT,L2
hMG2,CGTTCTGGTGTGATGG,L2
hMG2,CGTTGGGAGAATCGTA,L2
hMG2,CGTTGGGAGACTGTTC,L2
hMG2,CGTTGGGAGCACTCAT,Basal
hMG2,CGTTGGGCAATAGGAT,L2
hMG2,CGTTGGGCACAAAGTA,L2
hMG2,CGTTGGGCATATCGGT,L2
hMG2,CGTTGGGGTTAGGAGC,Basal
hMG2,CTAACCCTCATACAGC,L2
hMG2,CTAACTTAGCTATCCA,Basal
hMG2,CTAACTTAGGTACCTT,L2
hMG2,CTAACTTCAGAAGTGC,L2
hMG2,CTAACTTGTGGGAGAG,Basal
hMG2,CTAACTTTCATTGTTC,L2
hMG2,CTAACTTTCCATAGAC,L1
hMG2,CTAACTTTCCGTATGA,L2
hMG2,CTAACTTTCTAGATCG,L1
hMG2,CTAAGTGAGATGACCG,L2
hMG2,CTAAGTGCATCGTCCT,L1
hMG2,CTAAGTGCATGCAGGA,Basal
hMG2,CTAAGTGGTACTCCCT,L1
hMG2,CTAAGTGGTAGGCTGA,L1
hMG2,CTAAGTGGTGGTATGG,Basal
hMG2,CTAAGTGTCGGCATAT,L2
hMG2,CTAAGTGTCGTCGGGT,L2
hMG2,CTACAGAAGTATGGCG,L2
hMG2,CTACAGACAACGGCCT,L1
hMG2,CTACAGATCGCTCCTA,L1
hMG2,CTACAGATCTCGGGAC,Basal
hMG2,CTACAGATCTTCCCGA,L2
hMG2,CTACATTAGGTAGTAT,L1
hMG2,CTACATTAGTCACGAG,Basal
hMG2,CTACATTCAAAGACGC,L2
hMG2,CTACATTCATTGCTTT,L1
hMG2,CTACATTGTACTAAGA,L1
hMG2,CTACATTTCTATACTC,Basal
hMG2,CTACCCAAGCTCCCTT,L2
hMG2,CTACCCAGTGTCCTAA,L2
hMG2,CTACCCAGTTGAATCC,L1
hMG2,CTACCCATCCGTGGCA,L1
hMG2,CTACCCATCCTAGCCT,L1
hMG2,CTACCCATCGACCAAT,L2
hMG2,CTACCCATCTGCGGCA,Basal
hMG2,CTACCTGAGATGCGAC,L1
hMG2,CTACCTGCACTGGAAG,L1
hMG2,CTACCTGGTATGTCCA,Basal
hMG2,CTACCTGGTCATCCCT,L2
hMG2,CTACCTGGTGTCATCA,L1
hMG2,CTACCTGGTGTGTACT,L2
hMG2,CTACCTGGTTCAGCGC,L2
hMG2,CTACCTGTCGATTCCC,Basal
hMG2,CTACGGGCAGTTCCAA,L1
hMG2,CTACGGGCATCCGGTG,Basal
hMG2,CTACGGGGTAATCAGA,L2
hMG2,CTACTATCATCCGGCA,Basal
hMG2,CTACTATGTAACAGGC,L1
hMG2,CTACTATGTCCGATCG,L1
hMG2,CTACTATGTGAACCGA,L2
hMG2,CTACTATGTGCCCTTT,Basal
hMG2,CTACTATGTGCTGATT,L2
hMG2,CTACTATGTGGTAATA,L2
hMG2,CTACTATTCGCAATTG,Basal
hMG2,CTACTATTCTAATTCC,Basal
hMG2,CTAGACAAGAGAGCAA,L2
hMG2,CTAGACAAGTAATCCC,L1
hMG2,CTAGACAAGTAGGTTA,L1
hMG2,CTAGACAAGTAGTCTC,L2
hMG2,CTAGACACAACCAACT,L1
hMG2,CTAGACACACAGCGCT,L1
hMG2,CTAGACAGTAACAAGT,L1
hMG2,CTAGACAGTCTCGCGA,Basal
hMG2,CTAGACATCTAAACGC,Basal
hMG2,CTAGGTAAGAGTCACG,L2
hMG2,CTAGGTAAGTTCCAGT,Basal
hMG2,CTAGGTACACAGACGA,L2
hMG2,CTAGGTAGTCAGATTC,L2
hMG2,CTAGGTAGTCGCAACC,Basal
hMG2,CTAGGTAGTGAATATG,L2
hMG2,CTAGGTAGTGCGTTTA,Basal
hMG2,CTAGGTAGTGTTATCG,Basal
hMG2,CTAGGTATCGCAGATT,L1
hMG2,CTATAGGAGCACCGAA,L2
hMG2,CTATAGGAGCTTGTTG,L1
hMG2,CTATAGGAGTTAGAAC,L2
hMG2,CTATAGGGTCTTTATC,L1
hMG2,CTATAGGGTGGCTAGA,L2
hMG2,CTATCCGAGACATATG,L2
hMG2,CTATCCGAGGGAGTGG,L2
hMG2,CTATCCGCAGCAGAAC,L1
hMG2,CTATCCGCAGCAGATG,L2
hMG2,CTATCCGCATACCAGT,L2
hMG2,CTATCCGGTCGTGGTC,L2
hMG2,CTATCCGGTCTTGCGG,L1
hMG2,CTATCCGGTGGGAGAG,L1
hMG2,CTATCCGGTTGAGGAC,L1
hMG2,CTATCCGTCGAACACT,Basal
hMG2,CTATCCGTCTCATTTG,L1
hMG2,CTATCCGTCTTCGTGC,L2
hMG2,CTATCTAAGAATCTAG,Basal
hMG2,CTATCTAAGGGATCTG,L1
hMG2,CTATCTACAGCTGAGA,L1
hMG2,CTATCTACATAGCTGT,L2
hMG2,CTATCTACATCTATCT,L2
hMG2,CTATCTAGTTAAGCAA,L1
hMG2,CTATCTATCTTAGCAG,Basal
hMG2,CTCAACCAGCTCCGAC,Basal
hMG2,CTCAACCAGGATTCAA,Basal
hMG2,CTCAACCCACCTGTCT,L2
hMG2,CTCAACCCATGCTGCG,L2
hMG2,CTCAACCCATGGGATG,Basal
hMG2,CTCAACCGTGAGACCA,L1
hMG2,CTCAAGAAGAGGGTCT,Basal
hMG2,CTCAAGAAGCATGGGT,L1
hMG2,CTCAAGAAGTCGTCTA,L1
hMG2,CTCAAGAAGTTACGTC,L2
hMG2,CTCAAGACAATTCTTC,Basal
hMG2,CTCAAGACAGTTACCA,L1
hMG2,CTCAAGAGTCGTGCCA,Basal
hMG2,CTCAAGATCGACCTAA,L1
hMG2,CTCAATTCAAGATCCT,L1
hMG2,CTCAATTCACCAGTAT,L2
hMG2,CTCAATTCATCCTTCG,L1
hMG2,CTCAATTGTCTCACAA,L1
hMG2,CTCAATTTCGCCCAGA,L1
hMG2,CTCACTGAGCACTCGC,L1
hMG2,CTCACTGAGTCTGGTT,Basal
hMG2,CTCAGAAAGGCAGGGA,L2
hMG2,CTCAGAAAGTTACGGG,L2
hMG2,CTCAGAAGTAGGTACG,L2
hMG2,CTCAGAAGTGATGGCA,L1
hMG2,CTCAGAAGTGTCCACG,Basal
hMG2,CTCAGAAGTGTTCCAA,Basal
hMG2,CTCAGAATCAATCCAG,L1
hMG2,CTCAGAATCCAAACCA,L1
hMG2,CTCAGAATCCGAGGCT,L1
hMG2,CTCAGAATCGACTCCT,L1
hMG2,CTCAGGGAGCATTTCG,L2
hMG2,CTCAGGGAGGGAGAAT,L2
hMG2,CTCAGGGAGTACTGGG,Basal
hMG2,CTCAGGGCACACACTA,L2
hMG2,CTCAGGGCAGCTAACT,L2
hMG2,CTCAGGGGTGCCTATA,L2
hMG2,CTCAGGGTCGCTGTTC,Basal
hMG2,CTCAGTCAGCCTGTGC,L2
hMG2,CTCAGTCCAATCTCTT,L1
hMG2,CTCAGTCCAGTAGAAT,Basal
hMG2,CTCATCGAGACATAGT,L1
hMG2,CTCATCGAGCGACCCT,L2
hMG2,CTCATCGAGGATTTGA,L2
hMG2,CTCATCGAGGTGCAGT,L1
hMG2,CTCATCGAGTCTGCGC,L2
hMG2,CTCATCGGTAACATCC,L2
hMG2,CTCATCGGTACCGGAA,L2
hMG2,CTCATCGTCCGATAGT,L2
hMG2,CTCATGCCACGACAAG,Basal
hMG2,CTCATGCCACTTCAGA,L2
hMG2,CTCATGCGTAAGGCTG,Basal
hMG2,CTCATGCGTATGCAAA,Basal
hMG2,CTCATGCGTGTGTCGC,L2
hMG2,CTCATGCGTTCTCCAC,L2
hMG2,CTCATGCTCACCATGA,L1
hMG2,CTCATGCTCTGACAGT,Basal
hMG2,CTCATTAAGAATTGCA,L2
hMG2,CTCATTAAGATAGCTA,L2
hMG2,CTCATTACATATGGCT,Basal
hMG2,CTCATTAGTAGTCGTT,Basal
hMG2,CTCATTAGTTATGACC,L2
hMG2,CTCATTATCAGACAAA,L1
hMG2,CTCATTATCAGGACAG,L2
hMG2,CTCATTATCGAGGCAA,L1
hMG2,CTCCAACCAACGGCCT,Basal
hMG2,CTCCAACCAGTCGCTG,L1
hMG2,CTCCAACGTGCATGTT,L1
hMG2,CTCCAACTCCTATGGA,L2
hMG2,CTCCACAAGCGAAACC,Basal
hMG2,CTCCACAAGCGATGCA,L2
hMG2,CTCCACACAACCGACC,L2
hMG2,CTCCACACAGACAAGC,L1
hMG2,CTCCACACATAATCGC,L1
hMG2,CTCCACAGTAAGGCTG,L2
hMG2,CTCCACAGTCAGGAGT,L1
hMG2,CTCCATGAGGGCCTCT,Basal
hMG2,CTCCATGCAATTTCTC,L1
hMG2,CTCCATGCACGAAGAC,L1
hMG2,CTCCATGGTACTGACT,L1
hMG2,CTCCATGGTAGAGGAA,L2
hMG2,CTCCATGTCGCTCTCA,L1
hMG2,CTCCCAAAGAACTGAT,Basal
hMG2,CTCCCAAAGCACCCAC,L1
hMG2,CTCCCAACATCACCAA,L2
hMG2,CTCCCAAGTCCACGCA,L2
hMG2,CTCCCAATCAAAGAAC,L2
hMG2,CTCCCAATCATGCATG,Basal
hMG2,CTCCCAATCATGCCCT,Basal
hMG2,CTCCCAATCGACCCAG,L2
hMG2,CTCCCAATCTTGATTC,L1
hMG2,CTCCCTCAGTGCAGCA,L1
hMG2,CTCCCTCCAAATGCGG,Basal
hMG2,CTCCCTCCAGAAGCGT,Basal
hMG2,CTCCCTCCAGCGAACA,Basal
hMG2,CTCCCTCCAGGGTTGA,L1
hMG2,CTCCCTCCATGTTCAG,Basal
hMG2,CTCCCTCGTACGCTTA,Basal
hMG2,CTCCCTCGTAGTAAGT,L2
hMG2,CTCCCTCTCCTGTAGA,L2
hMG2,CTCCCTCTCGACACCG,Basal
hMG2,CTCCGATAGAGCAACC,L1
hMG2,CTCCGATCAACTACGT,L2
hMG2,CTCCGATCACTTACAG,L2
hMG2,CTCCGATCATGGCCAC,L1
hMG2,CTCCGATGTGTTCCTC,L1
hMG2,CTCCGATGTTTCGTGA,L1
hMG2,CTCCGATTCGAGTCTA,L2
hMG2,CTCCGATTCGCCGAAC,L1
hMG2,CTCCGATTCGTAGCTA,L2
hMG2,CTCCGATTCGTCCTTG,L1
hMG2,CTCCTCCAGGGTCTTT,L1
hMG2,CTCCTCCGTACACGCC,Basal
hMG2,CTCCTCCGTATGTCAC,Basal
hMG2,CTCCTCCGTCCTCCAT,Basal
hMG2,CTCCTCCTCTATACGG,L2
hMG2,CTCCTTTCATAATCGC,L1
hMG2,CTCCTTTTCAAATGCC,Basal
hMG2,CTCGAGGAGATGCTTC,L1
hMG2,CTCGAGGAGCTGCCAC,Basal
hMG2,CTCGAGGAGTAAATGC,L2
hMG2,CTCGAGGCAGACACCC,L2
hMG2,CTCGAGGCAGTTGTCA,L2
hMG2,CTCGAGGGTCAGTCCG,L2
hMG2,CTCGAGGGTGAGTGAC,L1
hMG2,CTCGAGGGTGCGTTTA,Basal
hMG2,CTCGAGGGTTGCTCGG,L2
hMG2,CTCGAGGTCCGCGAGT,L1
hMG2,CTCTCAGAGAGTCTGG,L2
hMG2,CTCTCAGAGATGCGAC,L2
hMG2,CTCTCAGAGATTACCC,L1
hMG2,CTCTCAGAGTGCCTCG,L1
hMG2,CTCTCAGCAATAACCC,L2
hMG2,CTCTCAGCATTGAAAG,L1
hMG2,CTCTCAGGTTTGGAAA,Basal
hMG2,CTCTCGAAGTGACACG,Basal
hMG2,CTCTCGAAGTGGTTAA,Basal
hMG2,CTCTCGACATGCGTGC,Basal
hMG2,CTCTCGAGTAAGATAC,L1
hMG2,CTCTCGAGTCAACCTA,L2
hMG2,CTCTCGATCCGAGAAG,L1
hMG2,CTCTCGATCGGTCTGG,L2
hMG2,CTCTCGATCTCTATAC,L1
hMG2,CTCTCGATCTTTGCAT,L2
hMG2,CTCTGGTAGACGGATC,L1
hMG2,CTCTGGTCACGGTAGA,Basal
hMG2,CTCTGGTCACTCACTC,L1
hMG2,CTCTGGTCATCGATCA,L2
hMG2,CTCTGGTGTGACGTCC,L1
hMG2,CTCTGGTGTGGCTAGA,Basal
hMG2,CTGAATGAGAGAGCAA,L1
hMG2,CTGAATGAGCAAGTCG,Basal
hMG2,CTGAATGAGCCATGCC,L2
hMG2,CTGAATGCACGCTGAC,L1
hMG2,CTGAATGCATGGAACG,L2
hMG2,CTGAATGTCAACCCGG,Basal
hMG2,CTGAATGTCTCCAATT,L2
hMG2,CTGAATGTCTGACGCG,L2
hMG2,CTGAGCGAGTGGGAAA,Basal
hMG2,CTGAGCGCAGCAATTC,L2
hMG2,CTGAGCGCATTGGATC,L2
hMG2,CTGAGCGGTCCAGCAC,L1
hMG2,CTGAGCGTCAAACTGC,L2
hMG2,CTGAGGCAGACGAGCT,Basal
hMG2,CTGAGGCAGGATGAGA,L1
hMG2,CTGAGGCAGTACGTCT,L2
hMG2,CTGAGGCCAACGTAAA,L2
hMG2,CTGAGGCCACGACGAA,L1
hMG2,CTGAGGCCATATCTGG,L2
hMG2,CTGAGGCGTATTGACC,L2
hMG2,CTGAGGCTCACTGTCC,Basal
hMG2,CTGAGGCTCATGCTAG,Basal
hMG2,CTGAGGCTCCCAGCGA,L1
hMG2,CTGAGGCTCGACGACC,Basal
hMG2,CTGAGGCTCGCCTAGG,Basal
hMG2,CTGATCCAGAGCACTG,L1
hMG2,CTGATCCAGCACCGTC,L1
hMG2,CTGATCCAGTCTAGCT,Basal
hMG2,CTGATCCCACAGTCAT,Basal
hMG2,CTGATCCCACATGAAA,L1
hMG2,CTGATCCGTGGGAGAG,L2
hMG2,CTGATCCGTTTGCAGT,L2
hMG2,CTGATCCGTTTGGGTT,L2
hMG2,CTGCAGGAGAATAGTC,L2
hMG2,CTGCAGGCACCCTCTA,L2
hMG2,CTGCAGGCATGGCTAT,L1
hMG2,CTGCAGGTCGATTGGT,L1
hMG2,CTGCAGGTCTCAACCC,L2
hMG2,CTGCATCAGATGATTG,L2
hMG2,CTGCATCAGCACACAG,L1
hMG2,CTGCATCAGGATATGT,L2
hMG2,CTGCATCTCACCATCC,Basal
hMG2,CTGCATCTCCGTGGGT,Basal
hMG2,CTGCATCTCGCTTGCT,L2
hMG2,CTGCCATAGGAAGTAG,L2
hMG2,CTGCCATAGTTCATCG,L2
hMG2,CTGCCATAGTTGGCGA,L2
hMG2,CTGCCATCACAGTGAG,Basal
hMG2,CTGCCATCATGTCGTA,L2
hMG2,CTGCCATGTCGTCAGC,L2
hMG2,CTGCCATTCTACGCGG,L1
hMG2,CTGCCTAAGGAAAGTG,L1
hMG2,CTGCCTAGTAGAATGT,Basal
hMG2,CTGCCTAGTCTTAGTG,L1
hMG2,CTGCCTAGTTGTAGCT,Basal
hMG2,CTGCGAGAGATGGGCT,L2
hMG2,CTGCGAGAGCATGATA,L2
hMG2,CTGCGAGAGTCTCCTC,L2
hMG2,CTGCGAGCAGTATTCG,Basal
hMG2,CTGCGAGGTGAAGCTG,L1
hMG2,CTGCGAGTCATGCTAG,L1
hMG2,CTGCGAGTCCATTGGA,Basal
hMG2,CTGCTCAAGGAAGTGA,Basal
hMG2,CTGCTCAAGGTCGACA,L2
hMG2,CTGCTCAGTAGAGCTG,L2
hMG2,CTGCTCAGTCGCATCG,Basal
hMG2,CTGCTCAGTTACCCAA,L1
hMG2,CTGGACGCAAGCCTGC,L2
hMG2,CTGGACGCAAGTTCGT,L2
hMG2,CTGGACGGTCGGTGAA,L1
hMG2,CTGGACGGTGGAAATT,L1
hMG2,CTGGACGGTTGCGGAA,L1
hMG2,CTGGACGTCCGTACGG,L2
hMG2,CTGGACGTCGTCAGAT,L1
hMG2,CTGGACGTCTGTGCGG,L2
hMG2,CTGGCAGAGCAGATAT,Basal
hMG2,CTGGCAGAGTATTAGG,L1
hMG2,CTGGCAGCATCGCTAA,L2
hMG2,CTGGCAGGTAATTGGA,L1
hMG2,CTGGCAGTCAATCTTC,L2
hMG2,CTGGCAGTCCGTGTAA,Basal
hMG2,CTGGCAGTCGCAGATT,L2
hMG2,CTGGCAGTCTACTTCA,Basal
hMG2,CTGGTCTAGTCACAGG,L1
hMG2,CTGGTCTCAGATGCGA,L1
hMG2,CTGGTCTGTCCCTCAT,L1
hMG2,CTGGTCTGTGTCTAAC,Basal
hMG2,CTGGTCTTCAGCCTCT,Basal
hMG2,CTGGTCTTCGTCGACG,L1
hMG2,CTGTACCAGCCGTCGT,L1
hMG2,CTGTACCAGGACAGTC,Basal
hMG2,CTGTACCAGTACAACA,L1
hMG2,CTGTACCCACCGAATT,L2
hMG2,CTGTACCCAGGCACTC,Basal
hMG2,CTGTACCGTCTAGTGT,L2
hMG2,CTGTACCGTTGCCGAC,Basal
hMG2,CTGTACCTCCATAGGT,Basal
hMG2,CTGTACCTCCATTTAC,L1
hMG2,CTGTACCTCTTACGTT,L2
hMG2,CTGTAGAAGCGATGAC,L1
hMG2,CTGTAGAAGTAGGATT,L2
hMG2,CTGTAGAAGTTGGACG,Basal
hMG2,CTGTAGACACGCTGCA,L1
hMG2,CTGTAGACAGGAGGTT,Basal
hMG2,CTGTAGAGTGTTAAAG,L2
hMG2,CTGTAGATCAATCAGC,Basal
hMG2,CTGTATTAGAACAGGA,Basal
hMG2,CTGTATTAGGCCGCTT,L1
hMG2,CTGTATTAGGTGCGAT,L1
hMG2,CTGTATTCAAGGCTTT,Basal
hMG2,CTGTATTCAAGTTTGC,L2
hMG2,CTGTATTCACATGGTT,L2
hMG2,CTGTATTGTGATTAGA,L2
hMG2,CTGTATTGTGTCTTAG,L1
hMG2,CTGTATTTCTCCACTG,L1
hMG2,CTGTCGTAGATTGTGA,L2
hMG2,CTGTCGTAGTAGGTTA,L1
hMG2,CTGTCGTCACAATGCT,L1
hMG2,CTGTCGTCACCCTTGT,Basal
hMG2,CTGTCGTCAGCCGTCA,L2
hMG2,CTGTCGTGTGGCTGCT,Basal
hMG2,CTGTCGTTCGATTTCT,L2
hMG2,CTGTGAAAGAGGGTCT,Basal
hMG2,CTGTGAAAGGTCTTTG,Basal
hMG2,CTGTGAAAGGTGGGTT,L2
hMG2,CTGTGAAAGTGATGGC,Basal
hMG2,CTGTGAAAGTGCCAGA,L1
hMG2,CTGTGAACAGCTTTGA,L2
hMG2,CTGTGAACATCATCCC,Basal
hMG2,CTGTGAACATTCGATG,L2
hMG2,CTGTGAATCCGAGTGC,Basal
hMG2,CTGTGGGAGGCTGTAG,L1
hMG2,CTGTGGGAGTTGGACG,L1
hMG2,CTGTGGGCACCGGCTA,L2
hMG2,CTGTGGGCAGAGTCAG,L1
hMG2,CTGTGGGGTCGATGCC,L2
hMG2,CTTACCGAGTTGCATC,L2
hMG2,CTTACCGCAACACAAA,L2
hMG2,CTTACCGCAGTCGTTA,L2
hMG2,CTTACCGCATCGAAGG,L1
hMG2,CTTACCGTCAGTAGGG,Basal
hMG2,CTTACCGTCGATACAC,Basal
hMG2,CTTAGGACAATGTCAC,L2
hMG2,CTTAGGAGTCAATCTG,L2
hMG2,CTTCAATAGCGAATGC,L1
hMG2,CTTCAATGTATGAGCG,L1
hMG2,CTTCAATGTTCGGACC,L1
hMG2,CTTCAATGTTTCCCAC,Basal
hMG2,CTTCAATTCCGAGAAG,L1
hMG2,CTTCAATTCTGCGGAC,Basal
hMG2,CTTCCGAAGGGTGGGA,L1
hMG2,CTTCCGACAAAGCGTG,L2
hMG2,CTTCCGACACAGTATC,L2
hMG2,CTTCCGAGTCATAAAG,Basal
hMG2,CTTCCGAGTGCTCGTG,Basal
hMG2,CTTCCGAGTTCACCGG,L2
hMG2,CTTCCGAGTTGCTCGG,Basal
hMG2,CTTCCGATCAGGTAAA,Basal
hMG2,CTTCCGATCATACGGT,Basal
hMG2,CTTCCGATCCACTTTA,Basal
hMG2,CTTCCGATCGTGCAGC,L1
hMG2,CTTCCTTAGTGATTCC,L2
hMG2,CTTCCTTCAAATGGCG,Basal
hMG2,CTTCCTTCAATAAGGT,L2
hMG2,CTTCCTTCAGGAGGAG,L2
hMG2,CTTCCTTGTGAACCGA,L2
hMG2,CTTCCTTGTTGCCAAT,L2
hMG2,CTTCCTTTCGGTGAAG,Basal
hMG2,CTTCGGTCAAGGTCTT,L1
hMG2,CTTCGGTGTGCGACAA,Basal
hMG2,CTTCGGTGTTTAAGGA,L1
hMG2,CTTCTAAAGCGCCTAC,Basal
hMG2,CTTCTAACAACCAATC,L2
hMG2,CTTCTAACAAGACCTT,Basal
hMG2,CTTCTAACAGAAGCTG,L1
hMG2,CTTCTAACATGGCCAC,L1
hMG2,CTTCTAAGTGCTTATG,L1
hMG2,CTTCTAAGTTGTCATG,L2
hMG2,CTTCTAATCGCCGATG,Basal
hMG2,CTTCTCTAGTAAACGT,Basal
hMG2,CTTCTCTAGTCGTTAC,L2
hMG2,CTTCTCTCAACCGCCA,L2
hMG2,CTTCTCTCACCAAATC,Basal
hMG2,CTTCTCTCACCCTGAG,L1
hMG2,CTTCTCTCAGCTGAAG,L2
hMG2,CTTCTCTTCACCTTAT,L2
hMG2,CTTCTCTTCCGAGCTG,L1
hMG2,CTTCTCTTCGATTGGT,Basal
hMG2,CTTGAGAAGACGAAGA,L2
hMG2,CTTGAGAAGGAACGTC,Basal
hMG2,CTTGAGACAGATAAAC,Basal
hMG2,CTTGAGAGTACCTAAC,L2
hMG2,CTTGAGAGTTCAATCG,Basal
hMG2,CTTGAGATCAAGGCTT,L1
hMG2,CTTGATTAGTGCCAGA,L1
hMG2,CTTGATTGTATCACCA,L1
hMG2,CTTGATTGTGGTCTGC,L1
hMG2,CTTGATTTCGCTAGCG,Basal
hMG2,CTTTCAACAACCAATC,L1
hMG2,CTTTCAAGTGCCCAGT,Basal
hMG2,CTTTCAATCCAAGAGG,L2
hMG2,CTTTCAATCCGACAGC,Basal
hMG2,CTTTCAATCGCGCCAA,L1
hMG2,CTTTCAATCGGCCCAA,Basal
hMG2,CTTTCAATCTGTCGCT,L2
hMG2,CTTTCGGAGCATGTTC,L2
hMG2,CTTTCGGCACGCAAAG,L1
hMG2,CTTTCGGCATTCTTCA,L1
hMG2,CTTTCGGGTAGTAAGT,Basal
hMG2,CTTTCGGTCAAACGAA,Basal
hMG2,CTTTCGGTCTCTGCTG,L1
hMG2,GAAACCTAGATGTTGA,L1
hMG2,GAAACCTAGTAAACAC,Basal
hMG2,GAAACCTCATGACTCA,L1
hMG2,GAAACCTTCGTAGCCG,L2
hMG2,GAAACCTTCGTAGGGA,L1
hMG2,GAAATGAAGTATGGCG,L2
hMG2,GAAATGACAAATAAGC,L1
hMG2,GAAATGACAACTCCCT,L1
hMG2,GAAATGACATGATCTG,Basal
hMG2,GAAATGATCGTTACCC,L2
hMG2,GAACACTCAACCAGAG,L1
hMG2,GAACACTCACGACAGA,Basal
hMG2,GAACGTTCAAATAGCA,L2
hMG2,GAACGTTCAGTAGAAT,L1
hMG2,GAACGTTGTCGAGCAA,L2
hMG2,GAACGTTGTTAGAAAC,L2
hMG2,GAACGTTTCAGCAGAG,L1
hMG2,GAACGTTTCATCACTT,L2
hMG2,GAACGTTTCGTAACCA,Basal
hMG2,GAACTGTGTTCCGTTC,L2
hMG2,GAAGAATTCGAGAACG,L1
hMG2,GAAGCCCGTGATTGGG,L2
hMG2,GAAGCCCTCCGATCTC,L1
hMG2,GAAGCCCTCTGTCCCA,L1
hMG2,GAAGCGAAGGGAGATA,L2
hMG2,GAAGCGACAACCGATT,Basal
hMG2,GAAGCGAGTATCATGC,L1
hMG2,GAAGCGAGTTGCTCCT,L2
hMG2,GAAGCGATCGTTCTGC,L2
hMG2,GAAGGACAGAGTGTTA,Basal
hMG2,GAAGGACAGGCTAGCA,L2
hMG2,GAAGGACAGTCAGCCC,L1
hMG2,GAAGGACCAGAACTCT,Basal
hMG2,GAAGGACCAGGAGGTT,Basal
hMG2,GAAGGACCATCCAATG,L1
hMG2,GAAGGACGTATTCCTT,L1
hMG2,GAAGGACGTCTGCCTT,L1
hMG2,GAAGGACGTGATTCAC,Basal
hMG2,GAAGGACTCGCGGACT,Basal
hMG2,GAAGGGTAGACATCCT,Basal
hMG2,GAAGGGTCAATTAGGA,L2
hMG2,GAAGGGTCAGAACTAA,L2
hMG2,GAAGGGTCAGGGCTTC,L2
hMG2,GAAGGGTGTACCTAAC,L2
hMG2,GAAGGGTGTATATGGA,L2
hMG2,GAAGGGTGTGCCTGAC,L2
hMG2,GAAGGGTTCGCTTGAA,Basal
hMG2,GAAGTAAAGTACTCGT,L2
hMG2,GAAGTAACACACGGAA,Basal
hMG2,GAAGTAAGTCGAACGA,L2
hMG2,GAAGTAAGTTGGACTT,L1
hMG2,GAAGTAATCAAGCGTT,L1
hMG2,GAAGTAATCAGTCATG,Basal
hMG2,GAAGTAATCGATTCCC,L2
hMG2,GAATAGAAGGTTTACC,Basal
hMG2,GAATAGAAGTATAGGT,Basal
hMG2,GAATAGACACCAGTTA,L1
hMG2,GAATAGACACCCTAGG,Basal
hMG2,GAATAGACAGGACTAG,L1
hMG2,GAATAGACATGATGCT,L2
hMG2,GAATAGAGTGCGGCTT,L1
hMG2,GAATAGATCACTGCTC,Basal
hMG2,GAATAGATCCACTGAA,L2
hMG2,GAATAGATCGCGTCGA,L2
hMG2,GAATAGATCGTGGAAG,L1
hMG2,GAATAGATCGTGGACC,L2
hMG2,GAATCACAGTCCTACA,Basal
hMG2,GAATCACAGTCTCCTC,L1
hMG2,GAATCACCACTGCTTC,Basal
hMG2,GAATCACCAGAGTGTG,Basal
hMG2,GAATCACGTCTGTCCT,L1
hMG2,GAATCACGTGGATTTC,L1
hMG2,GAATCACTCCAAATGC,Basal
hMG2,GAATCACTCGGCCAAC,L1
hMG2,GAATCGTGTCAGGTGA,L1
hMG2,GAATCGTTCAGCTAGT,Basal
hMG2,GAATCGTTCGGTCGGT,L1
hMG2,GACACGCAGATGCTGG,L1
hMG2,GACACGCAGTCATAGA,Basal
hMG2,GACACGCCACCTCAGG,L1
hMG2,GACACGCCACGTACTA,L1
hMG2,GACACGCCAGCACACC,L2
hMG2,GACACGCGTATCGTTG,L1
hMG2,GACACGCGTGCTGATT,L2
hMG2,GACACGCTCATTTGTC,Basal
hMG2,GACAGCCAGACGACGT,L2
hMG2,GACAGCCAGACGCCCT,L2
hMG2,GACAGCCAGGGATCTG,L1
hMG2,GACAGCCCACTGCACG,L1
hMG2,GACAGCCGTATCAGCT,L2
hMG2,GACAGCCTCACCCATC,L1
hMG2,GACAGCCTCAGAGCGA,Basal
hMG2,GACAGCCTCCTAGAGT,L2
hMG2,GACAGCCTCTCCGATC,L2
hMG2,GACATCAAGGCCTAGA,L1
hMG2,GACATCAGTGCCGGTT,L1
hMG2,GACATCATCGTGGACC,Basal
hMG2,GACCAATAGCTCGGCT,L1
hMG2,GACCAATCAATGAACA,L2
hMG2,GACCAATCATGCAGCC,Basal
hMG2,GACCAATGTCTGCGCA,L1
hMG2,GACCAATTCAGAGCGA,Basal
hMG2,GACCAATTCAGTCTTT,L1
hMG2,GACCCAGAGAACCGCA,L1
hMG2,GACCCAGAGCATCTTG,Basal
hMG2,GACCCAGAGTCGAAAT,L2
hMG2,GACCCAGCAAGGACAC,L2
hMG2,GACCCAGCATTCAGCA,L2
hMG2,GACCCAGGTTACACAC,L2
hMG2,GACCCAGGTTGGTGTT,L2
hMG2,GACCCTTAGTATGGAT,Basal
hMG2,GACCCTTAGTTAACGA,L2
hMG2,GACCCTTGTACCTAGT,L1
hMG2,GACCCTTGTACTGGGA,L2
hMG2,GACCCTTGTATGGTTC,L2
hMG2,GACCCTTTCAAACGTC,L1
hMG2,GACCCTTTCAAGTCGT,L2
hMG2,GACCCTTTCACACGAT,L2
hMG2,GACCGTGCAAACTCGT,L1
hMG2,GACCGTGCATGCGGTC,Basal
hMG2,GACCGTGCATTAGGCT,L1
hMG2,GACCGTGGTACGTACT,L2
hMG2,GACCGTGGTCAACGCC,L1
hMG2,GACCGTGGTTATCTGG,L1
hMG2,GACCGTGTCTCTATGT,L1
hMG2,GACCGTGTCTTACGTT,Basal
hMG2,GACCTTCCACTTGACA,Basal
hMG2,GACCTTCTCGTCTAAG,L2
hMG2,GACGCTGAGCCTGAAG,Basal
hMG2,GACGCTGAGTCACTAC,L2
hMG2,GACGCTGCAGAGTCTT,Basal
hMG2,GACGCTGCATGCAGGA,L2
hMG2,GACGCTGGTTATAGCC,L1
hMG2,GACGCTGGTTCACGAT,L2
hMG2,GACGCTGTCGTAGTCA,Basal
hMG2,GACGCTGTCTACACAG,Basal
hMG2,GACGTTAAGAAACCAT,L2
hMG2,GACGTTAAGCGCACAA,L2
hMG2,GACGTTAAGCGTTGTT,Basal
hMG2,GACGTTATCACTTGGA,L1
hMG2,GACGTTATCCATCAGA,L2
hMG2,GACGTTATCTTCGATT,L1
hMG2,GACTATGAGCACGATG,L2
hMG2,GACTATGAGCGAGTAC,Basal
hMG2,GACTATGAGTACTCGT,L1
hMG2,GACTATGCACAAATCC,Basal
hMG2,GACTATGCACTTGGCG,L2
hMG2,GACTATGCAGCACCCA,Basal
hMG2,GACTATGGTACGACTT,L1
hMG2,GACTATGGTCCGGTCA,L2
hMG2,GACTATGGTCCTGGGT,L2
hMG2,GACTATGGTCGGTGAA,Basal
hMG2,GACTATGGTTTCGTAG,L2
hMG2,GACTATGTCATTCACT,L2
hMG2,GACTATGTCCATGAGT,L2
hMG2,GACTCAAAGGCTAAAT,Basal
hMG2,GACTCAAGTCGAATTC,L1
hMG2,GACTCTCAGCGAGTAC,L2
hMG2,GACTCTCAGGCTCCCA,L2
hMG2,GACTCTCCAAATACGA,L2
hMG2,GACTCTCCACAAGCTT,Basal
hMG2,GACTCTCCACCTGAAT,L1
hMG2,GACTCTCGTGCCGAAA,Basal
hMG2,GACTCTCGTGGCAACA,L1
hMG2,GACTGATAGGAGTACC,L2
hMG2,GACTGATCAACTGCCG,Basal
hMG2,GACTGATCAAGCCTGC,L1
hMG2,GACTGATCAGTCGAGA,L1
hMG2,GACTGATGTCACCCTT,L1
hMG2,GACTGATGTCGTTGCG,L2
hMG2,GACTGATTCATATGGC,L2
hMG2,GACTGATTCCTGTAAG,Basal
hMG2,GACTTCCAGTATGACA,L1
hMG2,GACTTCCAGTCGAAGC,L2
hMG2,GACTTCCCACGTCATA,L1
hMG2,GACTTCCCAGGTCAGA,L2
hMG2,GACTTCCGTGATACTC,L1
hMG2,GACTTCCGTTAGGCTT,L2
hMG2,GACTTCCTCACTGTCC,Basal
hMG2,GACTTCCTCCATCTGC,L1
hMG2,GACTTCCTCGTAGCCG,Basal
hMG2,GAGAAATAGTGGAAAG,Basal
hMG2,GAGAAATCAGTTGCGC,L1
hMG2,GAGAAATGTCTTCAAG,L2
hMG2,GAGAAATTCACAAGGG,L1
hMG2,GAGAAATTCCATCGTC,L2
hMG2,GAGAAATTCCGTAGGC,L1
hMG2,GAGAAATTCTATCACT,L1
hMG2,GAGACCCAGGACAAGA,L1
hMG2,GAGACCCCAGGGCTTC,L2
hMG2,GAGACCCGTACCCGAC,L1
hMG2,GAGACCCGTCGAGCTC,L1
hMG2,GAGACCCGTTGGCCTG,Basal
hMG2,GAGACTTAGACTTAAG,L1
hMG2,GAGACTTAGGTTCACT,L2
hMG2,GAGACTTCACCATTCC,L2
hMG2,GAGACTTGTATCCTCC,L2
hMG2,GAGACTTTCCACATAG,Basal
hMG2,GAGACTTTCCACGTAA,Basal
hMG2,GAGACTTTCGACATCA,Basal
hMG2,GAGACTTTCTCCGCAT,L1
hMG2,GAGACTTTCTGGGTCG,L1
hMG2,GAGAGGTGTCTGCGCA,L1
hMG2,GAGAGGTTCTACTATC,L2
hMG2,GAGAGGTTCTCTCTAA,L1
hMG2,GAGATGGAGCGGTAAC,L1
hMG2,GAGATGGAGCTAGAAT,Basal
hMG2,GAGATGGAGGCGTTGA,Basal
hMG2,GAGATGGAGTGCTAGG,L1
hMG2,GAGATGGCAGCGACAA,L1
hMG2,GAGATGGGTCATGCAT,L1
hMG2,GAGATGGTCAGAACCT,Basal
hMG2,GAGATGGTCCACGTGG,L2
hMG2,GAGATGGTCCGAGGCT,L2
hMG2,GAGCCTGCAAGGTACG,L2
hMG2,GAGCCTGCACCTGAAT,L1
hMG2,GAGCCTGCAGATAAAC,L2
hMG2,GAGCCTGGTGGTACAG,Basal
hMG2,GAGCCTGGTTTAGTCG,Basal
hMG2,GAGCCTGTCACCCTGT,Basal
hMG2,GAGCTGCAGACGGTTG,L2
hMG2,GAGCTGCAGATTGAGT,L2
hMG2,GAGCTGCAGCCTAGGA,Basal
hMG2,GAGCTGCAGCTGAAAT,L1
hMG2,GAGCTGCAGTTGAATG,Basal
hMG2,GAGCTGCCAATGGCCC,Basal
hMG2,GAGCTGCCACTAGAGG,L1
hMG2,GAGCTGCCAGGCATTT,L1
hMG2,GAGCTGCGTAGTCTTG,Basal
hMG2,GAGCTGCGTCTGATAC,L2
hMG2,GAGCTGCGTTGTAAAG,Basal
hMG2,GAGGCAACACAAATGA,L2
hMG2,GAGGCAACACGGCGTT,L2
hMG2,GAGGCAACACTCAAGT,L2
hMG2,GAGGCAAGTGTTCGAT,Basal
hMG2,GAGGCAAGTTTGCAGT,Basal
hMG2,GAGGCAATCGAACCTA,L1
hMG2,GAGGCAATCTATCGGA,Basal
hMG2,GAGGCCTCACGTTCGG,L2
hMG2,GAGGCCTCACTCCCTA,Basal
hMG2,GAGGCCTCAGGCTACC,L2
hMG2,GAGGCCTCATATTCGG,L2
hMG2,GAGGCCTTCCATTGCC,Basal
hMG2,GAGGGATAGTGGACGT,L2
hMG2,GAGGGATCAGCGAGTA,L2
hMG2,GAGGGATCAGTAGAAT,L2
hMG2,GAGGGATGTAACAGGC,L1
hMG2,GAGGGATGTTCCTTGC,L2
hMG2,GAGGGATTCAGACCTA,L2
hMG2,GAGGGATTCCGTACGG,Basal
hMG2,GAGGGTAAGATCGCTT,L2
hMG2,GAGGGTAAGCCATATC,L1
hMG2,GAGGGTACACCTGCTT,L2
hMG2,GAGGGTACACTTCAGA,L1
hMG2,GAGGGTACATGGCGCT,Basal
hMG2,GAGGGTAGTATCCTCC,L2
hMG2,GAGGGTAGTGCATGTT,L1
hMG2,GAGGGTAGTGCGGATA,L2
hMG2,GAGGGTATCACCGGTG,L1
hMG2,GAGGGTATCCTACAAG,L2
hMG2,GAGTCATAGTTGCGCC,Basal
hMG2,GAGTCATCATTGAAGA,L1
hMG2,GAGTCATGTACGCGTC,Basal
hMG2,GAGTCATGTCTTCTAT,Basal
hMG2,GAGTCATGTGGATTTC,Basal
hMG2,GAGTCATGTTAGGAGC,Basal
hMG2,GAGTCTAAGCGCATCC,L2
hMG2,GAGTCTAAGGACAGTC,L2
hMG2,GAGTCTAAGTACTGTC,L2
hMG2,GAGTCTAAGTCACTAC,L1
hMG2,GAGTCTACATCAGTGT,Basal
hMG2,GAGTCTAGTAAGGAGA,L2
hMG2,GAGTCTAGTACACGTT,Basal
hMG2,GAGTCTAGTGGGTATG,Basal
hMG2,GAGTCTATCAATCTTC,L2
hMG2,GAGTCTATCGCGTTTC,L2
hMG2,GAGTGAGAGGACTAAT,Basal
hMG2,GAGTGAGCAACGCCCA,L1
hMG2,GAGTGAGCACATCCCT,L1
hMG2,GAGTGAGCACGCGGTT,Basal
hMG2,GAGTGAGTCCGTATGA,L2
hMG2,GAGTGAGTCTTACGGA,Basal
hMG2,GAGTGTTAGAGCAACC,L1
hMG2,GAGTGTTAGCAATTCC,L2
hMG2,GAGTGTTCATGAGAAT,L1
hMG2,GAGTGTTTCGACGACC,L1
hMG2,GAGTGTTTCTTGGTGA,L2
hMG2,GAGTTACAGATCACTC,Basal
hMG2,GAGTTACAGCATGTTC,L1
hMG2,GAGTTACCAACAAAGT,Basal
hMG2,GAGTTACCATGCGGTC,L1
hMG2,GAGTTACGTGGGACAT,L1
hMG2,GAGTTACGTTGAGAGC,L1
hMG2,GAGTTGTCATCGAAGG,L1
hMG2,GAGTTGTCATGATAGA,Basal
hMG2,GAGTTGTGTCACTCAA,L2
hMG2,GAGTTGTGTCGAACAG,L2
hMG2,GAGTTGTGTCTGTAGT,L2
hMG2,GAGTTGTGTGTTCCTC,L1
hMG2,GAGTTGTTCAGGGATG,L2
hMG2,GAGTTGTTCCATTCAT,Basal
hMG2,GAGTTGTTCCGTAGTA,L2
hMG2,GAGTTGTTCGAATGCT,L1
hMG2,GAGTTGTTCGTCAACA,Basal
hMG2,GAGTTGTTCTAACACG,L1
hMG2,GAGTTGTTCTCTTCAA,Basal
hMG2,GAGTTGTTCTGGCTGG,Basal
hMG2,GAGTTTGAGAAACTAC,Basal
hMG2,GAGTTTGCACCAGGTC,L2
hMG2,GAGTTTGTCAAAGGAT,Basal
hMG2,GAGTTTGTCAGGAAGC,L1
hMG2,GAGTTTGTCCATACAG,L1
hMG2,GAGTTTGTCCTAGCCT,L2
hMG2,GAGTTTGTCGCGCTGA,L1
hMG2,GATAGAAAGCCTAGGA,L2
hMG2,GATAGAAAGCTGTACT,L2
hMG2,GATAGAAAGGCTCCCA,L2
hMG2,GATAGAACAAGTCATC,L1
hMG2,GATAGAAGTTCTCTCG,L2
hMG2,GATAGAATCGTCGACG,L2
hMG2,GATAGCTAGAGCCATG,L2
hMG2,GATAGCTAGATGCTTC,L1
hMG2,GATAGCTAGCTAGAAT,L2
hMG2,GATAGCTAGGGCCTCT,Basal
hMG2,GATAGCTCAAGTTCGT,L1
hMG2,GATAGCTCATGACTAC,L2
hMG2,GATAGCTCATTGTACG,Basal
hMG2,GATAGCTTCCTTCGAC,Basal
hMG2,GATCACACACTCAAGT,Basal
hMG2,GATCACACATGACAGG,L2
hMG2,GATCACAGTCATCCCT,L2
hMG2,GATCACATCAGAGCAG,L2
hMG2,GATCACATCCCTGGTT,L1
hMG2,GATCAGTAGAGCAGCT,Basal
hMG2,GATCAGTAGGCCTTGC,L2
hMG2,GATCAGTCATAGGTTC,L2
hMG2,GATCAGTGTACGTTCA,L2
hMG2,GATCAGTGTATTCCGA,L1
hMG2,GATCAGTGTCGCAACC,L1
hMG2,GATCAGTGTTAGAGTA,L1
hMG2,GATCAGTGTTCTTGCC,L1
hMG2,GATCAGTTCGACATCA,L2
hMG2,GATCAGTTCTGCGGGT,L1
hMG2,GATCATGCATAGCTGT,Basal
hMG2,GATCATGGTACCTGTA,Basal
hMG2,GATCATGGTGTCATTG,L2
hMG2,GATCATGGTTCGAGCC,L2
hMG2,GATCATGGTTGTCATG,L1
hMG2,GATCATGTCGAAGGAC,L1
hMG2,GATCATGTCGAGAACG,L2
hMG2,GATCCCTAGATCCCAT,L2
hMG2,GATCCCTCATGACGGA,L2
hMG2,GATCCCTGTCAGGAGT,L2
hMG2,GATCCCTGTGGATCAG,Basal
hMG2,GATCCCTGTTTATGCG,L1
hMG2,GATCCCTTCAAGCTGT,L1
hMG2,GATCCCTTCGGAATGG,Basal
hMG2,GATCCCTTCTGGTGCG,L2
hMG2,GATCGTAGTAAGCAAT,L1
hMG2,GATCGTAGTTGTCCCT,Basal
hMG2,GATCGTATCATTGTTC,Basal
hMG2,GATCGTATCCGGACGT,Basal
hMG2,GATGACTAGTTGGACG,L2
hMG2,GATGACTCAAGAGATT,L2
hMG2,GATGACTCACGGCACT,L1
hMG2,GATGACTCACTCTGCT,Basal
hMG2,GATGACTCAGGCCCTA,L2
hMG2,GATGACTGTATGAAAC,L2
hMG2,GATGACTGTCGCGTTG,L1
hMG2,GATGACTGTGCTCGTG,L2
hMG2,GATGACTTCCGACGGT,L2
hMG2,GATGACTTCGCCAGTG,Basal
hMG2,GATGACTTCGGAATGG,L2
hMG2,GATGACTTCTACAGGT,Basal
hMG2,GATGAGGAGAACTGAT,L1
hMG2,GATGAGGAGCCAGAGT,L2
hMG2,GATGAGGAGCTTTCCC,L1
hMG2,GATGAGGAGGTGATCG,L2
hMG2,GATGAGGCACTCCACT,L2
hMG2,GATGATCAGCCGGATA,L2
hMG2,GATGATCAGCGTCAGA,Basal
hMG2,GATGATCAGGAACTAT,Basal
hMG2,GATGATCCAAGATTGA,L2
hMG2,GATGATCGTATCGCAT,Basal
hMG2,GATGATCTCACGGTCG,L2
hMG2,GATGATCTCATTATCC,L2
hMG2,GATGATCTCCCATTTA,L2
hMG2,GATGATCTCGTGAGAG,L1
hMG2,GATGATCTCTAGACCA,Basal
hMG2,GATGCTAAGGAACTAT,L2
hMG2,GATGCTACAGAGTTCT,L2
hMG2,GATGCTACATCTGGGC,L2
hMG2,GATGCTACATGACTCA,L2
hMG2,GATGCTACATGAGAAT,Basal
hMG2,GATGCTACATTGTCGA,L2
hMG2,GATGCTAGTCTGCCTT,L2
hMG2,GATGCTATCCTATTGT,L1
hMG2,GATGCTATCTCCCTAG,L1
hMG2,GATGCTATCTGTGCAA,Basal
hMG2,GATGGAGAGACATCAA,L1
hMG2,GATGGAGAGCCTGCCA,L1
hMG2,GATGGAGCAAACGTGG,L1
hMG2,GATGGAGCACAACGAG,L1
hMG2,GATGGAGCAGGTTTAC,L1
hMG2,GATGGAGTCACGGGCT,L1
hMG2,GATGTTGAGGTAGGCT,Basal
hMG2,GATGTTGAGTCAGCCC,L1
hMG2,GATGTTGAGTGCCTCG,L1
hMG2,GATGTTGCAGCGTTTA,L2
hMG2,GATGTTGCAGCTGTGC,Basal
hMG2,GATGTTGGTAGGAGGG,Basal
hMG2,GATGTTGGTCGTTGCG,L1
hMG2,GATGTTGGTGAATATG,L2
hMG2,GATGTTGGTTGACTAC,L2
hMG2,GATGTTGTCTACTGAG,L1
hMG2,GATTCGAAGGACTAAT,Basal
hMG2,GATTCGACACCCTATC,L1
hMG2,GATTCGACAGCAAGAC,L2
hMG2,GATTCGAGTCGATTCA,Basal
hMG2,GATTCGAGTGACTCGC,L1
hMG2,GATTCGAGTTACTCAG,L2
hMG2,GATTCTTCAGATAAAC,Basal
hMG2,GATTCTTCAGGAATCG,L1
hMG2,GATTCTTGTTGGACTT,Basal
hMG2,GATTCTTTCGCTAGCG,Basal
hMG2,GATTGGTAGCAATAAC,L2
hMG2,GATTGGTCAAGTAGTA,Basal
hMG2,GATTGGTGTCGAGCTC,L2
hMG2,GATTGGTTCGACATTG,Basal
hMG2,GATTGGTTCTAAGCGT,L2
hMG2,GATTTCTAGAGAGCCT,L2
hMG2,GATTTCTAGGTAGTCG,L1
hMG2,GATTTCTCAAGATGTA,L2
hMG2,GATTTCTCACTGTCCT,L2
hMG2,GATTTCTGTATTCTCT,L1
hMG2,GATTTCTGTCAAGCGA,L2
hMG2,GATTTCTGTCCTTGTC,Basal
hMG2,GATTTCTGTCGGAAAC,Basal
hMG2,GATTTCTGTTTGAACC,Basal
hMG2,GATTTCTTCCCAAGCG,L2
hMG2,GCAACATAGGTCCTGC,L2
hMG2,GCAACATCAAACTCTG,L1
hMG2,GCAACATGTACGCTTA,L2
hMG2,GCAACATGTCGCGTCA,Basal
hMG2,GCAACATTCATCAGTG,L2
hMG2,GCAACATTCCGTCACT,Basal
hMG2,GCAACCGAGTCCCTAA,L1
hMG2,GCAACCGCAGTTCCAA,Basal
hMG2,GCAACCGGTGCGGTAA,L1
hMG2,GCACATAAGTCTGCGC,L1
hMG2,GCACATACACCTGCAG,L1
hMG2,GCACATACAGAGTAAT,L2
hMG2,GCACATATCAACTACG,L2
hMG2,GCACATATCAGTGTCA,L2
hMG2,GCACATATCGCTACAA,L1
hMG2,GCACATATCTCATTAC,Basal
hMG2,GCACATATCTCTATGT,Basal
hMG2,GCACGGTAGTCCCGGT,L1
hMG2,GCACGGTCATGAAGGC,L2
hMG2,GCACGGTGTATGAGCG,L1
hMG2,GCACGGTGTCAAAGCG,Basal
hMG2,GCACGGTGTCCAGCGT,L2
hMG2,GCACGGTTCAGTGATC,L2
hMG2,GCACGGTTCGAACCTA,L2
hMG2,GCACGGTTCTAGGCCG,Basal
hMG2,GCACGTGAGAAGAGCA,Basal
hMG2,GCACGTGAGCCGCACT,L2
hMG2,GCACGTGAGTACAGCG,L1
hMG2,GCACGTGAGTCGGCAA,Basal
hMG2,GCACGTGAGTTAGAAC,Basal
hMG2,GCACGTGCATCTCATT,Basal
hMG2,GCACGTGGTTTCCATT,L2
hMG2,GCACGTGTCAACCTTT,L1
hMG2,GCACGTGTCGTAATGC,L1
hMG2,GCACTAAAGATCCAAA,L2
hMG2,GCACTAAAGTGGACGT,Basal
hMG2,GCACTAAGTTAAGAAC,L2
hMG2,GCACTAAGTTACCTTT,L1
hMG2,GCACTAATCAGCCTTC,Basal
hMG2,GCACTAATCATAGCAC,L1
hMG2,GCAGCCAAGGGATGTC,L2
hMG2,GCAGCCAAGTCTGCAT,L2
hMG2,GCAGCCACAGGACAGT,L1
hMG2,GCAGCCAGTCCTGGGT,L1
hMG2,GCAGCCATCAGCTTCC,L2
hMG2,GCAGCTGAGGAGATAG,Basal
hMG2,GCAGCTGAGTGGACTG,Basal
hMG2,GCAGCTGGTAATGTGA,L2
hMG2,GCAGCTGGTTTGCAGT,L2
hMG2,GCAGCTGTCAAATGAG,L2
hMG2,GCAGGCTAGACTCGAG,L1
hMG2,GCAGGCTAGATGCTAA,Basal
hMG2,GCAGGCTAGCGTGTCC,L2
hMG2,GCAGGCTCAAATACAG,L1
hMG2,GCAGTTAAGTAGGCCA,L2
hMG2,GCAGTTAAGTGCACTT,L1
hMG2,GCAGTTACAAAGGATT,Basal
hMG2,GCAGTTACAACCGATT,L2
hMG2,GCAGTTACAGGAGGAG,L1
hMG2,GCAGTTAGTGGCGCTT,L1
hMG2,GCAGTTATCGATACAC,L2
hMG2,GCATCGGAGAAGTCTA,L2
hMG2,GCATCGGAGACAGCTG,L2
hMG2,GCATCGGAGCTAAGTA,L1
hMG2,GCATCGGCACGCTGTG,L1
hMG2,GCATCGGCATCATCCC,L1
hMG2,GCATCGGGTAGAGATT,Basal
hMG2,GCATCGGGTCCACTTC,L2
hMG2,GCATCGGGTCTCCTGT,L1
hMG2,GCATCGGTCACCCATC,Basal
hMG2,GCATCGGTCGCGTTTC,Basal
hMG2,GCATCTCAGCGAGGAG,Basal
hMG2,GCATCTCGTAATTAGG,L1
hMG2,GCATCTCGTAGGTGCA,L1
hMG2,GCATCTCGTGATGTAA,L2
hMG2,GCATCTCTCAGCAATC,L2
hMG2,GCATCTCTCCTTACCG,L1
hMG2,GCATCTCTCTAGCCTC,L2
hMG2,GCATCTCTCTATCACT,L1
hMG2,GCATGATAGCCAGTAG,Basal
hMG2,GCATGATCACTTACAG,L2
hMG2,GCATGATCAGATACTC,Basal
hMG2,GCATGATCAGCGATTT,Basal
hMG2,GCATGATCATATAGCC,L2
hMG2,GCATGATGTGACTGTT,L1
hMG2,GCATGATTCAAGCCAT,L2
hMG2,GCATGATTCCCACAGG,L2
hMG2,GCATTAGAGGGCTGAT,L1
hMG2,GCATTAGAGTAACGAT,L2
hMG2,GCATTAGAGTAGTCAA,Basal
hMG2,GCATTAGGTTGTAGCT,L2
hMG2,GCATTAGTCAGCTTCC,L1
hMG2,GCATTAGTCTAAGCCA,L2
hMG2,GCCAACGAGGAACGCT,Basal
hMG2,GCCAACGAGGCCCAAA,L1
hMG2,GCCAACGAGTAGCAAT,L2
hMG2,GCCAACGCAAAGAGTT,Basal
hMG2,GCCAACGCAACGCCCA,Basal
hMG2,GCCAACGCAGAGCCCT,L2
hMG2,GCCAACGGTGCCTATA,L2
hMG2,GCCAACGTCTCTCCGA,L2
hMG2,GCCAGCAAGCCTTTCC,L2
hMG2,GCCAGCACAAGTGCAG,L2
hMG2,GCCAGCACACCGGTCA,L1
hMG2,GCCAGCACACTTGTGA,L2
hMG2,GCCAGCAGTCCTCATC,L2
hMG2,GCCAGCATCTTGCGCT,L2
hMG2,GCCAGGTAGACCAAGC,Basal
hMG2,GCCAGGTAGCATCCTA,Basal
hMG2,GCCAGGTAGCGTGTTT,L2
hMG2,GCCAGGTCATGACGTT,L1
hMG2,GCCAGGTGTCCACTTC,Basal
hMG2,GCCAGGTGTGTCCTAA,Basal
hMG2,GCCAGGTGTGTTATCG,L1
hMG2,GCCAGGTGTTAGAGAT,Basal
hMG2,GCCAGGTTCCATCCGT,L2
hMG2,GCCAGTGCACTCCCTA,L1
hMG2,GCCAGTGTCGAAGAAT,L2
hMG2,GCCATGGAGAGTTGAT,L2
hMG2,GCCATGGCAAGAGCTG,Basal
hMG2,GCCATGGCAGGTTCGC,Basal
hMG2,GCCATGGGTCATTCCC,L1
hMG2,GCCATGGGTGAGCTCC,L2
hMG2,GCCATGGGTGTTGACT,L2
hMG2,GCCATGGTCATTGAGC,L1
hMG2,GCCATGGTCCTAACAG,L2
hMG2,GCCATTCAGTCTGGAG,L2
hMG2,GCCATTCCAATTGAGA,L2
hMG2,GCCATTCCACCGGTCA,L2
hMG2,GCCATTCGTATCACCA,L1
hMG2,GCCATTCGTATGAAGT,Basal
hMG2,GCCATTCGTCGTATGT,L1
hMG2,GCCATTCTCAATCGGT,Basal
hMG2,GCCATTCTCAGCGCGT,L2
hMG2,GCCATTCTCCAGTTCC,Basal
hMG2,GCCATTCTCCTTCTGG,Basal
hMG2,GCCATTCTCTGCACCT,Basal
hMG2,GCCCAGAAGGGTCAAC,L2
hMG2,GCCCAGACAAGGACAC,Basal
hMG2,GCCCAGACACAAGCAG,L1
hMG2,GCCCAGACATCCGAGC,L1
hMG2,GCCCAGAGTCATCGGC,L1
hMG2,GCCCAGATCAAGTGTC,L2
hMG2,GCCCAGATCCGCGGAT,Basal
hMG2,GCCCGAAAGGAAAGGT,L1
hMG2,GCCCGAAAGGTGCCAA,Basal
hMG2,GCCCGAACAGACCTAT,L2
hMG2,GCCCGAAGTCGGTGTC,L2
hMG2,GCCCGAATCGTTCCTG,L2
hMG2,GCCCGAATCTAGAGCT,L1
hMG2,GCCGATGAGGTAGTCG,L2
hMG2,GCCGATGAGGTATAGT,L1
hMG2,GCCGATGCACGAAAGC,L2
hMG2,GCCGATGCAGTCGCTG,L2
hMG2,GCCGATGGTAGTCACT,L2
hMG2,GCCGTGAAGATGAATC,L2
hMG2,GCCGTGACAAGACCTT,L2
hMG2,GCCGTGACAAGGTACG,L2
hMG2,GCCGTGACACAACCGC,L2
hMG2,GCCGTGACACATAACC,L2
hMG2,GCCGTGACATACCACA,Basal
hMG2,GCCGTGAGTCTCCCTA,L2
hMG2,GCCGTGAGTTCAGGTT,L2
hMG2,GCCGTGATCAACTTTC,L1
hMG2,GCCTGTTAGGACAAGA,Basal
hMG2,GCCTGTTAGTCTAGAA,L1
hMG2,GCCTGTTGTGGTTTAC,L1
hMG2,GCCTGTTTCGATGGAG,Basal
hMG2,GCCTGTTTCGCAGTTA,L1
hMG2,GCGAGAAAGCATGAAT,Basal
hMG2,GCGAGAAAGCTTTCCC,L1
hMG2,GCGAGAAAGTTGTAGA,L2
hMG2,GCGAGAACAACCTATG,L1
hMG2,GCGAGAAGTAGCTGTT,L2
hMG2,GCGAGAAGTATAATGG,L2
hMG2,GCGAGAAGTTAGAAAC,L1
hMG2,GCGAGAATCGCACGAC,L1
hMG2,GCGAGAATCGGACTTA,L1
hMG2,GCGATCGCAACTCCAA,L1
hMG2,GCGATCGCACTCCGGA,L2
hMG2,GCGATCGGTAGGAGGG,L1
hMG2,GCGATCGGTGGTTCTA,L2
hMG2,GCGATCGTCAGTCACA,L2
hMG2,GCGATCGTCCTTCTTC,Basal
hMG2,GCGATCGTCGAGTCCG,Basal
hMG2,GCGATCGTCTACGGGC,L1
hMG2,GCGATCGTCTGACCCT,L2
hMG2,GCGGAAAAGAGGCCAT,L1
hMG2,GCGGAAACAGTCAGCC,L1
hMG2,GCGGAAACAGTTACCA,L2
hMG2,GCGGAAATCATTGGTG,L2
hMG2,GCGGAAATCGTGTGAT,L2
hMG2,GCGGATCAGAGTCAAT,L2
hMG2,GCGGATCCAAAGCTCT,Basal
hMG2,GCGGATCGTAGCTGTT,L1
hMG2,GCGGATCTCTGCTAGA,L2
hMG2,GCGTGCAAGCACCAGA,Basal
hMG2,GCGTGCAAGGCATGCA,L2
hMG2,GCGTGCAAGGTGGTTG,L2
hMG2,GCGTGCAAGTCGTCTA,Basal
hMG2,GCGTGCACAACCGTAT,L1
hMG2,GCGTGCACAGGCACAA,L1
hMG2,GCGTGCACATCGCTCT,Basal
hMG2,GCGTGCAGTCAAGCGA,L2
hMG2,GCGTGCAGTCATAGTC,Basal
hMG2,GCGTGCAGTGCCGGTT,L1
hMG2,GCGTGCAGTTGTCTAG,L2
hMG2,GCGTGCATCTGGCCGA,L2
hMG2,GCGTTTCAGCAGGGAG,Basal
hMG2,GCGTTTCAGGCCCACT,L1
hMG2,GCGTTTCAGGCGAACT,L1
hMG2,GCGTTTCCACAAACGG,Basal
hMG2,GCGTTTCCAGAATCGG,L2
hMG2,GCGTTTCGTTAGAGTA,L1
hMG2,GCTACAAAGAAGGCTC,L2
hMG2,GCTACAACAAGAGTAT,L2
hMG2,GCTACAACATGGCTGC,L2
hMG2,GCTACAATCAGTAGGG,L2
hMG2,GCTACCTAGCACTCTA,L2
hMG2,GCTACCTGTTATAGAG,Basal
hMG2,GCTACCTTCTGCCCTA,L2
hMG2,GCTCAAAAGAAACCAT,L1
hMG2,GCTCAAAAGAACGTGC,L1
hMG2,GCTCAAAAGATGCAGC,L1
hMG2,GCTCAAAAGCAAGTCG,L1
hMG2,GCTCAAAAGCAGGCAT,L1
hMG2,GCTCAAAAGCGTACAG,L1
hMG2,GCTCAAACAAGGTTGG,L2
hMG2,GCTCAAACAATCTCGA,L2
hMG2,GCTCAAATCTCTATGT,L2
hMG2,GCTGAATAGAAGGGAT,Basal
hMG2,GCTGAATCACCTAAAC,L2
hMG2,GCTGAATCAGAGCTAG,L1
hMG2,GCTGAATGTCAGCTTA,L2
hMG2,GCTGAATGTCCTCCTA,L2
hMG2,GCTGAATTCATTTGCT,L1
hMG2,GCTGAATTCGTTCTGC,L1
hMG2,GCTGAATTCTCCAATT,L2
hMG2,GCTGCAGAGCACAAAT,L2
hMG2,GCTGCAGTCACAAGAA,Basal
hMG2,GCTGCAGTCTAGCAAC,L2
hMG2,GCTGGGTAGATGCTGG,L1
hMG2,GCTGGGTAGCTAGTTC,Basal
hMG2,GCTGGGTCATTGTCGA,Basal
hMG2,GCTGGGTGTGAGTCAG,L2
hMG2,GCTGGGTGTTCAAGGG,L1
hMG2,GCTGGGTTCACCGGGT,L2
hMG2,GCTGGGTTCGATACAC,L2
hMG2,GCTGGGTTCGCTAGCG,L2
hMG2,GCTTCACAGCATTTCG,L2
hMG2,GCTTCACAGGAATGTT,Basal
hMG2,GCTTCACCATCGGTTA,L2
hMG2,GCTTCACGTAAGGCTG,Basal
hMG2,GCTTCACGTCTACGAT,Basal
hMG2,GCTTCACGTGCCTGCA,Basal
hMG2,GCTTCACGTGTAGTGG,L2
hMG2,GCTTCACTCACCCTCA,Basal
hMG2,GCTTCACTCTGAATCG,L2
hMG2,GCTTGGGAGCGTGCTC,L2
hMG2,GCTTGGGGTCGAGCTC,L2
hMG2,GCTTGGGGTTCTCGTC,Basal
hMG2,GCTTGGGTCGCCACTT,L2
hMG2,GCTTTCGAGAGTCACG,L2
hMG2,GCTTTCGAGATCGACG,Basal
hMG2,GCTTTCGAGGCCACTC,L1
hMG2,GCTTTCGGTTAGTTCG,Basal
hMG2,GGAACCCAGAGATGCC,Basal
hMG2,GGAACCCAGGTGAGCT,L1
hMG2,GGAACCCAGTGCCGAA,L1
hMG2,GGAACCCCACTTGAAC,Basal
hMG2,GGAACCCCAGTTTGGT,L1
hMG2,GGAACCCGTTGCATAC,Basal
hMG2,GGAAGTGCAATGTTGC,L1
hMG2,GGAAGTGCACACAGCC,L1
hMG2,GGAAGTGCACGTTGGC,L2
hMG2,GGAAGTGGTACGCGTC,L2
hMG2,GGAAGTGTCGAAGGAC,Basal
hMG2,GGAAGTGTCTATGTGG,L1
hMG2,GGAAGTGTCTGCCTCA,L2
hMG2,GGAATCTAGACTAGAT,L1
hMG2,GGAATCTAGATTACCC,L1
hMG2,GGAATCTAGCGCAATG,L1
hMG2,GGAATCTAGGTCTTTG,L2
hMG2,GGAATCTCATATCTCT,L2
hMG2,GGAATCTGTCGAACGA,L1
hMG2,GGAATCTGTTGTTGTG,L1
hMG2,GGAATCTTCGTCGGGT,L1
hMG2,GGAATGGAGATCCTAC,L2
hMG2,GGAATGGAGTTTCAGC,L2
hMG2,GGAATGGCAGAATCGG,Basal
hMG2,GGAATGGCATCAGTCA,L2
hMG2,GGAATGGGTCACTCGG,Basal
hMG2,GGAATGGTCCATTGCC,L1
hMG2,GGACGTCCAGCTATAC,Basal
hMG2,GGACGTCCAGTAGATA,L2
hMG2,GGACGTCCATGCAGCC,Basal
hMG2,GGACGTCGTAAGATCA,Basal
hMG2,GGACGTCGTGATGAAT,L2
hMG2,GGACGTCTCCGCACGA,L2
hMG2,GGACGTCTCCGTGGGT,Basal
hMG2,GGACGTCTCGTTGTGA,L2
hMG2,GGAGAACAGGGTGAAA,Basal
hMG2,GGAGAACAGGGTGGGA,L1
hMG2,GGAGAACCACCCTATC,L2
hMG2,GGAGAACCACTGCGTG,L1
hMG2,GGAGAACCATCCTGTC,L2
hMG2,GGAGAACCATGAGAAT,L1
hMG2,GGAGAACCATTGAGGG,L1
hMG2,GGAGAACGTTCTCCCA,L2
hMG2,GGAGAACTCCTATTTG,Basal
hMG2,GGAGAACTCTCAAAGC,Basal
hMG2,GGAGATGAGCGCCTCA,L2
hMG2,GGAGATGAGGCGACAT,L1
hMG2,GGAGATGCAACGGGTA,L2
hMG2,GGAGATGCAGGGTCTC,L2
hMG2,GGAGATGGTTAGTCGT,Basal
hMG2,GGAGATGTCATACAGC,L2
hMG2,GGAGCAAAGAAACCAT,L2
hMG2,GGAGCAAAGCTAAATG,L2
hMG2,GGAGCAACAGCACCCA,L1
hMG2,GGAGCAACATACAGAA,L2
hMG2,GGAGCAAGTGGAAATT,L2
hMG2,GGAGCAATCAACTTTC,L2
hMG2,GGAGCAATCACTTTGT,Basal
hMG2,GGAGCAATCGCTACGG,Basal
hMG2,GGAGGATAGGGAGTTC,L1
hMG2,GGAGGATAGGTCACCC,L1
hMG2,GGAGGATAGTTAACAG,L2
hMG2,GGAGGATCAACTGCCG,Basal
hMG2,GGAGGATCACGGTAGA,L1
hMG2,GGAGGATGTAGGAAAG,L1
hMG2,GGAGGATGTATCTCTT,L1
hMG2,GGAGGATGTCACATTG,Basal
hMG2,GGAGGATTCCTTTGAT,L2
hMG2,GGAGGTAAGAGACAAG,L2
hMG2,GGAGGTAAGATACCAA,L1
hMG2,GGAGGTAAGCTGAAAT,L1
hMG2,GGAGGTAAGGACAAGA,L2
hMG2,GGAGGTAAGTAAACGT,L2
hMG2,GGAGGTACAGGTCCCA,Basal
hMG2,GGAGGTAGTATCTCTT,L1
hMG2,GGAGGTAGTCCAGTTA,L1
hMG2,GGAGGTAGTTGGATCT,L1
hMG2,GGAGGTATCCATCAGA,L2
hMG2,GGAGGTATCTCATGGA,L2
hMG2,GGATCTAAGTATGAAC,L1
hMG2,GGATCTACATTGCCTC,L1
hMG2,GGATCTAGTTAATGAG,L2
hMG2,GGATCTATCACCGCTT,L1
hMG2,GGATCTATCGCCTTGT,L2
hMG2,GGATGTTAGCCGTTAT,L2
hMG2,GGATGTTAGGCTTAGG,L1
hMG2,GGATGTTCAATAACCC,Basal
hMG2,GGATGTTCACTACCCT,L1
hMG2,GGATGTTCAGTCTCTC,Basal
hMG2,GGCACGTCATCCCGTT,Basal
hMG2,GGCACGTGTCTCCCTA,L2
hMG2,GGCACGTGTTACGTAC,Basal
hMG2,GGCACGTTCGTAATGC,L1
hMG2,GGCAGTCCACCCTTGT,Basal
hMG2,GGCAGTCGTACGATCT,Basal
hMG2,GGCAGTCTCACACCCT,L2
hMG2,GGCGTCAAGACGATAT,L2
hMG2,GGCGTCAAGAGGGTAA,Basal
hMG2,GGCGTCACAAGCTGTT,L2
hMG2,GGCGTCACAATGCTCA,Basal
hMG2,GGCGTCACAGTATACC,Basal
hMG2,GGCGTCAGTCGTAATC,L1
hMG2,GGCGTCAGTGCACAAG,L2
hMG2,GGCTGTGAGGCGCTTC,L1
hMG2,GGCTGTGCAAGCGGAT,Basal
hMG2,GGCTGTGCAGCTATAC,L1
hMG2,GGCTGTGGTAACAGTA,L2
hMG2,GGCTGTGGTAACGATA,L2
hMG2,GGCTGTGGTGAGTAAT,L1
hMG2,GGCTGTGGTGGCTGAA,L2
hMG2,GGCTTGGCAACCCGCA,L1
hMG2,GGCTTGGCACATTACG,L2
hMG2,GGCTTGGGTAACATCC,Basal
hMG2,GGCTTGGGTCGAGCTC,L2
hMG2,GGCTTGGGTTTATGCG,L1
hMG2,GGCTTTCAGGCAGTCA,Basal
hMG2,GGCTTTCCACATATCG,Basal
hMG2,GGCTTTCCACCAGTTA,Basal
hMG2,GGCTTTCCAGAATCGG,L1
hMG2,GGCTTTCGTAACAGGC,L2
hMG2,GGCTTTCGTAGTCACT,L2
hMG2,GGCTTTCGTCGGCTAC,L1
hMG2,GGCTTTCGTTTAGTCG,L2
hMG2,GGCTTTCTCGCCTTGT,L2
hMG2,GGGAAGTAGAAGTCAT,L2
hMG2,GGGAAGTCAACCTATG,Basal
hMG2,GGGAAGTGTACAAGCG,L2
hMG2,GGGAAGTGTATGAGAT,L2
hMG2,GGGAAGTGTCTGCCTT,Basal
hMG2,GGGAAGTGTTTAGAGA,L1
hMG2,GGGAAGTTCAGCGCAC,L2
hMG2,GGGAAGTTCGCATGAT,L2
hMG2,GGGACAACAGGAATCG,L2
hMG2,GGGACAACATCCGTTC,L1
hMG2,GGGACAAGTAACAGTA,L2
hMG2,GGGACAATCGATACTG,L1
hMG2,GGGACAATCTTGCAAG,Basal
hMG2,GGGACCTAGACCCTTA,Basal
hMG2,GGGACCTAGATGTAGT,L2
hMG2,GGGACCTCACTGGCCA,L2
hMG2,GGGACCTCAGTAGATA,L1
hMG2,GGGACCTCATAGACTC,L1
hMG2,GGGACCTTCCATAGGT,L2
hMG2,GGGACCTTCTTGGAAC,Basal
hMG2,GGGACTCAGAGTCAGC,L1
hMG2,GGGACTCAGATGTTGA,Basal
hMG2,GGGACTCAGCAGGCTA,L2
hMG2,GGGACTCAGCGTCAAG,L1
hMG2,GGGACTCCATCCTGTC,L2
hMG2,GGGACTCGTGAATTGA,Basal
hMG2,GGGACTCGTTGCTAGT,L1
hMG2,GGGAGATGTACACGTT,L1
hMG2,GGGAGATGTATAATGG,L2
hMG2,GGGAGATGTCCAATCA,L2
hMG2,GGGAGTAAGCTAATGA,L2
hMG2,GGGAGTACACATACGT,L2
hMG2,GGGAGTACAGCTACAT,L1
hMG2,GGGAGTACAGGGAATC,L1
hMG2,GGGAGTAGTAATGCGG,L2
hMG2,GGGAGTAGTCCTGGTG,L1
hMG2,GGGAGTAGTGTATCCA,L2
hMG2,GGGAGTAGTGTGCTTA,Basal
hMG2,GGGAGTATCACATACG,L1
hMG2,GGGAGTATCCTATTTG,Basal
hMG2,GGGAGTATCCTCTCGA,Basal
hMG2,GGGATCCAGACTAGAT,L2
hMG2,GGGATCCCACATGAAA,Basal
hMG2,GGGATCCCATAGGAGC,L2
hMG2,GGGATCCGTATGTCAC,L1
hMG2,GGGATCCGTCGCTTAA,Basal
hMG2,GGGATCCGTGATCGTT,L1
hMG2,GGGATCCTCTTACACT,L1
hMG2,GGGATGAAGATCACCT,L1
hMG2,GGGATGAAGCGTGAAC,Basal
hMG2,GGGATGAAGCTGAGCA,Basal
hMG2,GGGATGAAGTAATTGG,L1
hMG2,GGGATGAAGTACCCTA,L1
hMG2,GGGATGACAAGGTCTT,L1
hMG2,GGGATGACAGGAACCA,L1
hMG2,GGGATGAGTATGCTAC,L1
hMG2,GGGATGAGTGGTAACG,Basal
hMG2,GGGATGAGTTGGACCC,Basal
hMG2,GGGATGATCGTACCTC,L1
hMG2,GGGATGATCGTCTAAG,Basal
hMG2,GGGCCATAGCAGTACG,L1
hMG2,GGGCCATAGCGGCTCT,L2
hMG2,GGGCCATAGGCGCTCT,Basal
hMG2,GGGCCATAGTTGTCGT,Basal
hMG2,GGGCCATGTATCACGT,L1
hMG2,GGGCCATTCCATACAG,L1
hMG2,GGGCCATTCCCTAGGG,L2
hMG2,GGGCCATTCCTGTAAG,L2
hMG2,GGGCCATTCGCTATTT,L1
hMG2,GGGCGTTAGCGGACAT,L2
hMG2,GGGCGTTAGTAGCAAT,L2
hMG2,GGGCGTTGTCTTCATT,L2
hMG2,GGGCGTTGTGACTCTA,L2
hMG2,GGGCGTTGTGCCTATA,L1
hMG2,GGGCGTTTCATTTCGT,L2
hMG2,GGGCGTTTCGCTACAA,Basal
hMG2,GGGCTACCAAATAAGC,Basal
hMG2,GGGCTACCAACCGCTG,L2
hMG2,GGGCTACGTGCACGCT,Basal
hMG2,GGGCTACGTGCGACAA,Basal
hMG2,GGGCTACGTTCTGACA,Basal
hMG2,GGGCTACGTTGGGAAC,L2
hMG2,GGGCTACTCAAAGGAT,L1
hMG2,GGGCTACTCCACGGGT,L1
hMG2,GGGCTACTCGACCATA,L2
hMG2,GGGCTACTCTGCTAGA,L1
hMG2,GGGCTCAAGACAACAT,L1
hMG2,GGGCTCAAGAGCCATG,L2
hMG2,GGGCTCAAGCAATAGT,L2
hMG2,GGGCTCAAGGTATCTC,L2
hMG2,GGGCTCATCTGCGTCT,L1
hMG2,GGGTAGAAGAAACTAC,L2
hMG2,GGGTAGACACTGGATT,L1
hMG2,GGGTAGACAGTGAGCA,L2
hMG2,GGGTAGACATGCCGAC,Basal
hMG2,GGGTAGAGTGTATTCG,L2
hMG2,GGGTAGAGTTTGTGGT,Basal
hMG2,GGGTAGATCTCGCGTT,L1
hMG2,GGGTATTAGAAGTCCG,L2
hMG2,GGGTATTAGGCACGAT,Basal
hMG2,GGGTATTCACTACGGC,L1
hMG2,GGGTATTCATCGATCA,L2
hMG2,GGGTATTGTACCGGAA,L1
hMG2,GGGTATTGTTACGATC,L1
hMG2,GGGTATTTCGCTGCGA,Basal
hMG2,GGGTCACAGATTGCGG,Basal
hMG2,GGGTCACAGCATATGA,Basal
hMG2,GGGTCACAGGGCTGAT,L2
hMG2,GGGTCACCAAGTAGTA,L1
hMG2,GGGTCACCAATCCAGT,L1
hMG2,GGGTCACCAATGAAAC,L1
hMG2,GGGTCACCACAACGAG,Basal
hMG2,GGGTCACCACGATTCA,Basal
hMG2,GGGTCACTCTATTGTC,L2
hMG2,GGGTCTGAGTCTCGTA,Basal
hMG2,GGGTCTGCAGCAGATG,L2
hMG2,GGGTCTGGTTACACTG,L1
hMG2,GGGTCTGTCGATAACC,L1
hMG2,GGGTCTGTCTATCGTT,Basal
hMG2,GGGTGAAAGCGTCTGC,L2
hMG2,GGGTGAAAGTTAACAG,L2
hMG2,GGGTGAACACCTGTCT,L2
hMG2,GGGTGAACAGAGAATT,L2
hMG2,GGGTGAAGTGTCATGT,L1
hMG2,GGGTGAAGTTCATCGA,L2
hMG2,GGGTGAAGTTGCAAGG,L2
hMG2,GGGTGAAGTTGGATCT,L2
hMG2,GGGTGTCAGACGTCGA,Basal
hMG2,GGGTGTCAGCCACTCG,L1
hMG2,GGGTGTCCAAACTGCT,L2
hMG2,GGGTGTCCATGAGGGT,L2
hMG2,GGGTGTCGTACACTCA,L2
hMG2,GGGTGTCTCAGCTGAT,L2
hMG2,GGGTTATAGCCTCATA,Basal
hMG2,GGGTTATAGCGTCTGC,L1
hMG2,GGGTTATCAAGCCATT,Basal
hMG2,GGGTTATGTAATTGGA,Basal
hMG2,GGGTTATTCAAGATAG,L2
hMG2,GGGTTATTCAGCCTCT,L2
hMG2,GGGTTATTCCTAGCGG,L1
hMG2,GGGTTATTCGACCACG,L1
hMG2,GGGTTTAAGCTCGTGC,L1
hMG2,GGGTTTAGTACGGTTT,L2
hMG2,GGGTTTAGTAGATTAG,L1
hMG2,GGGTTTAGTCCGATCG,L2
hMG2,GGGTTTATCGACCCAG,L2
hMG2,GGTAACTAGAGAACCC,Basal
hMG2,GGTAACTAGAGAGTGA,L1
hMG2,GGTAACTGTATTGGCT,Basal
hMG2,GGTAACTTCACGGTCG,L2
hMG2,GGTAACTTCCTTATAC,L1
hMG2,GGTAACTTCGAGTGAG,Basal
hMG2,GGTAATCAGCACACCC,L2
hMG2,GGTAATCAGGCATCGA,Basal
hMG2,GGTAATCCACAACGTT,L1
hMG2,GGTAATCTCCGATAAC,Basal
hMG2,GGTAATCTCGTCCTCA,L2
hMG2,GGTAGAGAGCCGAATG,L2
hMG2,GGTAGAGAGGAGCTGT,L2
hMG2,GGTAGAGCAAGTGTCT,L2
hMG2,GGTAGAGCAGGATTCT,L2
hMG2,GGTAGAGGTCGATTCA,Basal
hMG2,GGTAGAGGTGGTTTGT,L2
hMG2,GGTAGAGGTTAAGACA,L1
hMG2,GGTAGAGGTTTCGTTT,Basal
hMG2,GGTAGAGTCTCCGAAA,Basal
hMG2,GGTCACGAGCTGTACT,L1
hMG2,GGTCACGAGGGCAGAG,L2
hMG2,GGTCACGCACCTGAAT,L1
hMG2,GGTCACGCAGAGTGTG,L1
hMG2,GGTCACGTCCTTATCA,L2
hMG2,GGTCACGTCTCCGAGG,L2
hMG2,GGTCTGGAGTCGCTAT,Basal
hMG2,GGTCTGGAGTGCACTT,L2
hMG2,GGTCTGGCAGCAAGAC,L1
hMG2,GGTCTGGCATCCTAAG,Basal
hMG2,GGTCTGGCATGAGAAT,L1
hMG2,GGTCTGGGTAGACAAT,L2
hMG2,GGTCTGGGTCATCGCG,L1
hMG2,GGTCTGGGTTCCTAGA,L2
hMG2,GGTGAAGAGGATACAT,L1
hMG2,GGTGAAGAGTGGCCTC,L1
hMG2,GGTGAAGCACAAAGCG,L2
hMG2,GGTGAAGCAGCTGGTC,L1
hMG2,GGTGAAGCAGTCAGAG,Basal
hMG2,GGTGAAGTCTCCTGTG,L1
hMG2,GGTGATTAGATGCCGA,Basal
hMG2,GGTGATTAGGCCCACT,Basal
hMG2,GGTGATTAGTTGAAAC,L2
hMG2,GGTGATTCAATACGAA,L1
hMG2,GGTGATTGTGATCATC,L2
hMG2,GGTGATTGTTCCTAGA,Basal
hMG2,GGTGATTTCAACTGGT,Basal
hMG2,GGTGGCTAGCAATAGT,Basal
hMG2,GGTGGCTCAAGTATAG,L2
hMG2,GGTGGCTCATAGGTAA,L1
hMG2,GGTGGCTCATGGATCT,L2
hMG2,GGTGGCTCATGTTACG,Basal
hMG2,GGTGGCTGTGGATTTC,L1
hMG2,GGTGGCTTCGCATTAG,Basal
hMG2,GGTGTCGCAAAGCACG,L2
hMG2,GGTGTCGCAACCGACC,Basal
hMG2,GGTGTCGCACACACGC,Basal
hMG2,GGTGTCGCACCAAAGG,Basal
hMG2,GGTGTCGGTACCTTCC,Basal
hMG2,GGTGTCGGTCTTGAGT,L2
hMG2,GGTGTCGGTGGAACCA,L1
hMG2,GGTGTCGGTTCTCCAC,Basal
hMG2,GGTGTTAAGCGAACTG,Basal
hMG2,GGTGTTACACATCCCT,L2
hMG2,GGTGTTACAGCTGAAG,L2
hMG2,GGTGTTAGTCTGTGTA,L1
hMG2,GGTGTTATCGTTTACT,L1
hMG2,GGTTAACAGCACCGAA,L1
hMG2,GGTTAACCAGGTCCCA,L2
hMG2,GGTTAACCATGAATCC,L2
hMG2,GGTTAACGTCACATTG,L2
hMG2,GGTTAACTCACACCGG,L2
hMG2,GGTTAACTCCGTGTGG,L2
hMG2,GGTTAACTCCTGTAGA,Basal
hMG2,GGTTCTCAGAGCCTGA,L1
hMG2,GGTTCTCAGAGGACTC,L1
hMG2,GGTTCTCAGGAGTATT,L1
hMG2,GGTTCTCCACTGTGAT,L2
hMG2,GGTTCTCGTACATACC,L1
hMG2,GGTTCTCGTCATCTAG,L1
hMG2,GGTTCTCGTTCGAACT,Basal
hMG2,GGTTCTCTCAAGCTGT,L2
hMG2,GGTTCTCTCCGTGGGT,Basal
hMG2,GGTTCTCTCGCCCAGA,L2
hMG2,GGTTCTCTCGGACAAG,L2
hMG2,GGTTCTCTCGGTCTGG,Basal
hMG2,GGTTGTAAGTTGCCTA,Basal
hMG2,GGTTGTACAACTGCCG,L1
hMG2,GGTTGTAGTACTGCCG,L2
hMG2,GGTTGTAGTCACTAGT,L1
hMG2,GGTTGTAGTTGCACGC,L2
hMG2,GGTTGTATCCCGAGTG,L1
hMG2,GTAACACCAAGTGTCT,Basal
hMG2,GTAACACCACCCGTAG,L1
hMG2,GTAACACCAGAAATCA,L2
hMG2,GTAACACTCATATGGC,L1
hMG2,GTAACACTCCTGGGTG,L1
hMG2,GTAACCAAGTACTGTC,Basal
hMG2,GTAACCACATCAGCAT,L2
hMG2,GTAACCAGTAGGACCA,L1
hMG2,GTAACCATCAACGAGG,L2
hMG2,GTAACCATCATGCCAA,L1
hMG2,GTAAGTCCACCAGACC,L2
hMG2,GTAAGTCCACGGGTAA,L1
hMG2,GTAAGTCGTAGTCCTA,L1
hMG2,GTAAGTCGTTAAGGGC,L2
hMG2,GTAAGTCTCTCTGCCA,L2
hMG2,GTAATCGAGACGCATG,L1
hMG2,GTAATCGAGGTTAAAC,L2
hMG2,GTAATCGCAAGAGTGC,L2
hMG2,GTAATCGCATATGGCT,Basal
hMG2,GTAATCGCATTGAAAG,Basal
hMG2,GTAATCGTCACCTTAT,L2
hMG2,GTAATGCAGTCTAGAA,L1
hMG2,GTAATGCAGTGCCCGT,Basal
hMG2,GTAATGCCACAAGCTT,L2
hMG2,GTAATGCGTCACCACG,Basal
hMG2,GTAATGCTCCCGATCT,L1
hMG2,GTAATGCTCGTGGCGT,L2
hMG2,GTAATGCTCTCGGTAA,Basal
hMG2,GTACAACCAGAAGCTG,L2
hMG2,GTACAACCAGGCATGA,L1
hMG2,GTACAACGTCAAAGAT,L2
hMG2,GTACAACTCTCGTTTA,L1
hMG2,GTACAACTCTTGAACG,L2
hMG2,GTACAGTAGAAAGTCT,L1
hMG2,GTACAGTAGATTCGAA,Basal
hMG2,GTACAGTCATCGCCTT,Basal
hMG2,GTACAGTGTTGAATCC,L2
hMG2,GTACAGTTCACGAGGA,L1
hMG2,GTACAGTTCGCCTCTA,L2
hMG2,GTACAGTTCTATTTCG,L2
hMG2,GTAGAAAAGCGCCTTG,L2
hMG2,GTAGAAAAGGATACAT,L1
hMG2,GTAGAAAAGGTGGGTT,L2
hMG2,GTAGAAAAGTCAGCGA,L1
hMG2,GTAGAAAGTCGGCTAC,Basal
hMG2,GTAGAAAGTCTATGAC,L1
hMG2,GTAGAAATCAGTGATC,L2
hMG2,GTAGAGGAGCTCGGCT,L2
hMG2,GTAGAGGAGTCCCAAT,Basal
hMG2,GTAGAGGAGTTTAGGA,Basal
hMG2,GTAGAGGCACTGTCGG,L2
hMG2,GTAGAGGGTGTGCTTA,L2
hMG2,GTAGAGGTCTGGCTGG,L2
hMG2,GTAGATCAGAATGTTG,L2
hMG2,GTAGATCAGAGGCTGT,L2
hMG2,GTAGATCAGATCGCTT,L1
hMG2,GTAGATCAGGCCTAGA,L1
hMG2,GTAGATCCAAGATCCT,L1
hMG2,GTAGATCCATCTAGAC,L2
hMG2,GTAGATCGTAACATCC,L2
hMG2,GTAGATCGTCATTCCC,L2
hMG2,GTAGATCTCCGTGCGA,L2
hMG2,GTAGATCTCTCCTGAC,Basal
hMG2,GTAGATCTCTGCTTAT,L2
hMG2,GTAGCTAAGACGACTG,Basal
hMG2,GTAGCTACAATACGCT,Basal
hMG2,GTAGCTACACGGCGTT,L1
hMG2,GTAGCTACACTTGGGC,L2
hMG2,GTAGCTAGTCTTGCTC,Basal
hMG2,GTAGCTATCGATACGT,L1
hMG2,GTAGCTATCTCCGCAT,L2
hMG2,GTAGCTATCTGTGCAA,L2
hMG2,GTAGGAGCAACTGATC,L2
hMG2,GTAGGAGGTAAGTCAA,L1
hMG2,GTAGGAGGTACAGTTC,L2
hMG2,GTAGGAGTCCAGCAAT,L2
hMG2,GTAGGAGTCCGCAAAT,L1
hMG2,GTAGGAGTCCTATTGT,L1
hMG2,GTAGGTTAGCTTGTGT,L1
hMG2,GTAGGTTCAGAAACCG,L1
hMG2,GTAGGTTGTAACATCC,L2
hMG2,GTAGGTTTCAAGCCAT,Basal
hMG2,GTAGGTTTCTCCAATT,Basal
hMG2,GTAGGTTTCTTTGCAT,L2
hMG2,GTAGTACCACCGTGCA,L2
hMG2,GTAGTACCAGGCGAAT,L1
hMG2,GTAGTACGTCATACCA,L2
hMG2,GTAGTACTCACCTGGG,Basal
hMG2,GTATTGGAGCTCGTGC,L2
hMG2,GTATTGGAGTGGCAGT,Basal
hMG2,GTATTGGAGTGGTTAA,L2
hMG2,GTATTGGAGTTCGCAT,L2
hMG2,GTATTGGGTAGCCCTG,Basal
hMG2,GTATTGGGTCAACCTA,L2
hMG2,GTATTGGGTCACTTAG,L1
hMG2,GTATTGGTCACTACGA,Basal
hMG2,GTATTGGTCGCCGAGT,L1
hMG2,GTATTGGTCGTTGTGA,L2
hMG2,GTATTTCAGTCACGAG,L1
hMG2,GTATTTCAGTCTTCGA,L2
hMG2,GTATTTCAGTTGCTGT,L1
hMG2,GTATTTCCATCCCACT,L2
hMG2,GTATTTCGTCAGGTAG,L1
hMG2,GTATTTCTCACTTGTT,L1
hMG2,GTATTTCTCATGTCTT,L2
hMG2,GTATTTCTCGAAGGAC,Basal
hMG2,GTCAAACAGAGTCCGA,L2
hMG2,GTCAAACCACGACCTG,L2
hMG2,GTCAAACCATAAGATG,L1
hMG2,GTCAAACCATGTAACC,Basal
hMG2,GTCAAACGTAGCCAGA,L2
hMG2,GTCAAACGTGACTAAA,Basal
hMG2,GTCAAACTCGGAGTGA,L2
hMG2,GTCAAGTAGAATTGCA,L2
hMG2,GTCAAGTCAAATGGAT,L1
hMG2,GTCAAGTCACATGAAA,L1
hMG2,GTCAAGTCACTCCTGT,Basal
hMG2,GTCAAGTGTAACTGCT,L1
hMG2,GTCAAGTTCATCACAG,L2
hMG2,GTCAAGTTCATTTGGG,L2
hMG2,GTCACGGAGAAAGCGA,Basal
hMG2,GTCACGGAGAATACAC,L2
hMG2,GTCACGGAGGTATCTC,L1
hMG2,GTCACGGCACCGGAAA,L1
hMG2,GTCACGGCACGGGTAA,L2
hMG2,GTCACGGCATGACTAC,L2
hMG2,GTCACGGGTGGATCAG,L2
hMG2,GTCACGGTCGCAACAT,L1
hMG2,GTCACTCAGACTAAGT,Basal
hMG2,GTCACTCAGATTAGAC,L1
hMG2,GTCACTCAGCGACAGT,L2
hMG2,GTCACTCAGCGCCTTG,L2
hMG2,GTCACTCAGGCATCGA,L1
hMG2,GTCACTCAGTCTGGTT,L1
hMG2,GTCACTCAGTTACTCG,Basal
hMG2,GTCACTCCAGAGACTG,L2
hMG2,GTCACTCTCATCACCC,L1
hMG2,GTCACTCTCATTACGG,L1
hMG2,GTCACTCTCCTCTCGA,L1
hMG2,GTCACTCTCGGCATCG,Basal
hMG2,GTCAGCGAGACCGTTT,L1
hMG2,GTCAGCGAGCAGTCTT,L1
hMG2,GTCAGCGTCTAGATCG,Basal
hMG2,GTCAGCGTCTCTCGCA,L2
hMG2,GTCATCCAGATGGTCG,Basal
hMG2,GTCATCCAGGATGTTA,L1
hMG2,GTCATCCCAGAACATA,L2
hMG2,GTCATCCCAGTAGTTC,L2
hMG2,GTCATGAAGACATAAC,L2
hMG2,GTCATGACACGACAAG,Basal
hMG2,GTCATGACACGGCGTT,L1
hMG2,GTCATGATCCCATTCG,Basal
hMG2,GTCATGATCGTGCACG,L1
hMG2,GTCATTTCAGTGGTGA,L1
hMG2,GTCATTTCATCGCCTT,Basal
hMG2,GTCATTTGTATTCCTT,Basal
hMG2,GTCATTTGTGGCATCC,L2
hMG2,GTCATTTTCACGATAC,L1
hMG2,GTCCACTAGAAGCTCG,L1
hMG2,GTCCACTAGCCATCCG,L2
hMG2,GTCCACTTCCGTCACT,L2
hMG2,GTCCACTTCCTGGCTT,Basal
hMG2,GTCCACTTCGATGCAT,L1
hMG2,GTCCACTTCGATTTCT,L2
hMG2,GTCCCATAGGGATCTG,L2
hMG2,GTCCCATCAGACAATA,Basal
hMG2,GTCCCATGTATGACAA,L2
hMG2,GTCCCATGTCCATAGT,Basal
hMG2,GTCCTCAAGTCATAGA,L2
hMG2,GTCCTCACAGAAGTTA,L2
hMG2,GTCCTCAGTCCTGTCT,L2
hMG2,GTCCTCAGTGTTTGCA,Basal
hMG2,GTCGAATAGTCCTGCG,Basal
hMG2,GTCGAATAGTGCGTCC,L1
hMG2,GTCGAATCACATGGTT,L1
hMG2,GTCGAATTCTATCACT,L2
hMG2,GTCGAATTCTTACACT,L2
hMG2,GTCGCGAAGTATTCCG,L1
hMG2,GTCGCGACAGTTAAAG,L2
hMG2,GTCGCGACATTGGATC,L2
hMG2,GTCGCGAGTACCAATC,L2
hMG2,GTCGCGAGTGATTCAC,L1
hMG2,GTCGCGAGTTCGGGTC,L2
hMG2,GTCGTAAAGCGCTTCG,L1
hMG2,GTCGTAAAGCTCCACG,Basal
hMG2,GTCGTAAAGGTGGTTG,L1
hMG2,GTCGTAAAGTCCGCCA,L1
hMG2,GTCGTAAGTCACAGTT,L1
hMG2,GTCGTAAGTGAGGATC,L1
hMG2,GTCGTAAGTTTCTTAC,L2
hMG2,GTCGTAATCATCACAG,Basal
hMG2,GTCGTTCAGACCAAAT,L1
hMG2,GTCGTTCCACAGTCAT,L1
hMG2,GTCGTTCCAGCAGAAC,L1
hMG2,GTCGTTCCAGCTGGTC,L2
hMG2,GTCGTTCCAGTCGCTG,L2
hMG2,GTCGTTCGTAAGCAAT,L1
hMG2,GTCGTTCGTTGAGTCT,L1
hMG2,GTCGTTCTCGCTCCTA,L2
hMG2,GTCTACCAGAAGCTGC,L2
hMG2,GTCTACCAGGACAACC,L1
hMG2,GTCTACCGTCCACTCT,L2
hMG2,GTCTACCTCAATCTCT,L2
hMG2,GTCTACCTCCTTTGAT,Basal
hMG2,GTCTACCTCGAGCACC,L1
hMG2,GTCTACCTCGGACGTC,L2
hMG2,GTCTACCTCGTGGCTG,Basal
hMG2,GTCTACCTCTCGGGAC,L2
hMG2,GTCTAGAAGAGTGACC,Basal
hMG2,GTCTAGAAGGTCCCTG,L1
hMG2,GTCTAGAAGTTCCAGT,L1
hMG2,GTCTAGAGTCCGCAGT,L1
hMG2,GTCTAGAGTTGGTAGG,Basal
hMG2,GTCTAGATCAGTGTTG,L2
hMG2,GTCTAGATCCACAAGT,L2
hMG2,GTCTAGATCGAACTCA,Basal
hMG2,GTCTCACCAACTGTGT,Basal
hMG2,GTCTCACGTTCGTAAC,Basal
hMG2,GTCTGTCAGGCCCAAA,L1
hMG2,GTCTGTCGTTCTATCT,L2
hMG2,GTCTGTCTCCTCTGCA,Basal
hMG2,GTCTTTAAGACCATGG,L1
hMG2,GTCTTTAAGGGAGGGT,Basal
hMG2,GTCTTTACAAGCACAG,L2
hMG2,GTCTTTAGTATTTCTC,L2
hMG2,GTCTTTAGTTACCTGA,L2
hMG2,GTGACGCTCGATTGAC,L2
hMG2,GTGAGCCAGACATCAA,L2
hMG2,GTGAGCCCACCAAATC,L1
hMG2,GTGAGCCCACTGATTG,L2
hMG2,GTGAGCCCAGGAATAT,L2
hMG2,GTGAGCCGTAGTGATA,L2
hMG2,GTGAGCCGTGGTCTGC,L2
hMG2,GTGAGCCTCATACGGT,L1
hMG2,GTGAGGAGTGGACCTC,L2
hMG2,GTGAGGATCATCGGGC,L1
hMG2,GTGAGGATCCCGAGAC,L2
hMG2,GTGAGGATCGGAACTT,L2
hMG2,GTGAGTTAGCCGCACT,L2
hMG2,GTGAGTTAGCCTATCA,L2
hMG2,GTGAGTTTCGCACGAC,L1
hMG2,GTGATGTCAGTTACCA,L2
hMG2,GTGATGTGTAACCCTA,L2
hMG2,GTGATGTGTGGATCGA,L1
hMG2,GTGATGTGTGTAGGAC,L1
hMG2,GTGATGTTCAACTGGT,L2
hMG2,GTGATGTTCTCTCCGA,Basal
hMG2,GTGCACGAGTAGGATT,Basal
hMG2,GTGCACGCAATAAGGT,Basal
hMG2,GTGCACGCACAACGTT,L2
hMG2,GTGCACGGTATTTCCT,Basal
hMG2,GTGCACGGTGCTCCGA,L2
hMG2,GTGCACGTCCTCACGT,L1
hMG2,GTGCACGTCTGCTAGA,L2
hMG2,GTGCAGCAGGTGCCTC,L1
hMG2,GTGCAGCAGTAATACG,L2
hMG2,GTGCAGCAGTTAGTAG,Basal
hMG2,GTGCAGCAGTTTGCTG,L2
hMG2,GTGCAGCCACCCTATC,L2
hMG2,GTGCAGCCACGCGTGT,L2
hMG2,GTGCAGCCAGCCTATA,Basal
hMG2,GTGCAGCGTGACACAG,Basal
hMG2,GTGCAGCTCAATCGGT,L1
hMG2,GTGCGTGAGCTGCGAA,Basal
hMG2,GTGCGTGCAAGGCTTT,L2
hMG2,GTGCGTGCATATTCGG,L2
hMG2,GTGCGTGCATCCAACA,Basal
hMG2,GTGCGTGGTGACTGTT,L2
hMG2,GTGCGTGGTGCTAGCC,L1
hMG2,GTGCGTGTCTGCGGGT,L2
hMG2,GTGCTGGAGCCATATC,L2
hMG2,GTGCTGGAGTTCACTG,L1
hMG2,GTGCTGGCACGTCATA,L1
hMG2,GTGCTGGCAGCGTTTA,L2
hMG2,GTGCTGGCAGGCACTC,L2
hMG2,GTGCTGGGTACGCGTC,L1
hMG2,GTGCTGGGTTGCATGT,L2
hMG2,GTGCTGGTCCAGCACG,Basal
hMG2,GTGCTTCCATTACTCT,L1
hMG2,GTGCTTCGTCGTACAT,L2
hMG2,GTGCTTCGTCTAACTG,L2
hMG2,GTGGAAGAGAGAGCCT,L2
hMG2,GTGGAAGAGGAGCTGT,L2
hMG2,GTGGAAGCAGATCCTA,L2
hMG2,GTGGAGAAGAAGTGTT,L2
hMG2,GTGGAGAAGCAGAAAG,L2
hMG2,GTGGAGAAGCCTTCTC,L1
hMG2,GTGGAGACAAGGCCTC,L2
hMG2,GTGGAGAGTAGGGTAC,L1
hMG2,GTGGAGAGTATACGGG,L1
hMG2,GTGGAGAGTGCAGGAT,Basal
hMG2,GTGGCGTAGGAGTATT,Basal
hMG2,GTGGCGTCAAAGGGTC,L2
hMG2,GTGGCGTCAACGTAAA,L1
hMG2,GTGGCGTCACATTCGA,Basal
hMG2,GTGGCGTGTCACAGTT,L2
hMG2,GTGGGAAAGTGTTCCA,L1
hMG2,GTGGGAACAAGGCTTT,L2
hMG2,GTGGGAACAGTCTACA,L2
hMG2,GTGGGAACATAGATGA,Basal
hMG2,GTGGGAAGTACAGTAA,L2
hMG2,GTGGGAAGTAGGCTGA,L2
hMG2,GTGGGAAGTATTGACC,L2
hMG2,GTGGGAATCCTACGAA,L1
hMG2,GTGGGAATCCTGTTGC,Basal
hMG2,GTGGTTAAGCAGTAAT,L1
hMG2,GTGGTTACAAATTAGG,Basal
hMG2,GTGGTTACATACCACA,Basal
hMG2,GTGGTTAGTATGCGGA,L1
hMG2,GTGGTTATCAAGCCGC,Basal
hMG2,GTGGTTATCAGGAAAT,L1
hMG2,GTGGTTATCAGTGGGA,L2
hMG2,GTGGTTATCATCCCGT,L1
hMG2,GTGTAACAGAGGTTAT,L1
hMG2,GTGTAACAGCAGGGAG,L1
hMG2,GTGTAACAGGTCACTT,Basal
hMG2,GTGTAACAGTAAACGT,L2
hMG2,GTGTAACCACACCTGG,L2
hMG2,GTGTAACCAGATTTCG,L2
hMG2,GTGTAACGTACAATAG,L2
hMG2,GTGTAACGTCTACACA,L2
hMG2,GTGTAACGTGGGTATG,L2
hMG2,GTGTAACGTTCTTGTT,L1
hMG2,GTGTCCTAGCGGTAGT,L1
hMG2,GTGTCCTAGGATGTTA,L2
hMG2,GTGTCCTAGTTGTCAC,L2
hMG2,GTGTCCTCACGATTCA,L1
hMG2,GTGTCCTCACGTAACT,Basal
hMG2,GTGTCCTCAGCACACC,Basal
hMG2,GTGTCCTCAGCTTCGG,L2
hMG2,GTGTCCTCATCGATCA,L1
hMG2,GTGTCCTGTAGTGCGA,L2
hMG2,GTGTCCTGTCACTCTC,L2
hMG2,GTGTCCTGTGCATGAG,L2
hMG2,GTGTCCTGTGGACTGA,L2
hMG2,GTGTCCTGTTAGCTAC,L2
hMG2,GTGTCCTTCTAGATCG,L2
hMG2,GTGTGATAGAGATTCA,L1
hMG2,GTGTGATAGCGAATGC,L1
hMG2,GTGTGATCAACCAATC,L2
hMG2,GTGTGATCACATTACG,Basal
hMG2,GTGTGATGTCCACGCA,L1
hMG2,GTGTGATGTGGCGCTT,Basal
hMG2,GTGTGATGTTCTGAGT,L2
hMG2,GTGTGATTCCCGAACG,Basal
hMG2,GTGTGGCAGGGTACAC,L2
hMG2,GTGTGGCAGTAGACCG,Basal
hMG2,GTGTGGCCAACCTAAC,L1
hMG2,GTGTGGCCATCGTGCG,Basal
hMG2,GTGTGGCCATTGTCGA,L2
hMG2,GTGTGGCGTATCACGT,L2
hMG2,GTGTGGCGTCAATGGG,Basal
hMG2,GTGTGGCTCGACATCA,Basal
hMG2,GTGTTAGAGACTCAAA,Basal
hMG2,GTGTTAGAGGGCCAAT,Basal
hMG2,GTGTTAGAGTGCCGAA,L2
hMG2,GTGTTAGAGTGGTTCT,Basal
hMG2,GTGTTAGCATGAAAGT,L2
hMG2,GTGTTAGGTACCCGAC,L1
hMG2,GTGTTAGGTCACCGCA,Basal
hMG2,GTGTTAGGTGCAGATG,L2
hMG2,GTGTTCCAGCAATAGT,L2
hMG2,GTGTTCCCATGACGGA,Basal
hMG2,GTGTTCCGTAACAAGT,L1
hMG2,GTGTTCCGTGCAAGAC,L2
hMG2,GTGTTCCGTGTATACC,Basal
hMG2,GTGTTCCGTTCGTAAC,L1
hMG2,GTGTTCCGTTGCCGCA,L1
hMG2,GTGTTCCTCAGCTCTC,L1
hMG2,GTGTTCCTCATCGCTC,L2
hMG2,GTTACAGAGAATTGTG,L2
hMG2,GTTACAGAGGCACTAG,L2
hMG2,GTTACAGCATAGAATG,L2
hMG2,GTTACAGTCACGGGCT,L2
hMG2,GTTACCCAGACTAAGT,L2
hMG2,GTTACCCAGGGACCAT,Basal
hMG2,GTTACCCCAGCGTTTA,Basal
hMG2,GTTACCCGTATATGGA,L2
hMG2,GTTACCCGTCATAACC,L2
hMG2,GTTACCCGTGGGTCAA,Basal
hMG2,GTTACCCTCATTCTTG,L2
hMG2,GTTACCCTCCACCTGT,L1
hMG2,GTTACCCTCTGAATGC,L1
hMG2,GTTACCCTCTGCGATA,Basal
hMG2,GTTACGAAGTAGTGCG,L2
hMG2,GTTACGACACAGAGCA,L2
hMG2,GTTACGACAGCAGTTT,Basal
hMG2,GTTACGACAGTAACGG,L2
hMG2,GTTACGAGTAATGATG,L2
hMG2,GTTACGAGTGAGAGGG,L1
hMG2,GTTACGAGTGTCATCA,L1
hMG2,GTTACGAGTGTCGATT,Basal
hMG2,GTTACGAGTGTTAACC,L2
hMG2,GTTACGAGTTGCGTAT,L2
hMG2,GTTACGATCGGCCTTT,L1
hMG2,GTTAGACAGGCTGAAC,L2
hMG2,GTTAGACAGGTGCCAA,Basal
hMG2,GTTAGACAGTAACAGT,L2
hMG2,GTTAGACCACACCGCA,L2
hMG2,GTTAGACGTCTTGCTC,L2
hMG2,GTTAGACGTGAGTGAC,L2
hMG2,GTTAGACGTGATCGTT,L1
hMG2,GTTAGACGTGTCCGTG,L2
hMG2,GTTAGACGTTGCTGAT,L2
hMG2,GTTAGACTCACCGGTG,L2
hMG2,GTTAGACTCGACACCG,Basal
hMG2,GTTAGTGAGCCTATCA,Basal
hMG2,GTTAGTGCATAACGGG,L2
hMG2,GTTAGTGCATTGAGGG,L1
hMG2,GTTAGTGGTCTGCAAT,L2
hMG2,GTTAGTGGTTGCACGC,L2
hMG2,GTTAGTGTCTAACACG,Basal
hMG2,GTTATGGCACCAGGTC,Basal
hMG2,GTTATGGCACCGTACG,Basal
hMG2,GTTATGGCATACGCAT,L2
hMG2,GTTATGGGTCTCAGGC,Basal
hMG2,GTTATGGTCATTTGCT,L2
hMG2,GTTATGGTCCACCTGT,L1
hMG2,GTTATGGTCCATAGGT,L1
hMG2,GTTCATTAGATAGCAT,Basal
hMG2,GTTCATTAGGATACCG,L1
hMG2,GTTCATTAGTATTCCG,L1
hMG2,GTTCATTGTACGAGCA,Basal
hMG2,GTTCATTGTTCTCCTG,L2
hMG2,GTTCATTTCCAAGCCG,L2
hMG2,GTTCATTTCGCAGTTA,L2
hMG2,GTTCATTTCGCATTGA,Basal
hMG2,GTTCATTTCTGCCTCA,L2
hMG2,GTTCCGTAGACATGCG,L1
hMG2,GTTCCGTCAGATTTCG,Basal
hMG2,GTTCCGTGTCTGTAAC,L1
hMG2,GTTCCGTTCCGAGAAG,L1
hMG2,GTTCCGTTCGATTGGT,Basal
hMG2,GTTCGCTAGCACACCC,L2
hMG2,GTTCGCTAGTAAATGC,Basal
hMG2,GTTCGCTCACACGCCA,Basal
hMG2,GTTCGCTCACCTAAAC,L1
hMG2,GTTCGCTCACGACGAA,L2
hMG2,GTTCGCTTCATCTCTA,L1
hMG2,GTTCGCTTCCAAGCTA,L2
hMG2,GTTCGCTTCCCGAGAC,L2
hMG2,GTTCGCTTCTGAGGTT,Basal
hMG2,GTTCTATAGCCGTTAT,L2
hMG2,GTTCTATAGCGTTGTT,Basal
hMG2,GTTCTATAGTAATTGG,L2
hMG2,GTTCTATCATCTGTTT,L2
hMG2,GTTCTATCATGACAAA,Basal
hMG2,GTTCTATGTAACAGGC,L2
hMG2,GTTCTATTCACTGATG,L1
hMG2,GTTGAACAGATGCGAC,L2
hMG2,GTTGAACCATTGCTGA,L1
hMG2,GTTGAACGTATAATGG,Basal
hMG2,GTTGAACGTCCACACG,L1
hMG2,GTTGAACTCGTCACCT,Basal
hMG2,GTTGCGGGTCCACTCT,Basal
hMG2,GTTGCGGGTCTAGGCC,L2
hMG2,GTTGCTCAGACCATAA,L1
hMG2,GTTGCTCAGGCCTTGC,L1
hMG2,GTTGCTCAGTTGAAAC,L2
hMG2,GTTGCTCCACTCCTTG,Basal
hMG2,GTTGCTCGTAATCAGA,Basal
hMG2,GTTGCTCGTAGGTTTC,L1
hMG2,GTTGCTCGTTCTCTAT,Basal
hMG2,GTTGTAGAGCGTTGTT,L1
hMG2,GTTGTAGAGTGCGCTC,L2
hMG2,GTTGTAGCAAACAGGC,L1
hMG2,GTTGTAGCAGGACAGT,L1
hMG2,GTTGTAGCAGTCTACA,L1
hMG2,GTTGTAGGTAACCCTA,L1
hMG2,GTTGTAGGTCACCTTC,L2
hMG2,GTTGTCCCAAATCAAG,L1
hMG2,GTTGTCCCACCAGTTA,L2
hMG2,GTTGTCCCAGTAGGAC,L1
hMG2,GTTGTCCCATCCGGCA,L1
hMG2,GTTGTCCGTGATGGCA,Basal
hMG2,GTTGTCCTCTGCAGCG,Basal
hMG2,GTTGTGAAGCGAATGC,L2
hMG2,GTTGTGAAGGTTCTAC,L2
hMG2,GTTGTGACATAACTCG,L2
hMG2,GTTGTGAGTTGTGCCG,Basal
hMG2,GTTGTGATCGTGGCTG,L2
hMG2,GTTTACTAGAGTGTGC,Basal
hMG2,GTTTACTAGGACAGCT,Basal
hMG2,GTTTACTCAGCGGTCT,L1
hMG2,GTTTACTGTAGGCTGA,Basal
hMG2,GTTTACTGTGGAGGTT,L2
hMG2,GTTTACTGTTATCTGG,L1
hMG2,GTTTACTTCGCTGTTC,L1
hMG2,GTTTGGACACTCTGCT,L1
hMG2,GTTTGGAGTAGGGAGG,Basal
hMG2,GTTTGGAGTATCCTCC,L1
hMG2,GTTTGGAGTGCGTGCT,Basal
hMG2,GTTTGGAGTTGCTCCT,Basal
hMG2,GTTTGGATCACCCTGT,L2
hMG2,GTTTGGATCTAGCCTC,Basal
hMG2,TAACACGAGATTGGGC,L2
hMG2,TAACACGAGTTGGAGC,L1
hMG2,TAACACGGTACCTATG,L1
hMG2,TAACACGGTCACCTTC,L2
hMG2,TAACACGGTCGGATTT,L1
hMG2,TAACACGGTTTGAAAG,L2
hMG2,TAACACGGTTTGGGAG,L2
hMG2,TAACACGTCATGAGTC,L1
hMG2,TAACACGTCGATACAC,Basal
hMG2,TAACACGTCTCGCTCA,L2
hMG2,TAACCAGAGCGACAGT,L2
hMG2,TAACCAGCAAATGCGG,L1
hMG2,TAACCAGCAATGAGCG,Basal
hMG2,TAACCAGGTTAGTTCG,L2
hMG2,TAACCAGGTTGCCTAA,L2
hMG2,TAACCAGTCGAGTACT,L2
hMG2,TAACCAGTCTCTAGGA,L2
hMG2,TAACGACAGGGATCTG,L1
hMG2,TAACGACGTCGAAGCA,L2
hMG2,TAACGACGTGCTCTTC,L2
hMG2,TAACGACGTTCCAAAC,Basal
hMG2,TAACTTCAGGAAGTCC,L2
hMG2,TAACTTCCAACTTCTT,L2
hMG2,TAACTTCCACGACAGA,L1
hMG2,TAACTTCCAGCATGCC,L1
hMG2,TAACTTCCATCGCTCT,Basal
hMG2,TAACTTCGTTGAGTCT,L2
hMG2,TAACTTCTCAAAGGTA,Basal
hMG2,TAACTTCTCTGAACGT,L1
hMG2,TAACTTCTCTGACGCG,L1
hMG2,TAACTTCTCTGTGCTC,L2
hMG2,TAAGCACAGATGGTCG,L2
hMG2,TAAGCACAGCTCCACG,Basal
hMG2,TAAGCACCACACCTGG,Basal
hMG2,TAAGCACGTAGCTCGC,L2
hMG2,TAAGCACGTGCGGTAA,L1
hMG2,TAAGCACTCGACCCAG,Basal
hMG2,TAAGCCAAGAAATGGG,Basal
hMG2,TAAGCCAAGCACTCCG,L2
hMG2,TAAGCCAAGTAAGCAT,L1
hMG2,TAAGCCAAGTTGTACC,L2
hMG2,TAAGCCACATGAAGCG,Basal
hMG2,TAAGCCAGTAGGAGGG,Basal
hMG2,TAAGCCAGTCAGTCCG,L2
hMG2,TAAGCCAGTCCGATCG,L2
hMG2,TAAGCCATCTTCCTAA,Basal
hMG2,TAAGCGTAGCCATGCC,L2
hMG2,TAAGCGTAGTCTGGTT,Basal
hMG2,TAAGCGTGTCTGCATA,L1
hMG2,TAAGCGTTCAAGTCTG,L2
hMG2,TAAGCGTTCATCGTAG,L2
hMG2,TAAGTCGAGCATGTTC,Basal
hMG2,TAAGTCGAGCCGTCGT,L2
hMG2,TAAGTCGAGGTACAAT,Basal
hMG2,TAAGTCGAGGTAGGCT,L1
hMG2,TAAGTCGAGTATAACG,L2
hMG2,TAAGTCGAGTCACTGT,L2
hMG2,TAAGTCGTCTTAGCTT,L2
hMG2,TAATCTCAGAGTCTTC,L1
hMG2,TAATCTCAGCATGATA,L1
hMG2,TAATCTCCACCAGGTC,L2
hMG2,TAATCTCCACGAAAGC,L1
hMG2,TAATCTCCAGGTGAGT,Basal
hMG2,TAATCTCCATTGACAC,Basal
hMG2,TAATCTCGTAGCTTTG,L2
hMG2,TAATCTCGTTCCGTTC,L1
hMG2,TAATCTCTCAAGGTGG,L2
hMG2,TAATTCCAGCCTGGAA,L2
hMG2,TAATTCCAGGCCTTCG,L1
hMG2,TAATTCCAGTAAAGCT,L2
hMG2,TAATTCCAGTGATCGG,L1
hMG2,TAATTCCCAATTGCCA,L1
hMG2,TAATTCCGTAACAGTA,L2
hMG2,TAATTCCGTACAGTAA,L2
hMG2,TAATTCCGTATTGCCA,L1
hMG2,TAATTCCGTCATTCCC,L1
hMG2,TAATTCCTCACCACAA,Basal
hMG2,TAATTCCTCGGTAAGG,L2
hMG2,TAATTCCTCGTTAGTG,L2
hMG2,TACAACGCAGCGGTCT,L1
hMG2,TACAACGCAGCGTTGC,Basal
hMG2,TACAACGGTCTGCATA,L1
hMG2,TACAACGGTTTGCAGT,Basal
hMG2,TACACCCCATGGCTAT,Basal
hMG2,TACACCCGTGTCTTCC,L2
hMG2,TACAGGTCAACCGTGC,Basal
hMG2,TACAGGTCACGCGTCA,L2
hMG2,TACAGGTCAGAACATA,L1
hMG2,TACAGGTCAGCACAGA,Basal
hMG2,TACAGGTGTGCCTTTC,Basal
hMG2,TACAGGTTCTGTACAG,L2
hMG2,TACATTCAGGACAGTC,L2
hMG2,TACATTCAGTGTTGAA,L1
hMG2,TACATTCCAGCAGTCC,Basal
hMG2,TACATTCCAGGCGTTC,L2
hMG2,TACATTCCATAACTCG,Basal
hMG2,TACATTCGTCTTACAG,L2
hMG2,TACCCACCAGTTTGGT,L1
hMG2,TACCCACGTCTTGTCC,Basal
hMG2,TACCCACGTTCGGTCG,Basal
hMG2,TACCCACTCCAGCCTT,L2
hMG2,TACCCGTAGACAGCGT,Basal
hMG2,TACCCGTAGGCACAAC,L2
hMG2,TACCCGTAGGGCTTCC,Basal
hMG2,TACCCGTAGGGTTTCT,L1
hMG2,TACCCGTGTCAGACGA,Basal
hMG2,TACCCGTGTGGAACAC,L2
hMG2,TACCCGTGTGGTCTCG,L1
hMG2,TACCCGTGTTGCGTAT,Basal
hMG2,TACCCGTGTTTGGGTT,Basal
hMG2,TACCCGTTCGAGAGCA,L2
hMG2,TACCGAAAGAGCAGCT,L2
hMG2,TACCGAACAGTCAACT,L1
hMG2,TACCGAAGTATCGAAA,Basal
hMG2,TACCGAAGTGTCTTGA,Basal
hMG2,TACCGGGCACAAATAG,L1
hMG2,TACCGGGCAGAGTGAC,Basal
hMG2,TACCGGGGTACGATTC,L2
hMG2,TACCGGGGTGAGTAGC,L1
hMG2,TACCGGGGTTGGGTAG,L1
hMG2,TACCGGGTCGCGGTAC,Basal
hMG2,TACCTCGAGAAGGTAG,L2
hMG2,TACCTCGAGGGAGATA,L1
hMG2,TACCTCGCAGATACCT,Basal
hMG2,TACCTCGCAGTCGTTA,L2
hMG2,TACCTCGGTTCGAACT,L1
hMG2,TACCTCGTCGTGCACG,L1
hMG2,TACCTCGTCTAACACG,L2
hMG2,TACCTGCAGGTCCCGT,Basal
hMG2,TACCTGCAGTCAGGGT,Basal
hMG2,TACCTGCAGTCGCGAA,L2
hMG2,TACCTGCAGTGTGTTC,L2
hMG2,TACCTGCCAATAGTGA,L2
hMG2,TACCTGCCACAAAGCG,L2
hMG2,TACCTGCCACCGAATT,Basal
hMG2,TACCTGCGTAAGATTG,L1
hMG2,TACCTGCGTATCGGTT,Basal
hMG2,TACCTGCTCTTACGTT,Basal
hMG2,TACCTGCTCTTGGTCC,L1
hMG2,TACGCTCAGAGGTTAT,L1
hMG2,TACGCTCAGCGACTGA,L2
hMG2,TACGCTCAGCGCACAA,L2
hMG2,TACGCTCAGTCACAGG,Basal
hMG2,TACGCTCAGTTAACAG,Basal
hMG2,TACGCTCCAAGACCGA,Basal
hMG2,TACGCTCCAGTGCGCT,L2
hMG2,TACGCTCCAGTTAGGG,L1
hMG2,TACGCTCCATCTCAAG,L1
hMG2,TACGCTCGTAATTAGG,L1
hMG2,TACGCTCTCTCGTGAA,L1
hMG2,TACGGGCAGAGCCCAA,L2
hMG2,TACGGGCCAAACAGGC,Basal
hMG2,TACGGGCCAAGCGAAC,L1
hMG2,TACGGGCCAGCGGTTC,Basal
hMG2,TACGGGCGTACTCCGG,L2
hMG2,TACGGGCGTCAGACTT,Basal
hMG2,TACGGGCGTCCCGCAA,Basal
hMG2,TACGGGCTCAAGCCGC,L2
hMG2,TACGGGCTCAAGCGTT,L1
hMG2,TACGGGCTCGCTTAAG,L1
hMG2,TACGGGCTCTAGAACC,Basal
hMG2,TACGGGCTCTGAGCAT,L2
hMG2,TACGGTAAGAACAAGG,Basal
hMG2,TACGGTAAGATAACGT,L1
hMG2,TACGGTAAGCCGATCC,L2
hMG2,TACGGTACATCCTAAG,L1
hMG2,TACGGTAGTTGCAAGG,L1
hMG2,TACGGTATCTTGTTAC,Basal
hMG2,TACGTCCCACGACGAA,L2
hMG2,TACGTCCGTAATTGGA,L2
hMG2,TACGTCCGTGGTCTTA,L1
hMG2,TACGTCCTCACGGAGA,L1
hMG2,TACGTCCTCCTGCTAC,L1
hMG2,TACTGCCAGCTCAGAG,L2
hMG2,TACTGCCAGGCTAGCA,Basal
hMG2,TACTGCCCAACGTATC,Basal
hMG2,TACTGCCCACACCGCA,L1
hMG2,TACTGCCGTAGTATAG,L2
hMG2,TACTGCCGTTGTGCCG,Basal
hMG2,TACTGCCTCATCTCTA,L2
hMG2,TACTGCCTCTGATGGT,L1
hMG2,TACTTACAGAAGTCCG,L1
hMG2,TACTTACAGCTAAGTA,L2
hMG2,TACTTACAGGCTTCCG,L2
hMG2,TACTTACCACAACATC,Basal
hMG2,TACTTACCATCCTTGC,L2
hMG2,TACTTACGTGACAACG,L1
hMG2,TACTTACGTGGCTTAT,L2
hMG2,TACTTACGTGTCCGGT,L2
hMG2,TACTTCACAATACGAA,L1
hMG2,TACTTCACATCCGATA,L1
hMG2,TACTTCAGTTCGGTAT,L2
hMG2,TACTTGTAGACCAAAT,L1
hMG2,TACTTGTCATGTGTCA,L1
hMG2,TACTTGTGTGTTTCTT,L2
hMG2,TACTTGTGTTTCGTGA,L2
hMG2,TACTTGTTCGCTTGCT,L2
hMG2,TACTTGTTCTGTCCCA,L1
hMG2,TAGACCAAGATGGCAC,L1
hMG2,TAGACCAAGTATAGGT,L1
hMG2,TAGACCACATGCAGCC,Basal
hMG2,TAGACCATCAAGTCGT,L2
hMG2,TAGACTGAGGGACCAT,Basal
hMG2,TAGACTGAGTGGCCTC,L2
hMG2,TAGACTGCAAGCTACT,L1
hMG2,TAGACTGCACATGTTG,Basal
hMG2,TAGACTGCAGAGCCCT,Basal
hMG2,TAGACTGCATCGCTAA,Basal
hMG2,TAGACTGGTATGCGTT,L1
hMG2,TAGACTGGTTCAAACC,L2
hMG2,TAGACTGTCCCGGTAG,L1
hMG2,TAGAGTCAGACGAAGA,Basal
hMG2,TAGAGTCAGACGCATG,L1
hMG2,TAGAGTCCAACGAGGT,L1
hMG2,TAGAGTCGTCACAGAG,L2
hMG2,TAGAGTCGTTACCGTA,Basal
hMG2,TAGAGTCTCGTCTACC,Basal
hMG2,TAGATCGAGCAGTACG,L2
hMG2,TAGATCGGTCCTATAG,Basal
hMG2,TAGCACAAGATACGAT,L1
hMG2,TAGCACAAGGCGCTTC,L1
hMG2,TAGCACACAGACAAGC,L1
hMG2,TAGCACACAGTTCACA,L1
hMG2,TAGCACAGTGGAACCA,L2
hMG2,TAGGAGGAGAGAATCT,L2
hMG2,TAGGAGGAGAGGCGTT,Basal
hMG2,TAGGAGGAGAGTCAGC,L2
hMG2,TAGGAGGAGGTACCTT,L2
hMG2,TAGGAGGCAAGCTCTA,L1
hMG2,TAGGAGGCAGAGTGTG,Basal
hMG2,TAGGAGGCAGCTGTGC,L1
hMG2,TAGGAGGCAGTTGTCA,L1
hMG2,TAGGAGGGTAGCTTAC,L2
hMG2,TAGGAGGGTTCTCCAC,L1
hMG2,TAGGAGGTCGTCAGAT,L1
hMG2,TAGGAGGTCTTGGTGA,L2
hMG2,TAGGGTTAGGTAGCAC,L2
hMG2,TAGGGTTCAGATAAAC,Basal
hMG2,TAGGGTTCATAATGAG,L1
hMG2,TAGGGTTGTCGGCCTA,L2
hMG2,TAGGGTTTCGAGCTGC,L2
hMG2,TAGGTACAGAAGTATC,L1
hMG2,TAGGTACAGAGGGTCT,L2
hMG2,TAGGTACAGATCGCCC,L2
hMG2,TAGGTACCACCAGTTA,L2
hMG2,TAGGTACCAGGGAATC,L2
hMG2,TAGGTACCATGACGGA,L2
hMG2,TAGGTACCATTGCTTT,L2
hMG2,TAGGTACTCTGCATGA,L2
hMG2,TAGGTTGAGAGAGCCT,L2
hMG2,TAGGTTGAGTGCACCC,L2
hMG2,TAGGTTGAGTGGTGGT,L2
hMG2,TAGGTTGCAACCGCCA,L2
hMG2,TAGGTTGCATATGAAG,L1
hMG2,TAGGTTGTCAAGAGGC,Basal
hMG2,TAGGTTGTCCGGACTG,L2
hMG2,TAGGTTGTCTGCTAGA,L1
hMG2,TAGTGCACAAGAGGCT,L2
hMG2,TAGTGCACAATCGCGC,L2
hMG2,TAGTGCACACTTCATT,L2
hMG2,TAGTGCAGTGACTATC,L2
hMG2,TAGTGCATCCTACGGG,L1
hMG2,TAGTGCATCTCCTGCA,L2
hMG2,TATACCTAGGTAAGTT,Basal
hMG2,TATACCTAGTGCACCC,L2
hMG2,TATACCTCACGCTGAC,L1
hMG2,TATACCTGTATTTCCT,L1
hMG2,TATACCTGTCATATGC,Basal
hMG2,TATACCTTCAAGGACG,L1
hMG2,TATATCCAGTGTTGTC,L2
hMG2,TATATCCCAAATGAAC,L1
hMG2,TATATCCCAGCTACTA,Basal
hMG2,TATATCCCATGACTTG,Basal
hMG2,TATATCCTCTAGTACG,L1
hMG2,TATCAGGAGTATAGAC,L1
hMG2,TATCAGGCAGGCAATG,L2
hMG2,TATCAGGGTCAAAGCG,Basal
hMG2,TATCAGGGTCGCAGTC,L1
hMG2,TATCAGGTCCACCTCA,Basal
hMG2,TATCAGGTCTGGAAGG,Basal
hMG2,TATCCTAAGACGGAAA,L1
hMG2,TATCCTAAGGTAGGCT,L1
hMG2,TATCCTACATTATGCG,Basal
hMG2,TATCCTATCATTGCCC,L2
hMG2,TATCGCCCAATACGAA,Basal
hMG2,TATCGCCCAGAAACCG,L2
hMG2,TATCGCCTCGCTGACG,Basal
hMG2,TATCGCCTCTCCTGTG,L1
hMG2,TATCTGTAGTGGACGT,L1
hMG2,TATCTGTCAAGAATGT,L1
hMG2,TATCTGTGTCCAGGTC,Basal
hMG2,TATCTGTGTTCAAACC,L1
hMG2,TATCTGTTCCCATGGG,Basal
hMG2,TATCTGTTCCCGTTCA,Basal
hMG2,TATCTGTTCTCAAAGC,Basal
hMG2,TATCTTGAGATCGACG,Basal
hMG2,TATCTTGAGCACCGTC,Basal
hMG2,TATCTTGCACATTACG,L1
hMG2,TATCTTGCAGATAAAC,L1
hMG2,TATCTTGCAGTCGTTA,Basal
hMG2,TATCTTGGTGGCCCAT,L2
hMG2,TATCTTGGTTGGGACA,L2
hMG2,TATCTTGTCAGTGTTG,L2
hMG2,TATCTTGTCTGATTCT,Basal
hMG2,TATGTTCAGAAGAACG,Basal
hMG2,TATGTTCAGATGCAGC,L1
hMG2,TATGTTCAGGGATCTG,L2
hMG2,TATGTTCTCTCTGACC,L2
hMG2,TATTCCACAGCAGTTT,Basal
hMG2,TATTCCATCATTTCCA,L1
hMG2,TATTCCATCCGGACGT,L2
hMG2,TATTCCATCCTCGCAT,L2
hMG2,TATTCCATCTGGGAGA,Basal
hMG2,TATTGCTCAAGCTGTT,Basal
hMG2,TATTGCTCAGCTGAGA,L2
hMG2,TATTGCTCAGTCACGC,Basal
hMG2,TATTGGGAGAGTCTGG,L1
hMG2,TATTGGGAGCGCCTCA,L2
hMG2,TATTGGGAGCGTACAG,L2
hMG2,TATTGGGAGGTTACCT,Basal
hMG2,TATTGGGAGTGCCAGA,L2
hMG2,TATTGGGCATGACGGA,L2
hMG2,TATTGGGTCGCCAGTG,L2
hMG2,TATTTCGCAGTATTCG,Basal
hMG2,TATTTCGGTTGAATCC,Basal
hMG2,TATTTCGTCGGAATGG,L1
hMG2,TATTTCGTCTCCTGAC,L2
hMG2,TCAAGACCACGCTGCA,L1
hMG2,TCAAGACCACGGCGTT,L2
hMG2,TCAAGACGTAACGCGA,Basal
hMG2,TCAAGACGTATACCCA,L2
hMG2,TCAAGACTCGGACGTC,L1
hMG2,TCAAGACTCTATCGCC,Basal
hMG2,TCAAGCAAGCTACAAA,L2
hMG2,TCAAGCAAGGAGTCTG,L2
hMG2,TCAAGCAGTTGCCATA,L2
hMG2,TCAAGCATCACAATGC,L2
hMG2,TCAAGCATCACCTTAT,L1
hMG2,TCAAGCATCCACAGCG,Basal
hMG2,TCAAGTGAGTAGAATC,L2
hMG2,TCAAGTGCAGAGGACT,L1
hMG2,TCAAGTGCATTCTGTT,L2
hMG2,TCAAGTGGTCTAGTGT,L2
hMG2,TCAAGTGGTGGCCTCA,L2
hMG2,TCAAGTGGTGGTCCCA,L2
hMG2,TCAAGTGGTTAGAAGT,L1
hMG2,TCAAGTGTCATCCCGT,L2
hMG2,TCAAGTGTCTATTTCG,L1
hMG2,TCAAGTGTCTTCGGTC,L1
hMG2,TCAATCTAGAGCTTTC,L2
hMG2,TCAATCTAGTTGCCCG,Basal
hMG2,TCAATCTCAACATCGT,L2
hMG2,TCAATCTCATCCGAAT,L1
hMG2,TCAATCTCATCCGGTG,Basal
hMG2,TCAATCTGTAGACGGT,L2
hMG2,TCAATCTGTGAGATAT,L1
hMG2,TCAATCTTCGCAACAT,L2
hMG2,TCAATCTTCGCTTGCT,L2
hMG2,TCAATCTTCTATGTGG,L1
hMG2,TCAATCTTCTGGCCGA,L2
hMG2,TCAATTCAGCTCGTGC,Basal
hMG2,TCAATTCAGGTACTGG,L2
hMG2,TCAATTCCAAACGGCA,Basal
hMG2,TCAATTCCAACAGCCC,Basal
hMG2,TCAATTCCACCACTGG,Basal
hMG2,TCAATTCGTACGACAG,Basal
hMG2,TCAATTCTCCAACCAA,Basal
hMG2,TCAATTCTCCTTCTAA,L1
hMG2,TCAATTCTCTATACTC,L1
hMG2,TCAATTCTCTGAACGT,Basal
hMG2,TCACAAGAGAGCCCAA,L2
hMG2,TCACAAGAGCACTCCG,Basal
hMG2,TCACAAGCAAAGCACG,L1
hMG2,TCACAAGCACAAGCCC,L2
hMG2,TCACAAGGTTGCCTAA,Basal
hMG2,TCACAAGTCGTTATCT,L1
hMG2,TCACAAGTCTTGCAGA,Basal
hMG2,TCACAAGTCTTGGTCC,L2
hMG2,TCACACCAGACGCTCC,L2
hMG2,TCACACCAGAGGTATT,L1
hMG2,TCACACCAGCATTTCG,Basal
hMG2,TCACACCAGGCCTTGC,L1
hMG2,TCACACCAGGGACCAT,L2
hMG2,TCACACCAGGTTGGAC,L2
hMG2,TCACACCAGTTCAACC,L2
hMG2,TCACACCCAAGAGTTA,Basal
hMG2,TCACACCCACCGTCGA,L2
hMG2,TCACACCCACGTCTCT,L2
hMG2,TCACACCCATCTAACG,L1
hMG2,TCACACCGTATAGGGC,L2
hMG2,TCACACCGTCTGTAAC,L2
hMG2,TCACATTAGGGATCTG,Basal
hMG2,TCACATTAGTATAACG,L2
hMG2,TCACATTCACCAGGTC,L1
hMG2,TCACATTGTCAAAGTA,L2
hMG2,TCACATTGTCCGTTTC,L1
hMG2,TCACATTGTGGCAACA,L1
hMG2,TCACATTGTTGTATGC,Basal
hMG2,TCACATTTCATTGCCC,L1
hMG2,TCACATTTCCTTTAGT,Basal
hMG2,TCACATTTCTACCTTA,Basal
hMG2,TCACATTTCTAGTGTG,L1
hMG2,TCACGCTAGGAAAGAC,Basal
hMG2,TCACGCTAGTATCTGC,L2
hMG2,TCACGCTCAAGAGATT,L2
hMG2,TCACGCTCACGAGGTA,L2
hMG2,TCACGCTGTAACGGTG,L1
hMG2,TCACGCTTCAAAGCCT,Basal
hMG2,TCACGCTTCCCGATCT,L2
hMG2,TCACGCTTCCTACTGC,L2
hMG2,TCACGCTTCCTGCTAC,Basal
hMG2,TCACGCTTCCTTCGAC,L2
hMG2,TCACGGGAGCAACTTC,L2
hMG2,TCACGGGAGCGCGTTC,L2
hMG2,TCACGGGAGGCTTAGG,L1
hMG2,TCACGGGCAACGTTAC,L2
hMG2,TCACGGGCAAGCGAAC,L1
hMG2,TCACGGGGTAGATTAG,Basal
hMG2,TCACGGGGTCAGATTC,Basal
hMG2,TCACGGGGTTACTCAG,Basal
hMG2,TCACGGGTCATTGTTC,L2
hMG2,TCACGGGTCCTACTGC,L1
hMG2,TCACGGGTCTCTTGCG,L2
hMG2,TCACGGGTCTTTGCAT,L1
hMG2,TCACTATAGGCTCCCA,Basal
hMG2,TCACTATAGTATAGGT,Basal
hMG2,TCACTATCAGAGCTAG,L1
hMG2,TCACTATCAGGTTCCG,L2
hMG2,TCACTATTCACAGAGG,L1
hMG2,TCACTATTCAGACCTA,L1
hMG2,TCACTATTCCGCAGTG,L2
hMG2,TCACTATTCCTGGGAC,Basal
hMG2,TCACTCGAGCGCTGAA,Basal
hMG2,TCACTCGAGGACTTCT,L2
hMG2,TCACTCGAGGTCTACT,L2
hMG2,TCACTCGCACTGAGTT,L2
hMG2,TCACTCGCAGACAAGC,Basal
hMG2,TCACTCGCAGGGATAC,Basal
hMG2,TCACTCGGTACTAGCT,L2
hMG2,TCACTCGGTATCACGT,Basal
hMG2,TCACTCGTCACGGGCT,L1
hMG2,TCACTCGTCGAAGGAC,L2
hMG2,TCACTCGTCTCGCGTT,L1
hMG2,TCAGCAAAGCAGCAGT,L2
hMG2,TCAGCAACAAATGCGG,L2
hMG2,TCAGCAACAGGACGAT,L1
hMG2,TCAGCAAGTGACTGAG,L2
hMG2,TCAGCAAGTTGAGAGC,L1
hMG2,TCAGCAAGTTGCGAAG,L1
hMG2,TCAGCAATCGCTGTCT,L2
hMG2,TCAGCCTAGGATTACA,L1
hMG2,TCAGCCTAGTACCCTA,L1
hMG2,TCAGCCTCATAACGGG,Basal
hMG2,TCAGCCTGTACAGTTC,L2
hMG2,TCAGCCTGTGCCGTAC,L2
hMG2,TCAGCCTGTGCGACAA,Basal
hMG2,TCAGCCTGTTGGCCGT,L2
hMG2,TCAGCCTTCCCGTAAA,L1
hMG2,TCAGGGCAGCATCAGG,L2
hMG2,TCAGGGCCATCGTGCG,Basal
hMG2,TCAGGGCCATTGCAAC,Basal
hMG2,TCAGGGCGTGTCACAT,L2
hMG2,TCAGGGCTCACTGGGC,Basal
hMG2,TCAGGGCTCGAACGCC,Basal
hMG2,TCAGGGCTCGCTCTAC,L2
hMG2,TCAGGTAAGTTGTCAC,Basal
hMG2,TCAGGTACAAGGAGTC,L2
hMG2,TCAGGTACAAGTCATC,L2
hMG2,TCAGGTACACTGTGTA,L2
hMG2,TCAGGTAGTGCTCTCT,L1
hMG2,TCAGGTATCAGCTAGT,Basal
hMG2,TCAGGTATCCATCTAT,Basal
hMG2,TCAGTCCAGATAACAC,L2
hMG2,TCAGTCCAGGACTATA,L2
hMG2,TCAGTCCAGTGTTCAC,L1
hMG2,TCAGTCCCACCTCTGT,L2
hMG2,TCAGTCCGTACCACGC,L2
hMG2,TCAGTCCGTACCTTCC,L2
hMG2,TCAGTCCGTGCAATGG,L2
hMG2,TCAGTCCGTGTTAACC,L2
hMG2,TCAGTCCGTTTAAGGA,L2
hMG2,TCAGTCCTCGCTGACG,Basal
hMG2,TCAGTGAAGAGCCTGA,L2
hMG2,TCAGTGAAGTAAGAGG,L2
hMG2,TCAGTGACAAGTCGTT,L2
hMG2,TCAGTGAGTGCGTGCT,L1
hMG2,TCAGTGATCGAGTTGT,Basal
hMG2,TCAGTGATCTACTCAT,L2
hMG2,TCAGTGATCTGCGAGC,L2
hMG2,TCAGTTTAGCGGATCA,Basal
hMG2,TCAGTTTCATATGGCT,L2
hMG2,TCAGTTTGTTAAGGAT,L1
hMG2,TCAGTTTTCGACGTCG,L2
hMG2,TCAGTTTTCTATGTGG,Basal
hMG2,TCATACTCAAGCGGAT,L1
hMG2,TCATACTCACACAGCC,Basal
hMG2,TCATACTCACGCAGTC,L2
hMG2,TCATACTCAGGAACCA,L1
hMG2,TCATACTGTACCACGC,L1
hMG2,TCATACTTCAGGCGAA,L2
hMG2,TCATATCCACCTTCGT,L1
hMG2,TCATATCCAGGCATTT,L1
hMG2,TCATATCCATAATCCG,Basal
hMG2,TCATATCGTACGGGAT,L2
hMG2,TCATATCGTATCGTAC,Basal
hMG2,TCATATCGTGTTCCTC,L1
hMG2,TCATATCGTTTCGTAG,L2
hMG2,TCATATCTCCTCAGGG,Basal
hMG2,TCATCATCACATATGC,Basal
hMG2,TCATCATCACTTGGCG,L2
hMG2,TCATCATTCACACCGG,L1
hMG2,TCATCATTCTGACAGT,L1
hMG2,TCATCCGAGTAACCTC,L2
hMG2,TCATCCGGTCAATCTG,L1
hMG2,TCATCCGTCAATCAGC,L2
hMG2,TCATCCGTCCATCGTC,L2
hMG2,TCATCCGTCCGTGCGA,L1
hMG2,TCATGAGAGATCCTAC,Basal
hMG2,TCATGAGAGCTTTCCC,Basal
hMG2,TCATGAGCAGCTACTA,L2
hMG2,TCATGAGGTGACTAAA,L1
hMG2,TCATGAGGTTACACAC,L1
hMG2,TCATGAGGTTACACTG,L2
hMG2,TCATGAGTCCACCTGT,Basal
hMG2,TCATGAGTCCAGTGTA,L1
hMG2,TCATGCCAGCCGAATG,L2
hMG2,TCATGCCCAGCGTATT,L1
hMG2,TCATGCCCATAATCGC,L1
hMG2,TCATGCCCATCGGCCA,L2
hMG2,TCATGCCTCAACTTTC,L2
hMG2,TCATGCCTCATAGAGA,Basal
hMG2,TCATGCCTCCGTGGTG,L1
hMG2,TCATGGAAGCGTACAG,L1
hMG2,TCATGGAAGTGTTCCA,L2
hMG2,TCATGGACAGAAATCA,Basal
hMG2,TCATGGACAGGATTCT,L1
hMG2,TCATGGACATGGTGGA,L2
hMG2,TCATGGAGTCCGTACG,L2
hMG2,TCATGGAGTGCGACAA,L2
hMG2,TCATGGATCGGACTGC,Basal
hMG2,TCATGTTCAATAAGGT,L2
hMG2,TCATGTTCAGCCCACA,L1
hMG2,TCATGTTCAGGAGGAG,L1
hMG2,TCATGTTTCCGTTTCG,Basal
hMG2,TCATGTTTCTCCATAT,L2
hMG2,TCATTACAGAGCAAGA,L2
hMG2,TCATTACAGAGGCGGA,L2
hMG2,TCATTACAGGACTATA,Basal
hMG2,TCATTACAGTAGGAAG,L2
hMG2,TCATTACCAACAGATA,Basal
hMG2,TCATTACCAGCGCTTG,Basal
hMG2,TCATTACGTACACGTT,Basal
hMG2,TCATTACTCACTGGGC,L1
hMG2,TCATTACTCATGGAGG,L1
hMG2,TCATTCACAGACCGCT,Basal
hMG2,TCATTCACATCTATCT,L1
hMG2,TCATTCAGTCTCGACG,Basal
hMG2,TCATTCAGTGACTGTT,Basal
hMG2,TCATTCATCCCGTGTT,L2
hMG2,TCATTCATCGGAGTGA,L1
hMG2,TCATTGTAGTGCACTT,L1
hMG2,TCATTGTCAAATGGAT,Basal
hMG2,TCATTGTCAGCGTGAA,L1
hMG2,TCATTGTCATTCTGTT,Basal
hMG2,TCATTGTGTAGCGTAG,L2
hMG2,TCATTGTGTGCATACT,L1
hMG2,TCATTGTTCAAGAATG,L2
hMG2,TCATTTGAGCGGGTAT,L1
hMG2,TCATTTGCAAAGCGTG,Basal
hMG2,TCATTTGCAGGGTTGA,L2
hMG2,TCATTTGGTATCAGCT,Basal
hMG2,TCATTTGGTCACTTAG,L1
hMG2,TCATTTGTCCTAGAGT,L2
hMG2,TCATTTGTCTCGCGTT,L2
hMG2,TCCACCAAGACTTCAC,Basal
hMG2,TCCACCAAGGACTTCT,L2
hMG2,TCCACCACAAGACGAC,L2
hMG2,TCCACCACACACGGAA,Basal
hMG2,TCCACCACACGTCGGT,L2
hMG2,TCCACCACATGTCTAG,Basal
hMG2,TCCACCAGTTAGTCGT,Basal
hMG2,TCCACCATCAAAGCCT,L1
hMG2,TCCACCATCCGTGTGG,Basal
hMG2,TCCACCATCCTTCTAA,L1
hMG2,TCCACGTAGATACCAA,L2
hMG2,TCCACGTAGCACTAGG,Basal
hMG2,TCCACGTAGTCCCGAC,L1
hMG2,TCCACGTAGTCGCCCA,L1
hMG2,TCCACGTCAAATGCGG,L2
hMG2,TCCACGTCAACAAGTA,L1
hMG2,TCCACGTGTACGACTT,L2
hMG2,TCCACGTGTACTCAAC,L2
hMG2,TCCACGTGTCCTGAAT,L2
hMG2,TCCACGTGTTTGGAAA,L2
hMG2,TCCACGTTCGTACACA,Basal
hMG2,TCCAGAAAGACTCGAG,L2
hMG2,TCCAGAACACCTGCTT,L2
hMG2,TCCAGAATCACCCTGT,L2
hMG2,TCCAGAATCAGGACGA,Basal
hMG2,TCCAGAATCTAAACGC,L2
hMG2,TCCATCGAGCTACAAA,L1
hMG2,TCCATCGGTGAGGAAA,L2
hMG2,TCCATCGGTTGCCTAA,L1
hMG2,TCCATCGTCCACTTCG,L2
hMG2,TCCATGCAGCACCGTC,L2
hMG2,TCCATGCAGCACGATG,L1
hMG2,TCCATGCAGGCTGTAG,L1
hMG2,TCCCACAAGAAGCGGG,L2
hMG2,TCCCACACATCTATCT,Basal
hMG2,TCCCACAGTGTTCCTC,Basal
hMG2,TCCCACATCATGAAAG,L1
hMG2,TCCCACATCCAACCAA,L1
hMG2,TCCCACATCTGGACTA,Basal
hMG2,TCCCACATCTGGGCGT,L1
hMG2,TCCCAGTAGGAGTCTG,L1
hMG2,TCCCAGTAGTTTCAGC,L1
hMG2,TCCCAGTCAACAACAA,L1
hMG2,TCCCAGTGTACTAAGA,L1
hMG2,TCCCAGTGTATCAGGG,L1
hMG2,TCCCAGTTCAAAGCCT,L2
hMG2,TCCCAGTTCCAGGACC,Basal
hMG2,TCCCAGTTCGCTACGG,L1
hMG2,TCCCAGTTCTTTCCAA,L2
hMG2,TCCCATGCAACTGATC,L2
hMG2,TCCCATGCACCAAATC,L1
hMG2,TCCCATGCATGGAACG,L1
hMG2,TCCCATGTCATTCATC,L1
hMG2,TCCCATGTCTTCCGTG,L2
hMG2,TCCGAAAAGATGACAT,Basal
hMG2,TCCGAAAAGGCCTGCT,L1
hMG2,TCCGAAACAACATCGT,L2
hMG2,TCCGAAACAGCAGTCC,L1
hMG2,TCCGAAACATACATCG,L2
hMG2,TCCGAAACATCCTGTC,L1
hMG2,TCCGAAAGTATGCGGA,L2
hMG2,TCCGAAAGTATGTGTC,L1
hMG2,TCCGATCCATCCGGCA,L2
hMG2,TCCGATCCATCGCTCT,L2
hMG2,TCCGATCCATTCACAG,L2
hMG2,TCCGATCGTAGTATAG,Basal
hMG2,TCCGATCGTTTAGTCG,L1
hMG2,TCCGATCTCAGTGTGT,L1
hMG2,TCCGATCTCCGCAACG,L2
hMG2,TCCGATCTCGTGGAAG,L1
hMG2,TCCGATCTCTAAGCCA,L1
hMG2,TCCGGGACATTGGGAG,L1
hMG2,TCCGGGAGTAAGGCTG,L2
hMG2,TCCGGGATCACTTATC,L1
hMG2,TCCGGGATCCACGGGT,Basal
hMG2,TCCGGGATCCCTGGTT,L1
hMG2,TCCGGGATCGTCCATC,Basal
hMG2,TCCGTGTCAGAGTGTG,Basal
hMG2,TCCGTGTCAGCCGTTG,L2
hMG2,TCCGTGTCAGCGCGTT,L1
hMG2,TCCGTGTCATACCACA,Basal
hMG2,TCCGTGTGTCTCAGGC,L2
hMG2,TCCGTGTTCAGACAAA,L1
hMG2,TCCGTGTTCGCCACTT,L2
hMG2,TCCTAATAGCGGTATG,L2
hMG2,TCCTAATAGTAGCCAG,Basal
hMG2,TCCTAATCAACGATCT,L1
hMG2,TCCTAATGTAAGGCCA,Basal
hMG2,TCCTAATGTAATGTGA,Basal
hMG2,TCCTAATGTATAATGG,L2
hMG2,TCCTAATGTCGAGCTC,L1
hMG2,TCCTAATGTGCCCTTT,L2
hMG2,TCCTAATGTTGGTGTT,L2
hMG2,TCCTAATTCACTGGTA,L2
hMG2,TCCTAATTCGTTCTCG,L1
hMG2,TCCTCCCAGAATACAC,L1
hMG2,TCCTCCCAGACGACGT,L2
hMG2,TCCTCCCAGACGCAGT,L2
hMG2,TCCTCCCCAAGGCCTC,L2
hMG2,TCCTCCCCAGCTTTGA,Basal
hMG2,TCCTCCCGTCAACATC,L1
hMG2,TCCTCCCTCACACCGG,L1
hMG2,TCCTCGAAGGCGAAGG,L2
hMG2,TCCTCGAAGTTCGCAT,L2
hMG2,TCCTCGAGTAAGGAGA,L1
hMG2,TCCTCGAGTAGCTAAA,Basal
hMG2,TCCTCGAGTTAGCGGA,L1
hMG2,TCCTCGATCGCAACAT,Basal
hMG2,TCCTCGATCGTCGATA,Basal
hMG2,TCCTCGATCTGGTGCG,L2
hMG2,TCCTCTTGTCGTCATA,L2
hMG2,TCCTCTTGTGTTAAAG,L2
hMG2,TCCTGCAAGGACTAAT,Basal
hMG2,TCCTGCAAGTGTTCAC,Basal
hMG2,TCCTGCACATAGAGGC,L2
hMG2,TCCTGCAGTAACACCT,L1
hMG2,TCCTGCAGTATGACAA,L1
hMG2,TCCTGCAGTGAGGAAA,L2
hMG2,TCCTGCAGTTCGGACC,Basal
hMG2,TCCTGCAGTTCGGCGT,L2
hMG2,TCCTGCATCGAATCCA,L2
hMG2,TCCTGCATCGCGTGAC,L1
hMG2,TCCTGCATCTCGTGAA,L2
hMG2,TCCTGCATCTGCACCT,L2
hMG2,TCCTTCTAGCCGTTGC,Basal
hMG2,TCCTTCTCACAAATGA,L2
hMG2,TCCTTCTCACCTTCGT,L2
hMG2,TCCTTCTGTCACGCTG,L2
hMG2,TCCTTCTGTCTAGATC,L1
hMG2,TCCTTCTTCCTGTAAG,L1
hMG2,TCCTTTCAGTGGAATT,L2
hMG2,TCCTTTCCATGACTGT,L2
hMG2,TCCTTTCGTTGTTGAC,L2
hMG2,TCGAACACAATAGTGA,L1
hMG2,TCGAACACAGCAGATG,L1
hMG2,TCGAACACAGCCTATA,L2
hMG2,TCGAACAGTTGCCTAA,L2
hMG2,TCGAACATCTAAGCCA,L2
hMG2,TCGAAGTCAGGATCTT,L1
hMG2,TCGAAGTCAGGTGTGA,L2
hMG2,TCGAAGTCATCCTCAC,L2
hMG2,TCGAAGTGTGGCATCC,L2
hMG2,TCGAAGTGTTTCGGCG,L2
hMG2,TCGAAGTTCAGCTGTA,Basal
hMG2,TCGAAGTTCTTGATTC,L2
hMG2,TCGACCTAGAAAGTCT,L1
hMG2,TCGACCTAGAAGCTGC,L1
hMG2,TCGACCTAGCCAACCC,L1
hMG2,TCGACCTCATTGCTTT,L2
hMG2,TCGACCTGTACTCGCG,L1
hMG2,TCGACCTGTATCGCTA,Basal
hMG2,TCGACGGAGGTAATCA,L2
hMG2,TCGACGGCAATCGCGC,L2
hMG2,TCGACGGGTTACGCCG,L1
hMG2,TCGACGGTCTATCCAT,L1
hMG2,TCGACGGTCTGCGGCA,L2
hMG2,TCGATTTAGTATAGAC,L2
hMG2,TCGATTTGTTGCCATA,L1
hMG2,TCGATTTTCGCAACAT,L2
hMG2,TCGATTTTCGGTCGAC,L2
hMG2,TCGCACTAGACAAGCC,Basal
hMG2,TCGCACTAGGAGAGTA,Basal
hMG2,TCGCACTCACCATTCC,L2
hMG2,TCGCACTTCTGAGGTT,L1
hMG2,TCGCAGGAGACCAGAC,L1
hMG2,TCGCAGGAGTAACAGT,Basal
hMG2,TCGCAGGCAACGACAG,Basal
hMG2,TCGCAGGCAAGGGCAT,L2
hMG2,TCGCAGGCACAAATAG,Basal
hMG2,TCGCAGGCACAGTATC,L2
hMG2,TCGCAGGGTCCACTTC,L2
hMG2,TCGCTCACAACTCATG,L1
hMG2,TCGCTCATCATCTATC,L2
hMG2,TCGCTCATCGATCCCT,L1
hMG2,TCGCTTGAGCGGGTAT,Basal
hMG2,TCGCTTGAGGGAGAAT,L2
hMG2,TCGCTTGAGTATTAGG,L1
hMG2,TCGCTTGCAATTCACG,Basal
hMG2,TCGCTTGCACACCTGG,Basal
hMG2,TCGCTTGCACCGTGGT,L1
hMG2,TCGCTTGCACTAACGT,Basal
hMG2,TCGCTTGCAGGCACTC,L2
hMG2,TCGCTTGCAGTCCCGA,L1
hMG2,TCGCTTGTCAACCGAT,Basal
hMG2,TCGCTTGTCCGGTAAT,L2
hMG2,TCGCTTGTCCTACCAC,L1
hMG2,TCGCTTGTCTGATTCT,L2
hMG2,TCGCTTGTCTTAGTTC,L2
hMG2,TCGGATAAGTGTAGTA,L2
hMG2,TCGGATACAAGGCCTC,L1
hMG2,TCGGATAGTAACGTTC,L2
hMG2,TCGGATAGTAAGCTCT,L2
hMG2,TCGGATATCAAACTGC,L2
hMG2,TCGGATATCAGGACGA,L2
hMG2,TCGGATATCGGTTAGT,L2
hMG2,TCGGATATCGGTTGTA,L1
hMG2,TCGGGACAGATGGTCG,L2
hMG2,TCGGGACAGTGCAAAT,Basal
hMG2,TCGGGACCAACTTGGT,L2
hMG2,TCGGGACCAAGGAGTC,Basal
hMG2,TCGGGACGTACTAGCT,L1
hMG2,TCGGGACGTCTACAGT,L2
hMG2,TCGGGACGTGCATGAG,L1
hMG2,TCGGGACGTGTTTACG,L2
hMG2,TCGGGACTCTGCTTTA,L2
hMG2,TCGGGCACAGTTTCGA,L2
hMG2,TCGGGCAGTGTCCCTT,L2
hMG2,TCGGGCAGTTGTTTGG,L2
hMG2,TCGGGCATCACATACG,L2
hMG2,TCGGGCATCATGCCCT,Basal
hMG2,TCGGGCATCTTACTGT,L1
hMG2,TCGGGTGAGAATTCAG,Basal
hMG2,TCGGGTGAGCCTCAGC,L1
hMG2,TCGGGTGCAATGGGTG,L2
hMG2,TCGGGTGCACGCGTCA,L1
hMG2,TCGGGTGCAGGATGAC,Basal
hMG2,TCGGGTGGTATCGAGG,L2
hMG2,TCGGGTGGTCTCTCAC,L2
hMG2,TCGGGTGGTTCTCCTG,L2
hMG2,TCGGGTGTCGAACGGA,L2
hMG2,TCGGGTGTCGCAATGT,L1
hMG2,TCGGTCTAGATTTGCC,L2
hMG2,TCGGTCTCAGATCCTA,L1
hMG2,TCGGTCTCAGGTTACT,Basal
hMG2,TCGGTCTGTCTACGAT,L2
hMG2,TCGGTCTGTGAGATAT,Basal
hMG2,TCGGTCTGTTAATGAG,L2
hMG2,TCGGTCTTCTGAGGCC,Basal
hMG2,TCGTAGAAGCAGGCAT,L2
hMG2,TCGTAGAAGGACAACC,L2
hMG2,TCGTAGAAGTAGTCCT,L2
hMG2,TCGTAGACAAGATGTA,Basal
hMG2,TCGTAGACACCTATCC,L1
hMG2,TCGTAGACATCCGAGC,L2
hMG2,TCGTAGAGTCGAGTGA,Basal
hMG2,TCGTAGAGTTGCTAGT,Basal
hMG2,TCGTAGATCAGCACCG,L1
hMG2,TCGTCCAAGCCTCATA,Basal
hMG2,TCGTCCACATGCCGGT,L1
hMG2,TCGTCCAGTAACACGG,L2
hMG2,TCGTCCAGTAATTAGG,Basal
hMG2,TCGTCCATCAGTCTTT,Basal
hMG2,TCGTCCATCCACTTCG,Basal
hMG2,TCGTCCATCCGACATA,L2
hMG2,TCGTGCTAGCGCTTCG,L1
hMG2,TCGTGCTCAGTGAGCA,L2
hMG2,TCGTGCTGTACTGCCG,L1
hMG2,TCGTGCTTCATAGCAC,L1
hMG2,TCGTGGGAGCCGGAAT,L2
hMG2,TCGTGGGCAGAGCTAG,L1
hMG2,TCGTGGGCATCGGAAG,L1
hMG2,TCGTGGGGTACCGCGT,L2
hMG2,TCGTGGGGTCCAAGAG,L2
hMG2,TCGTGGGTCGGTTAGT,L1
hMG2,TCGTGGGTCGTTCGCT,Basal
hMG2,TCGTGGGTCTACACTT,L2
hMG2,TCTAACTAGGGAACAA,Basal
hMG2,TCTAACTCAGTCAACT,Basal
hMG2,TCTAACTCATGGACAG,L2
hMG2,TCTAACTGTCCACACG,L2
hMG2,TCTAACTGTTTGGCTA,L1
hMG2,TCTAACTTCAGGACAG,Basal
hMG2,TCTAACTTCTTAATCC,Basal
hMG2,TCTACATAGAGTTCGG,Basal
hMG2,TCTACATGTCAAACGG,L1
hMG2,TCTACATTCCTAAGTG,L2
hMG2,TCTACCGAGCCATCCG,L1
hMG2,TCTACCGCAACCGTGC,L2
hMG2,TCTACCGGTATGTCAC,L2
hMG2,TCTACCGGTCCTATAG,Basal
hMG2,TCTACCGTCATCTCTA,L1
hMG2,TCTACCGTCCCTTGGT,Basal
hMG2,TCTATACAGAAGCGAA,Basal
hMG2,TCTATACAGGCACCAA,L2
hMG2,TCTATACCACGTCGTG,L2
hMG2,TCTATACCAGTAGTGG,L1
hMG2,TCTATACCAGTTAGGG,L1
hMG2,TCTATACGTAAGCTCT,L2
hMG2,TCTATACGTGGCGTAA,L1
hMG2,TCTATACGTGTGTACT,Basal
hMG2,TCTATCAAGATCCGAG,L1
hMG2,TCTATCAAGCTACTAC,L1
hMG2,TCTATCAAGTGCGCTC,L1
hMG2,TCTATCACAAATACGA,L2
hMG2,TCTATCATCTCAACCC,L2
hMG2,TCTCACGAGCGTTGTT,L2
hMG2,TCTCACGAGTGGACGT,L2
hMG2,TCTCACGGTACTGGGA,L1
hMG2,TCTCACGGTCATCTAG,L2
hMG2,TCTCACGGTTGTCCCT,L1
hMG2,TCTCACGTCAAGCGTT,L2
hMG2,TCTCACGTCAAGTGGG,L2
hMG2,TCTCACGTCCGCACTT,L2
hMG2,TCTCAGCAGCTGACAG,L1
hMG2,TCTCAGCAGTTGAATG,L2
hMG2,TCTCAGCGTAACAGGC,Basal
hMG2,TCTCCGAAGGCACTCC,L2
hMG2,TCTCCGAAGGTGCTGA,L1
hMG2,TCTCCGACAGCGTTTA,L2
hMG2,TCTCCGACATCTGCGG,Basal
hMG2,TCTCCGAGTAACAAGT,L2
hMG2,TCTCCGAGTGTCACAT,L2
hMG2,TCTCCGAGTTGGCCTG,L2
hMG2,TCTCCGATCACCCATC,L2
hMG2,TCTCCGATCGTTACCC,L1
hMG2,TCTCCGATCTGACCCT,L1
hMG2,TCTCTGGAGGCACGAT,L2
hMG2,TCTCTGGCACTTGACA,L1
hMG2,TCTCTGGGTGAAAGTT,L1
hMG2,TCTCTGGGTGCTCTTC,L2
hMG2,TCTCTGGTCCCAGCGA,L1
hMG2,TCTGCCAAGTAGGCCA,L2
hMG2,TCTGCCACACGCCAGT,L2
hMG2,TCTGCCACAGGACGAT,L2
hMG2,TCTGCCAGTGGGCTTC,L2
hMG2,TCTGGCTAGCACTGGA,L2
hMG2,TCTGGCTAGGCCTGCT,Basal
hMG2,TCTGGCTGTCACGCTG,L2
hMG2,TCTGGCTGTTACGATC,L2
hMG2,TCTGGCTTCTCGGTCT,L1
hMG2,TCTGGCTTCTGGTGGC,L1
hMG2,TCTGTCGCAAATCGGG,L1
hMG2,TCTGTCGCACGGTGCT,L1
hMG2,TCTGTCGCATGACACT,L2
hMG2,TCTGTCGGTAACGGTG,L1
hMG2,TCTGTCGGTCCATCTC,L2
hMG2,TCTGTCGTCAGGGTAG,L1
hMG2,TCTTAGTAGTGCAACG,L1
hMG2,TCTTAGTCAATTGAAG,Basal
hMG2,TCTTAGTTCGATACTG,L2
hMG2,TCTTCCTAGGCGTTGA,Basal
hMG2,TCTTCCTCAGGGAATC,L1
hMG2,TCTTCCTCAGTCGGTC,Basal
hMG2,TCTTCCTGTGCAATGG,L2
hMG2,TCTTCCTGTTAATCGC,L2
hMG2,TCTTCCTTCCTACCAC,L1
hMG2,TCTTCCTTCGCTCCTA,Basal
hMG2,TCTTCCTTCGGTGAAG,L2
hMG2,TCTTGCGAGAACCGCA,L1
hMG2,TCTTGCGAGGATTCAA,L2
hMG2,TCTTGCGCACTTCCTG,L1
hMG2,TCTTGCGGTGCCCAGT,L2
hMG2,TCTTGCGGTGCCGTAC,Basal
hMG2,TCTTGCGTCCATCACC,L2
hMG2,TCTTGCGTCCCGATCT,L2
hMG2,TCTTGCGTCGAAGTGG,L2
hMG2,TCTTGCGTCGCCAACG,Basal
hMG2,TCTTTGAAGAGCAACC,Basal
hMG2,TCTTTGACAGCGGTTC,Basal
hMG2,TCTTTGACAGTCTGGC,Basal
hMG2,TCTTTGATCCGTTGAA,L2
hMG2,TCTTTGATCCTAGCCT,L2
hMG2,TCTTTGATCGCTGTCT,L2
hMG2,TGAACGTAGGCTTAGG,Basal
hMG2,TGAACGTAGTGGTGGT,L2
hMG2,TGAACGTCAAGACCTT,L2
hMG2,TGAACGTCAGTCGTTA,L2
hMG2,TGAACGTGTAACTTCG,L2
hMG2,TGAACGTGTACTTCCC,L2
hMG2,TGAATCGAGATGACCG,L2
hMG2,TGAATCGCATTCTTCA,L1
hMG2,TGAATCGGTATCGCTA,L1
hMG2,TGAATCGGTCAACACT,Basal
hMG2,TGAATCGGTTGCATGT,Basal
hMG2,TGAATCGTCCATTCAT,L1
hMG2,TGAATCGTCCTGATAG,Basal
hMG2,TGAATGCAGACGCTCC,L2
hMG2,TGAATGCCACTAACCA,L1
hMG2,TGAATGCGTGCATACT,L1
hMG2,TGACAGTAGAGAGCAA,L2
hMG2,TGACAGTAGCTGTCCG,L2
hMG2,TGACAGTCAGAAGTGC,Basal
hMG2,TGACAGTGTTCCAAAC,L2
hMG2,TGACAGTTCACACCCT,Basal
hMG2,TGACCCTAGGCATCGA,L2
hMG2,TGACCCTCAACTTCTT,L2
hMG2,TGACCCTCACACGTGC,L1
hMG2,TGACCCTCATCGATGT,L1
hMG2,TGACCCTGTAGCCAGA,L2
hMG2,TGACCCTGTCCTGGTG,L2
hMG2,TGACCCTTCCTTGACC,Basal
hMG2,TGACCCTTCTTTACAC,L2
hMG2,TGACGCGAGAAACTAC,L2
hMG2,TGACGCGCAATGAAAC,Basal
hMG2,TGACGCGCACGGTGCT,L2
hMG2,TGACGCGCAGGAGACT,L1
hMG2,TGACGCGGTTTAGTCG,L1
hMG2,TGACGCGTCTGACGCG,L1
hMG2,TGACTCCAGACGACTG,Basal
hMG2,TGACTCCAGGTATCTC,Basal
hMG2,TGACTCCCAGATCATC,Basal
hMG2,TGACTCCGTCCAATCA,L2
hMG2,TGACTCCGTGTGTTTG,L1
hMG2,TGACTCCGTTTCGGCG,L1
hMG2,TGAGACTAGACATCAA,Basal
hMG2,TGAGACTAGACCAAAT,L1
hMG2,TGAGACTCATCATCCC,L2
hMG2,TGAGACTGTCCTTTGC,Basal
hMG2,TGAGCATAGATGAACT,L1
hMG2,TGAGCATAGGTAGCAC,L1
hMG2,TGAGCATCAACACGTT,Basal
hMG2,TGAGCATCAGTTCACA,L2
hMG2,TGAGCATTCGCGGACT,Basal
hMG2,TGAGCATTCTCACTCG,L1
hMG2,TGAGCATTCTTTCTAG,L1
hMG2,TGAGCGCAGGATATAC,Basal
hMG2,TGAGCGCCAAGGTACG,L2
hMG2,TGAGCGCCAGAGTCAG,Basal
hMG2,TGAGCGCGTCGGTGAA,L2
hMG2,TGAGCGCGTTCCTTGC,L1
hMG2,TGAGGAGAGCGTGTCC,Basal
hMG2,TGAGGAGAGTATAGAC,L2
hMG2,TGAGGAGCAAGGATGC,Basal
hMG2,TGAGGGAAGACTCGAG,L1
hMG2,TGAGGGAAGGTCATAA,L2
hMG2,TGAGGGACACGACGAA,L1
hMG2,TGAGGGACAGACCTGC,L2
hMG2,TGAGGGACAGAGGACT,L1
hMG2,TGAGGGAGTGCCTTTC,Basal
hMG2,TGAGGGAGTTCGGACC,L1
hMG2,TGAGGGAGTTTGTTCT,Basal
hMG2,TGAGGGATCATGGATC,Basal
hMG2,TGAGGTTAGTAATACG,L1
hMG2,TGAGGTTAGTATGTAG,L2
hMG2,TGAGGTTCACATGGTT,L2
hMG2,TGAGGTTCAGTTTCGA,L2
hMG2,TGAGGTTGTATACCCA,L2
hMG2,TGAGGTTTCTCAACGA,Basal
hMG2,TGAGTCAAGAAACTGT,L1
hMG2,TGAGTCAAGCAGATAT,L1
hMG2,TGAGTCAAGCCTCAAT,L2
hMG2,TGAGTCAAGCGTATGG,Basal
hMG2,TGAGTCAAGTCGCTAT,L1
hMG2,TGAGTCAAGTGGCAGT,Basal
hMG2,TGAGTCAGTAGTCGGA,L1
hMG2,TGAGTCAGTCTACTGA,L1
hMG2,TGAGTCATCCTATTTG,L2
hMG2,TGATCAGAGAATAGTC,L2
hMG2,TGATCAGCAGCGTAGA,L2
hMG2,TGATCAGGTTAGGGAC,Basal
hMG2,TGATCAGGTTGAGAGC,L2
hMG2,TGATCAGTCTCTGGTC,L1
hMG2,TGATCTTAGGTGAGCT,Basal
hMG2,TGATCTTAGGTTATAG,L1
hMG2,TGATCTTCACACCAGC,L1
hMG2,TGATCTTGTTCGGTTA,Basal
hMG2,TGATCTTTCAGAACCT,L1
hMG2,TGATCTTTCCACGAAT,L2
hMG2,TGATGCAAGGTGATCG,L2
hMG2,TGATGCATCCGGGACT,Basal
hMG2,TGATGCATCGAGCTGC,L1
hMG2,TGATGCATCGCAGTTA,L2
hMG2,TGATGCATCGCTACAA,L1
hMG2,TGATGGTAGAGGCTGT,L2
hMG2,TGATGGTGTACCCGAC,Basal
hMG2,TGATGGTGTGACATCT,L1
hMG2,TGATGGTGTGCAACAG,L2
hMG2,TGATGGTTCACTCGAA,L2
hMG2,TGATGGTTCCGAGCTG,Basal
hMG2,TGATGGTTCGCTTGCT,Basal
hMG2,TGATGGTTCGTCGACG,L1
hMG2,TGATTCTCACCAGCCA,L1
hMG2,TGATTCTCAGAGCTAG,Basal
hMG2,TGATTCTCAGCACGAA,Basal
hMG2,TGATTCTCATCCAATG,L1
hMG2,TGATTCTCATGTAACC,L1
hMG2,TGATTCTGTGAGCTCC,L2
hMG2,TGATTCTGTTATAGAG,L1
hMG2,TGATTCTGTTCCCAAA,L2
hMG2,TGATTCTTCACATTGG,L1
hMG2,TGATTCTTCCTCGCAT,L2
hMG2,TGATTTCAGATGCTTC,L2
hMG2,TGATTTCAGCAATAAC,L2
hMG2,TGATTTCCAAGGTTGG,L1
hMG2,TGATTTCCACCATTCC,L1
hMG2,TGATTTCCACGCGTGT,L1
hMG2,TGATTTCCAGCGTAGA,L2
hMG2,TGATTTCCATAATGCC,L1
hMG2,TGATTTCGTTGTGCCG,L1
hMG2,TGATTTCTCAGACCCG,L1
hMG2,TGATTTCTCATAGAGA,L1
hMG2,TGCACGGAGAAATTCG,L1
hMG2,TGCACGGAGACATCAA,L2
hMG2,TGCACGGCAATTTCTC,L1
hMG2,TGCACGGCAGCGAACA,Basal
hMG2,TGCACGGGTCAGGTAG,Basal
hMG2,TGCACGGTCATCCTAT,L2
hMG2,TGCACGGTCCATTTAC,L2
hMG2,TGCACGGTCCGCATAA,L1
hMG2,TGCAGATAGATGTTCC,L2
hMG2,TGCAGATAGTTGCCCG,L1
hMG2,TGCAGATCAAGCGAAC,L1
hMG2,TGCAGATCACTGAGGA,L1
hMG2,TGCAGATCATGGCTGC,Basal
hMG2,TGCAGATCATGTAACC,L1
hMG2,TGCAGATGTAGGAGTC,Basal
hMG2,TGCAGATGTGCTTATG,L1
hMG2,TGCAGATGTGGAAATT,Basal
hMG2,TGCAGATTCAGCATTG,L1
hMG2,TGCAGATTCATGCCAA,Basal
hMG2,TGCAGATTCCGAACGC,L1
hMG2,TGCAGGCCAATAGTCC,L2
hMG2,TGCAGGCGTAGCGCTC,L1
hMG2,TGCAGGCGTAGCGTAG,L2
hMG2,TGCAGTACAAGTCGTT,L2
hMG2,TGCAGTACACGGCACT,L2
hMG2,TGCAGTACAGAAGTTA,L2
hMG2,TGCAGTAGTATGGTAA,L2
hMG2,TGCAGTAGTCCGAAAG,L2
hMG2,TGCAGTATCTACTGAG,L1
hMG2,TGCATCCCAAACCATC,Basal
hMG2,TGCATCCCAAGACGGT,L1
hMG2,TGCATCCGTAGAGCTG,L2
hMG2,TGCATCCGTCAAACGG,L2
hMG2,TGCATCCGTCACGACC,L1
hMG2,TGCATCCTCAGTCTTT,L1
hMG2,TGCATCCTCCCTATTA,Basal
hMG2,TGCATCCTCCTTCAGC,L1
hMG2,TGCATCCTCGCTAATG,L1
hMG2,TGCATGAAGGATGCGT,Basal
hMG2,TGCATGACAGGTTCCG,L1
hMG2,TGCATGACATGACTCA,L2
hMG2,TGCATGAGTCTAGTGT,L2
hMG2,TGCATGAGTCTTTCTA,L1
hMG2,TGCATGAGTTTCGCTC,Basal
hMG2,TGCATGATCAGCATTG,L2
hMG2,TGCATGATCAGTGTCA,L2
hMG2,TGCCGAGAGGCGAACT,L2
hMG2,TGCCGAGAGTATGGCG,L2
hMG2,TGCCGAGCAAGGACAC,L1
hMG2,TGCCGAGTCAACCTCC,Basal
hMG2,TGCCGAGTCTATCGCC,L2
hMG2,TGCGACGAGCAATTAG,L1
hMG2,TGCGACGAGCGACCCT,Basal
hMG2,TGCGACGCAAGCTACT,L1
hMG2,TGCGACGCATGGCACC,L1
hMG2,TGCGACGGTACCTAGT,L2
hMG2,TGCGACGGTCTGTTAG,L1
hMG2,TGCGACGTCCTAGCTC,L2
hMG2,TGCGACGTCGATTGGT,Basal
hMG2,TGCGACGTCTAGTGAC,Basal
hMG2,TGCGACGTCTCCCATG,L1
hMG2,TGCGACGTCTCCTGAC,Basal
hMG2,TGCGATAGTGATCATC,L2
hMG2,TGCGATATCGTGTCAA,Basal
hMG2,TGCGGCAAGCAATAGT,L2
hMG2,TGCGGCAAGCCATGCC,L1
hMG2,TGCGGCAAGTCTGCAT,Basal
hMG2,TGCGGCACACGCTGCA,Basal
hMG2,TGCGGCACATGGGTTT,L2
hMG2,TGCGGCATCCATGAGT,L1
hMG2,TGCGGCATCGTCCTTG,L1
hMG2,TGCGGCATCTGGTTGA,L2
hMG2,TGCGGGTAGCCATATC,L1
hMG2,TGCGGGTAGGACAGTC,L1
hMG2,TGCGGGTAGTTCCAGT,L2
hMG2,TGCGGGTCAAATGCTC,Basal
hMG2,TGCGGGTCAGGTTCAT,L2
hMG2,TGCGGGTCATAGAGGC,L2
hMG2,TGCGGGTCATCGAAGG,Basal
hMG2,TGCGGGTGTTCTTGCC,L1
hMG2,TGCGGGTGTTGATCGT,Basal
hMG2,TGCTCCAAGGAGTCTG,Basal
hMG2,TGCTCCACACCGTGAC,L1
hMG2,TGCTCCACAGACGGAT,L2
hMG2,TGCTCCATCATGTCTT,L1
hMG2,TGCTCCATCGACGCGT,L2
hMG2,TGCTCGTAGAACTCCT,Basal
hMG2,TGCTCGTAGAGAGCAA,L1
hMG2,TGCTCGTAGCCGCTTG,L1
hMG2,TGCTCGTAGTTGGAAT,L1
hMG2,TGCTCGTCAAAGTGTA,L2
hMG2,TGCTCGTCAACTTGGT,L1
hMG2,TGCTCGTCACTGTGTA,L1
hMG2,TGCTCGTCAGCCCACA,Basal
hMG2,TGCTGAAAGCATCAAA,Basal
hMG2,TGCTGAAAGGGTAGCT,L1
hMG2,TGCTGAACAAGTCCCG,L2
hMG2,TGCTGAACACGGCACT,L1
hMG2,TGCTGAATCTGGACCG,L1
hMG2,TGCTTCGAGAGGATGA,Basal
hMG2,TGCTTCGAGTATGAGT,Basal
hMG2,TGCTTCGGTCGAGATG,L1
hMG2,TGCTTCGTCTCCTGTG,L1
hMG2,TGCTTGCAGACTTCAC,L2
hMG2,TGCTTGCAGGTAAACT,L1
hMG2,TGCTTGCAGGTTCACT,L2
hMG2,TGCTTGCCAAGTGTCT,L2
hMG2,TGCTTGCTCCGTGGCA,L1
hMG2,TGGAACTAGACATAAC,L2
hMG2,TGGAACTAGCTGCCTG,Basal
hMG2,TGGAACTCACAATGAA,L2
hMG2,TGGAACTCACCCTGAG,L1
hMG2,TGGAACTCATCGGATT,L1
hMG2,TGGAACTGTCCTCCTA,L2
hMG2,TGGAACTGTCCTGAAT,L1
hMG2,TGGAACTGTCTTGCTC,L1
hMG2,TGGAACTTCCATAGAC,Basal
hMG2,TGGAGAGAGATTGTGA,L1
hMG2,TGGAGAGGTAACCCTA,Basal
hMG2,TGGAGAGGTATGCGTT,L2
hMG2,TGGAGGAAGCACACCC,L2
hMG2,TGGAGGAAGGATGTTA,Basal
hMG2,TGGAGGAAGGGAGGCA,L1
hMG2,TGGAGGAAGTCCGCCA,Basal
hMG2,TGGAGGACAAACCGGA,Basal
hMG2,TGGAGGACAACAGATA,L2
hMG2,TGGAGGACAGATAAAC,L1
hMG2,TGGAGGACAGCACGAA,Basal
hMG2,TGGAGGACAGTCGTTA,L2
hMG2,TGGAGGAGTACTGTTG,L1
hMG2,TGGATCAGTACCTTCC,L1
hMG2,TGGATCAGTCAGCTTA,L1
hMG2,TGGATCATCTTTCAGT,L2
hMG2,TGGATGTAGGGTTGCA,Basal
hMG2,TGGATGTAGGTAATCA,L1
hMG2,TGGATGTCAACAACAA,L1
hMG2,TGGATGTGTAAGCAAT,L1
hMG2,TGGATGTGTGCGAACA,L2
hMG2,TGGATGTGTTCATCGA,Basal
hMG2,TGGCGTGAGGCCCACT,L2
hMG2,TGGCGTGAGTACAGCG,L1
hMG2,TGGCGTGAGTAGAGTT,L2
hMG2,TGGCGTGAGTGCAGCA,Basal
hMG2,TGGCGTGCAAGATTGA,L1
hMG2,TGGCGTGCATGAGAAT,L2
hMG2,TGGCGTGGTATCGTGT,L1
hMG2,TGGCGTGTCATGCCAA,Basal
hMG2,TGGCGTGTCTCCCAAC,Basal
hMG2,TGGGAAGAGACCTCCG,L2
hMG2,TGGGAAGAGGCAGCTA,L2
hMG2,TGGGAAGAGTGCCTCG,L2
hMG2,TGGGAAGCACTCCGAG,L2
hMG2,TGGGAAGCATCATCTT,L2
hMG2,TGGGAAGGTATCTCGA,Basal
hMG2,TGGGAAGGTATTCTCT,L1
hMG2,TGGGAAGTCACGATCA,Basal
hMG2,TGGGAAGTCTACCCAC,L1
hMG2,TGGGAGAAGGGACAGG,Basal
hMG2,TGGGAGACAGAAGCTG,Basal
hMG2,TGGGAGAGTATCGTTG,L1
hMG2,TGGGAGAGTCCGGCAT,Basal
hMG2,TGGGAGAGTTTAAGGA,L1
hMG2,TGGGAGAGTTTGTTGG,L2
hMG2,TGGGAGATCATCGGGC,L1
hMG2,TGGGAGATCCTTCACG,L2
hMG2,TGGGAGATCTGAGGCC,Basal
hMG2,TGGGATTAGTCATCGT,Basal
hMG2,TGGGATTCAACAGCCC,L2
hMG2,TGGGATTCAAGCAATA,L1
hMG2,TGGGATTCACAATGAA,L2
hMG2,TGGGATTGTCGTGGTC,Basal
hMG2,TGGGATTTCTAACACG,L1
hMG2,TGGGCGTGTCAGTCGC,Basal
hMG2,TGGGCGTGTCGTACTA,L2
hMG2,TGGGCTGAGAGCATTA,L2
hMG2,TGGGCTGAGTCGGCAA,Basal
hMG2,TGGGCTGCAACGATTC,Basal
hMG2,TGGGCTGCACTGCACG,Basal
hMG2,TGGGCTGGTGTGTGTT,Basal
hMG2,TGGGCTGGTTTGAACC,L2
hMG2,TGGGCTGTCAGACCCG,Basal
hMG2,TGGGCTGTCCCAATAG,L1
hMG2,TGGGCTGTCCGATAAC,L2
hMG2,TGGGCTGTCTTTACAC,Basal
hMG2,TGGGTTAAGAGTGTTA,L2
hMG2,TGGGTTACACTTTAGG,L2
hMG2,TGGGTTACAGCCGTTG,L2
hMG2,TGGGTTAGTCTGTCAA,Basal
hMG2,TGGGTTAGTGAGATAT,L1
hMG2,TGGGTTAGTGTACATC,L2
hMG2,TGGGTTATCCAGTGCG,L2
hMG2,TGGGTTATCTTCGTAT,L1
hMG2,TGGTACAAGATTGCGG,Basal
hMG2,TGGTACAAGCCTGTCG,L1
hMG2,TGGTACAAGCTCGCAC,L1
hMG2,TGGTACAAGTACTCGT,L1
hMG2,TGGTACAAGTTCACTG,Basal
hMG2,TGGTACACAGGAGGAG,L1
hMG2,TGGTACAGTAACTAAG,L2
hMG2,TGGTACATCGTCAACA,Basal
hMG2,TGGTAGTAGATGGTCG,L2
hMG2,TGGTAGTAGCCTGAAG,Basal
hMG2,TGGTAGTAGCCTTGAT,L1
hMG2,TGGTAGTGTCCAAGAG,L2
hMG2,TGGTAGTTCACAATGC,L2
hMG2,TGGTGATAGCACTAGG,Basal
hMG2,TGGTGATGTATCTCGA,L2
hMG2,TGGTGATGTATGCGGA,L2
hMG2,TGGTGATGTCAAATCC,L2
hMG2,TGGTGATTCTAAGCCA,L2
hMG2,TGGTTAGAGAGGATGA,L2
hMG2,TGGTTAGGTTGCTCCT,Basal
hMG2,TGGTTAGTCAAGCGTT,Basal
hMG2,TGGTTAGTCTGTCGTC,L2
hMG2,TGTAACGAGCTTTCCC,L2
hMG2,TGTAACGAGGCGTTAG,L1
hMG2,TGTAACGCAAACACGG,L2
hMG2,TGTAACGCATCCAATG,Basal
hMG2,TGTAACGGTAACATGA,L2
hMG2,TGTAACGGTAGAGATT,Basal
hMG2,TGTAACGGTAGTGCGA,L1
hMG2,TGTAACGGTGTGTCCG,Basal
hMG2,TGTAACGTCATAGCAC,Basal
hMG2,TGTAAGCAGGATGGCT,Basal
hMG2,TGTAAGCCAAGCTCTA,Basal
hMG2,TGTAAGCCAATCCAGT,L1
hMG2,TGTAAGCCACAGTCCG,L2
hMG2,TGTAAGCCAGTGGTGA,L2
hMG2,TGTAAGCCATAATGCC,L1
hMG2,TGTAAGCCATTGACCA,Basal
hMG2,TGTAAGCGTGGCATCC,L2
hMG2,TGTAAGCGTTCTTGCC,L2
hMG2,TGTAAGCGTTGTGGCC,L2
hMG2,TGTAAGCTCAGGGATG,L2
hMG2,TGTAAGCTCGAGAACG,Basal
hMG2,TGTAAGCTCGAGCACC,L2
hMG2,TGTAAGCTCGGCTTGG,L2
hMG2,TGTACAGAGAAACTCA,L1
hMG2,TGTACAGCAACGGTAG,L1
hMG2,TGTACAGGTAGCTTAC,L1
hMG2,TGTACAGGTATGTGTC,L2
hMG2,TGTAGACAGTTGCTCA,L2
hMG2,TGTAGACCACGTCATA,L2
hMG2,TGTAGACGTATGCAAA,L1
hMG2,TGTAGACTCCAACTAG,L2
hMG2,TGTAGACTCGCCGAGT,L2
hMG2,TGTCAGAAGCCTTGAT,L1
hMG2,TGTCAGAAGTTTGCTG,L2
hMG2,TGTCAGACAGAGAAAG,L1
hMG2,TGTCAGAGTAATCAGA,Basal
hMG2,TGTCAGATCACCTCAC,Basal
hMG2,TGTCCACAGATTTGCC,L1
hMG2,TGTCCACCACAGCGCT,Basal
hMG2,TGTCCACGTACTGCGC,Basal
hMG2,TGTCCACGTCGTCTCT,Basal
hMG2,TGTCCACGTGCAACGA,L1
hMG2,TGTCCACTCATTGTTC,Basal
hMG2,TGTCCCAAGCCGAACA,L2
hMG2,TGTCCCAAGCTCGTGC,Basal
hMG2,TGTCCCACACCAGACC,L2
hMG2,TGTCCCACATGGCCAC,L2
hMG2,TGTCCCATCAGCTGTA,L2
hMG2,TGTCCCATCGATGCTA,Basal
hMG2,TGTCCTGAGTTGGAAT,L1
hMG2,TGTCCTGCAGGTATGG,L2
hMG2,TGTCCTGCAGGTTCAT,Basal
hMG2,TGTCCTGCATACTTTC,L2
hMG2,TGTCCTGCATGAAAGT,Basal
hMG2,TGTCCTGGTATGAAAC,L2
hMG2,TGTCCTGGTTATGTCG,L2
hMG2,TGTCCTGTCAGGGTAG,L1
hMG2,TGTCCTGTCCAGTGCG,L2
hMG2,TGTCCTGTCCCTTGGT,L2
hMG2,TGTGAGTAGTATCCTG,Basal
hMG2,TGTGAGTGTCTATGAC,L2
hMG2,TGTGAGTTCTTCCAGC,L1
hMG2,TGTGATGAGACAGTCG,Basal
hMG2,TGTGATGAGATAGGGA,L2
hMG2,TGTGATGAGGGTCACA,L1
hMG2,TGTGATGAGGTAAACT,L1
hMG2,TGTGATGAGTTGCCCG,L1
hMG2,TGTGATGCATCCGAGC,Basal
hMG2,TGTGATGGTGAAAGTT,Basal
hMG2,TGTGATGTCACCGGTG,L1
hMG2,TGTGATGTCAGCTCTC,L1
hMG2,TGTGATGTCCGACAGC,L1
hMG2,TGTGATGTCTAGTCAG,L1
hMG2,TGTGCGGAGAGTTCGG,L2
hMG2,TGTGCGGAGCACCAGA,L1
hMG2,TGTGCGGAGCGTTCAT,L2
hMG2,TGTGCGGAGTAAACTG,L2
hMG2,TGTGCGGAGTAGTGCG,L1
hMG2,TGTGCGGCACTCCTGT,L2
hMG2,TGTGCGGCATAACTCG,L2
hMG2,TGTGCGGGTACACGTT,L2
hMG2,TGTGCGGGTCACTCAA,L2
hMG2,TGTGCGGGTCATTCCC,L1
hMG2,TGTGCGGGTCCTATAG,L2
hMG2,TGTGCGGGTCGTACAT,L2
hMG2,TGTGCGGGTTCGCGTG,Basal
hMG2,TGTGCGGTCTTCTGGC,L2
hMG2,TGTGGCGAGACTGAGC,L2
hMG2,TGTGGCGAGGAGACCT,L1
hMG2,TGTGGCGCAAGGCAAC,L1
hMG2,TGTGGCGCAGCGTGCT,L2
hMG2,TGTGGCGCAGCTATAC,L1
hMG2,TGTGGCGCATACCGTA,L2
hMG2,TGTGGCGCATCAGTCA,Basal
hMG2,TGTGGCGGTCACATTG,L1
hMG2,TGTGGCGGTTGGTAGG,L2
hMG2,TGTGGCGTCTCTCGAC,Basal
hMG2,TGTGTGAAGACTCAAA,L2
hMG2,TGTGTGAAGCAACAGC,L2
hMG2,TGTGTGAAGTCATCGT,L2
hMG2,TGTGTGACAAAGCAAT,L1
hMG2,TGTGTGACAATCAGCT,Basal
hMG2,TGTGTGACAATTCTTC,Basal
hMG2,TGTGTGACACTAACCA,L2
hMG2,TGTGTGACATTGTGCA,L2
hMG2,TGTGTGAGTCCAGAAG,Basal
hMG2,TGTGTGATCAAACCTG,L1
hMG2,TGTGTGATCCACAAGT,L1
hMG2,TGTGTGATCTCTGCTG,Basal
hMG2,TGTTACTCAGGTCAGA,Basal
hMG2,TGTTACTCAGGTTACT,L1
hMG2,TGTTACTCATACACCA,L2
hMG2,TGTTACTGTTCGGTTA,L1
hMG2,TGTTACTGTTGCTCAA,L1
hMG2,TGTTACTTCGTCGATA,L1
hMG2,TGTTCATAGGGACCAT,L2
hMG2,TGTTCATCACCCATAA,L1
hMG2,TGTTCATCACCCTGAG,L2
hMG2,TGTTCATCACGACCTG,L1
hMG2,TGTTCATGTACTTGTG,L1
hMG2,TGTTCATGTCTCACGG,L1
hMG2,TGTTCATGTTCGGCCA,L2
hMG2,TGTTCATGTTGTAGCT,Basal
hMG2,TGTTCATTCGGCCAAC,L2
hMG2,TGTTCATTCGTAGAGG,L2
hMG2,TGTTCCGAGGACAAGA,L2
hMG2,TGTTCCGGTCCCAAAT,Basal
hMG2,TGTTCCGGTGTCATCA,L2
hMG2,TGTTCCGTCGCTAAAC,L1
hMG2,TGTTCCGTCGGATAAA,L2
hMG2,TGTTCTAAGAAGCTCG,L2
hMG2,TGTTCTAAGGCATGGT,Basal
hMG2,TGTTCTAAGGCCACTC,Basal
hMG2,TGTTCTACAAATACAG,Basal
hMG2,TGTTCTAGTGAGTAAT,L2
hMG2,TGTTCTAGTTGGCCTG,L1
hMG2,TGTTCTATCTTCCTAA,Basal
hMG2,TGTTGAGAGCCTGTGC,Basal
hMG2,TGTTGAGAGGTTGAGC,L1
hMG2,TGTTGAGGTAGCTTGT,L2
hMG2,TGTTGAGGTTGTGTAC,L2
hMG2,TGTTGAGTCCATGATG,L2
hMG2,TGTTGAGTCCTGATAG,Basal
hMG2,TGTTGAGTCGTGGCGT,L1
hMG2,TGTTGAGTCTGCGAGC,L2
hMG2,TGTTGAGTCTGGTGGC,Basal
hMG2,TGTTGGAAGAGGATGA,L2
hMG2,TGTTGGAAGTCGAAGC,Basal
hMG2,TGTTGGACACGATTCA,L2
hMG2,TGTTGGAGTACCGTCG,L1
hMG2,TGTTGGAGTGGCGCTT,Basal
hMG2,TGTTGGATCAGACATC,L1
hMG2,TGTTGGATCCAACACA,L2
hMG2,TGTTTGTAGTTTGTCG,Basal
hMG2,TGTTTGTCAAGCTGTT,L2
hMG2,TGTTTGTCAAGGTCAG,Basal
hMG2,TGTTTGTCACATTGTG,L2
hMG2,TGTTTGTCATAGTCGT,Basal
hMG2,TGTTTGTTCGTGGAAG,L2
hMG2,TTAATCCAGTATGAAC,L1
hMG2,TTAATCCGTGGTTTGT,L1
hMG2,TTACAGGAGTGACCTT,Basal
hMG2,TTACAGGAGTTGGCTT,Basal
hMG2,TTACAGGCAGCATTGT,L2
hMG2,TTACAGGCATCATCTT,L1
hMG2,TTACAGGCATTCGGGC,L2
hMG2,TTACAGGGTAAGGTCG,L1
hMG2,TTACAGGTCAAAGGTA,L1
hMG2,TTACCATAGAAATCCA,L2
hMG2,TTACCATAGCTGAGCA,L1
hMG2,TTACCATTCAGAGCAG,Basal
hMG2,TTACCGCAGTGTTCAC,L1
hMG2,TTACCGCCACAACCGC,L2
hMG2,TTACCGCCAGTGTGGA,L2
hMG2,TTACCGCCATCAGTGT,L2
hMG2,TTACCGCTCACATTGG,L1
hMG2,TTACCGCTCGCATAGT,Basal
hMG2,TTACCGCTCGGCTGGT,L2
hMG2,TTACCGCTCTCTGAGA,L2
hMG2,TTACGCCAGTCACGAG,L2
hMG2,TTACGCCAGTGCAGCA,Basal
hMG2,TTACGCCGTAGCGATG,L1
hMG2,TTACGCCTCTCTCAAT,L2
hMG2,TTACGTTAGGCTGTAG,Basal
hMG2,TTACGTTAGTGCCGAA,L1
hMG2,TTACGTTCATAATGCC,Basal
hMG2,TTACGTTGTCCAGAAG,Basal
hMG2,TTACGTTGTTACCTGA,Basal
hMG2,TTACTGTAGGGTTAAT,L1
hMG2,TTACTGTAGTCACGAG,L2
hMG2,TTACTGTCAGCAGTAG,L1
hMG2,TTACTGTGTGTAACGG,L2
hMG2,TTACTGTTCAATGCAC,L2
hMG2,TTACTGTTCGGTCTGG,L2
hMG2,TTACTGTTCTGTCAGA,L2
hMG2,TTAGGCAAGAATAGTC,Basal
hMG2,TTAGGCAGTAAGAACT,L2
hMG2,TTAGGCAGTCTCCTGT,L1
hMG2,TTAGGGTAGGTAAGAG,L1
hMG2,TTAGGGTGTACCTAAC,L1
hMG2,TTAGGGTGTCGAATGG,Basal
hMG2,TTAGTCTCATCGATGT,L2
hMG2,TTAGTCTGTCACGACC,L1
hMG2,TTAGTCTTCACCGACG,L1
hMG2,TTAGTCTTCCTACACC,L2
hMG2,TTATTGCAGGAGGTTC,Basal
hMG2,TTATTGCAGGTCACCC,Basal
hMG2,TTATTGCCAATGTCAC,Basal
hMG2,TTATTGCGTGCCCACA,L2
hMG2,TTATTGCTCAGCAATC,L1
hMG2,TTATTGCTCTGGCTGG,Basal
hMG2,TTCAATCAGCATAGGC,L2
hMG2,TTCAATCAGCATTTCG,Basal
hMG2,TTCAATCCAACCACAT,Basal
hMG2,TTCAATCCACAGTCGC,L2
hMG2,TTCAATCCATGAAGCG,Basal
hMG2,TTCAATCGTAGCTAAA,L2
hMG2,TTCAATCGTGTCCCTT,L2
hMG2,TTCAATCTCCATCTAT,L1
hMG2,TTCAATCTCGGCTCTT,Basal
hMG2,TTCAATCTCTAGTCAG,Basal
hMG2,TTCAATCTCTCGGTCT,L1
hMG2,TTCACCGAGCGGGTAT,L2
hMG2,TTCACCGAGTTCCTGA,Basal
hMG2,TTCACCGCACCTCTAC,L1
hMG2,TTCACCGCAGACATCT,Basal
hMG2,TTCACCGGTAGTGCGA,L2
hMG2,TTCACCGGTTAACAGA,L1
hMG2,TTCACCGGTTCCTAGA,Basal
hMG2,TTCACCGTCATAGACC,L1
hMG2,TTCACCGTCATTTACC,L1
hMG2,TTCACCGTCATTTCGT,L2
hMG2,TTCACCGTCCTGTTGC,L2
hMG2,TTCACCGTCGCGTTTC,L2
hMG2,TTCACGCCAACCGCTG,Basal
hMG2,TTCACGCGTCTGTAGT,L1
hMG2,TTCACGCGTGGGATTG,L1
hMG2,TTCACGCTCGTTAGAC,L1
hMG2,TTCACGCTCTGGTGGC,L2
hMG2,TTCAGGAAGATGAACT,L2
hMG2,TTCAGGAAGTATTGCC,L1
hMG2,TTCAGGACAAACTAGA,L1
hMG2,TTCAGGACACTACGGC,Basal
hMG2,TTCAGGACATCCCGTT,L2
hMG2,TTCAGGACATGAGATA,L2
hMG2,TTCAGGATCATCTGTT,L1
hMG2,TTCAGGATCTATGTGG,L1
hMG2,TTCATGTGTGTCTAAC,Basal
hMG2,TTCATGTTCCTGGGTG,Basal
hMG2,TTCATTGAGACATCAA,L1
hMG2,TTCATTGAGCCTGAAG,L2
hMG2,TTCATTGAGGGCAGTT,Basal
hMG2,TTCATTGCACTAGTAC,Basal
hMG2,TTCATTGGTACCGTGC,L2
hMG2,TTCATTGGTACGAGTG,L2
hMG2,TTCATTGGTCATACCA,Basal
hMG2,TTCATTGGTGACATCT,L2
hMG2,TTCATTGGTGACTAAA,L2
hMG2,TTCATTGTCCGTGGGT,L2
hMG2,TTCATTGTCGTTATCT,Basal
hMG2,TTCCAATAGAGGGTGG,L1
hMG2,TTCCAATAGCCGTCGT,L1
hMG2,TTCCAATAGGCGAACT,L2
hMG2,TTCCAATTCATGAGGG,L2
hMG2,TTCCAATTCGAGTACT,L2
hMG2,TTCCACGAGTCATCGT,L1
hMG2,TTCCACGCAACACTAC,L2
hMG2,TTCCACGCAGAGTCTT,Basal
hMG2,TTCCACGCATGATGCT,L2
hMG2,TTCCACGTCAGTGTGT,Basal
hMG2,TTCCACGTCGTAACCA,L2
hMG2,TTCCGGTAGGACAGTC,L2
hMG2,TTCCGGTAGGCTAACG,Basal
hMG2,TTCCGGTAGTAACCTC,L2
hMG2,TTCCGGTCACCTCTGT,Basal
hMG2,TTCCGGTTCTGGCTGG,L1
hMG2,TTCCGTGAGGCTCAAG,L2
hMG2,TTCCGTGAGGGTGAAA,Basal
hMG2,TTCCGTGCAAACTCTG,Basal
hMG2,TTCCGTGCATCTTTCA,Basal
hMG2,TTCCGTGCATGGGCAA,L1
hMG2,TTCCGTGGTCTGCAAT,L2
hMG2,TTCCGTGGTGGCTGAA,L2
hMG2,TTCCGTGTCGTTCTCG,L2
hMG2,TTCCGTGTCTCTGAGA,L2
hMG2,TTCCGTGTCTGTGCAA,L2
hMG2,TTCCTAAAGAGTCACG,L2
hMG2,TTCCTAAAGGGTTTCT,L1
hMG2,TTCCTAACAGTCTTCC,Basal
hMG2,TTCCTAAGTACCAGAG,Basal
hMG2,TTCCTAAGTATGACAA,L2
hMG2,TTCCTAAGTTTCGTAG,Basal
hMG2,TTCCTAATCAAGGAGC,Basal
hMG2,TTCCTAATCTGGCCGA,L1
hMG2,TTCCTCTAGCCAAGTG,L1
hMG2,TTCCTCTAGCCACTCG,L1
hMG2,TTCCTCTAGCCTTGAT,L2
hMG2,TTCCTCTAGGTAACTA,L1
hMG2,TTCCTCTAGTCATGAA,L2
hMG2,TTCCTTCAGCGTCTCG,Basal
hMG2,TTCCTTCAGCTGCCAC,L1
hMG2,TTCCTTCAGTTCTACG,L2
hMG2,TTCCTTCCAAGCGAGT,L2
hMG2,TTCCTTCCAGTCGCTG,L1
hMG2,TTCCTTCGTGGTCAAG,L2
hMG2,TTCCTTCGTGTCCGTG,L1
hMG2,TTCCTTCTCGTCAAAC,L1
hMG2,TTCCTTCTCTCCCAAC,L1
hMG2,TTCGATTAGGAACTAT,Basal
hMG2,TTCGATTAGGTTGTTC,L2
hMG2,TTCGATTAGTATGGAT,L1
hMG2,TTCGATTAGTCGAAGC,L2
hMG2,TTCGATTCATCATCCC,L1
hMG2,TTCGATTCATCGGAGA,L2
hMG2,TTCGATTGTACTAAGA,L1
hMG2,TTCGATTGTATCAAGA,Basal
hMG2,TTCGATTGTCATTCCC,L1
hMG2,TTCGATTGTGAATGTA,Basal
hMG2,TTCGATTGTGGTCTAT,L2
hMG2,TTCGCTGAGCCTAGGA,Basal
hMG2,TTCGCTGAGGCTAAAT,L2
hMG2,TTCGCTGAGTGCTACT,Basal
hMG2,TTCGCTGCAGTTCACA,Basal
hMG2,TTCGCTGTCGACTCCT,L2
hMG2,TTCGGTCAGCCTGAAG,Basal
hMG2,TTCGGTCCAACGCATT,Basal
hMG2,TTCGGTCCAAGCGAGT,L1
hMG2,TTCGGTCGTTATCTGG,L2
hMG2,TTCGGTCGTTCAACGT,Basal
hMG2,TTCTAACCAATAGTGA,L1
hMG2,TTCTAACGTACATACC,L1
hMG2,TTCTAACGTACTCAAC,L1
hMG2,TTCTAACGTGGGCTTC,L2
hMG2,TTCTAACGTTTCACAG,L1
hMG2,TTCTAACTCGCGAAGA,L2
hMG2,TTCTAACTCTGGGCGT,L2
hMG2,TTCTAACTCTGTGCTC,L2
hMG2,TTCTAACTCTTACGGA,L2
hMG2,TTCTAGTAGCAACTCT,L1
hMG2,TTCTAGTAGTCCTGCG,Basal
hMG2,TTCTAGTGTCAATGGG,L2
hMG2,TTCTAGTGTCGGTGTC,L2
hMG2,TTCTAGTGTGAGCCAA,L1
hMG2,TTCTAGTTCATGCCGG,L2
hMG2,TTCTAGTTCGCCATAA,Basal
hMG2,TTCTAGTTCGTTCAGA,L1
hMG2,TTCTAGTTCTACGGTA,L2
hMG2,TTCTCTCAGCGATGGT,Basal
hMG2,TTCTCTCCAGCCTACG,L1
hMG2,TTCTCTCCAGTGGCTC,L1
hMG2,TTCTCTCTCAGCCCAG,L2
hMG2,TTCTCTCTCGTAACTG,L2
hMG2,TTCTCTCTCTGTAACG,L2
hMG2,TTCTGTAAGGTCCAGA,L2
hMG2,TTCTGTAAGTTGCTCA,Basal
hMG2,TTCTGTACAATGTTGC,L1
hMG2,TTCTGTAGTCGTGATT,L1
hMG2,TTCTGTATCTTTCCGG,L1
hMG2,TTCTTCCAGCGCGTTC,L1
hMG2,TTCTTCCAGGACGGAG,L1
hMG2,TTCTTCCAGTACCCTA,Basal
hMG2,TTCTTCCCAACGTAAA,L2
hMG2,TTCTTCCCACTGTCCT,L1
hMG2,TTCTTCCCAGTGTGGA,L1
hMG2,TTCTTCCGTGCCCAGT,L1
hMG2,TTCTTCCTCCCATACC,L2
hMG2,TTCTTCCTCTCTGGTC,L1
hMG2,TTCTTGAAGGTAGTCG,L2
hMG2,TTCTTGACAACCACAT,L1
hMG2,TTCTTGAGTTGCAAGG,L2
hMG2,TTCTTGATCTCAGGCG,L1
hMG2,TTGAACGAGCATCGAG,L1
hMG2,TTGAACGAGGCACAAC,L1
hMG2,TTGAACGAGTTGCCCG,L2
hMG2,TTGAACGCACTCGATA,Basal
hMG2,TTGAACGCATTCAGCA,Basal
hMG2,TTGAACGTCCAGGACC,L1
hMG2,TTGAACGTCGTAACTG,L2
hMG2,TTGACCCAGAAGGCTC,L2
hMG2,TTGACCCCAATAGTCC,L2
hMG2,TTGACCCCACCTTCGT,L2
hMG2,TTGACCCGTCTTGAGT,L1
hMG2,TTGACCCGTGACTCTA,L1
hMG2,TTGACCCGTGAGATTA,Basal
hMG2,TTGACCCGTGTCTTAG,Basal
hMG2,TTGAGTGAGCACAAAT,L1
hMG2,TTGAGTGAGCCACTCG,Basal
hMG2,TTGAGTGCAGCTGTGC,Basal
hMG2,TTGAGTGCATGCCGAC,L1
hMG2,TTGAGTGGTCCCTGTT,L2
hMG2,TTGAGTGGTCTCAGAT,L2
hMG2,TTGAGTGTCCATCTCG,Basal
hMG2,TTGATGGAGTAACAGT,Basal
hMG2,TTGATGGCATCTAACG,Basal
hMG2,TTGATGGTCCCTCTTT,Basal
hMG2,TTGATGGTCGTTCATT,Basal
hMG2,TTGATGGTCTGAGATC,L1
hMG2,TTGCATTAGCAAGGAA,Basal
hMG2,TTGCATTAGGCTTTCA,L1
hMG2,TTGCATTCAATTTCTC,L1
hMG2,TTGCATTGTATGCGTT,L2
hMG2,TTGCATTGTCCCACGA,L1
hMG2,TTGCATTTCACCCTGT,L1
hMG2,TTGCATTTCGGCTGAC,L1
hMG2,TTGCCTGAGGTAGCCA,L2
hMG2,TTGCCTGAGTGGCGAT,L2
hMG2,TTGCCTGCACCTCAGG,L2
hMG2,TTGCCTGCACGACAAG,L2
hMG2,TTGCCTGTCTGCTGAA,L2
hMG2,TTGCGTCAGCTGACTT,L2
hMG2,TTGCGTCCAGAGTGAC,L2
hMG2,TTGCGTCTCTTCACAT,L2
hMG2,TTGCTGCCACCAGGTC,Basal
hMG2,TTGCTGCCAGTCGTTA,Basal
hMG2,TTGCTGCCATAAGCGG,L2
hMG2,TTGCTGCTCATTTACC,Basal
hMG2,TTGCTGCTCCCATTCG,L2
hMG2,TTGCTGCTCGCAGAGA,Basal
hMG2,TTGCTGCTCTGCTCTG,L2
hMG2,TTGGATGCACAGCGCT,L1
hMG2,TTGGATGCAGGTGAGT,L1
hMG2,TTGGATGGTACACTCA,Basal
hMG2,TTGGATGGTACGCTAT,L1
hMG2,TTGGATGTCCGGCAAC,Basal
hMG2,TTGGATGTCGAATCCA,L2
hMG2,TTGGGATAGACAGTCG,L1
hMG2,TTGGGATCACTTGGCG,L1
hMG2,TTGGGATCATCCGAAT,L2
hMG2,TTGGGATTCCTCACGT,L2
hMG2,TTGGGATTCGACGACC,L2
hMG2,TTGGGATTCTGAGAAA,L2
hMG2,TTGGGCGAGATTCGAA,L2
hMG2,TTGGGCGAGCGCAATG,L2
hMG2,TTGGGCGAGTGTTGTC,L2
hMG2,TTGGGCGCAAACGTGG,L1
hMG2,TTGGGCGCATATACCG,L1
hMG2,TTGGGCGGTCTGTCAA,L1
hMG2,TTGGGCGTCTGTGCTC,L1
hMG2,TTGGGTAAGAGTATAC,L1
hMG2,TTGGGTACACAGTATC,L2
hMG2,TTGGGTACACCACTGG,L1
hMG2,TTGGGTACAGACATCT,L1
hMG2,TTGGGTAGTCTTTATC,Basal
hMG2,TTGGGTATCCTTGGAA,L2
hMG2,TTGGTTTAGCCACTCG,Basal
hMG2,TTGGTTTAGGATGTTA,L2
hMG2,TTGGTTTCAAGGTCAG,Basal
hMG2,TTGGTTTCACGTAGTT,Basal
hMG2,TTGGTTTGTGATAGTA,L1
hMG2,TTGGTTTGTGATCATC,L2
hMG2,TTGGTTTGTTGGGCCT,Basal
hMG2,TTGTGGAAGAAAGCGA,L2
hMG2,TTGTGGACAGCTATAC,L2
hMG2,TTGTGGACATATACCG,L2
hMG2,TTGTGGAGTGGCTCTG,L1
hMG2,TTGTGGATCAAGCCTA,L2
hMG2,TTGTGTTAGGGCAAGG,Basal
hMG2,TTGTGTTCACTGCTTC,Basal
hMG2,TTGTGTTTCAAACCTG,L1
hMG2,TTGTGTTTCCGAGAAG,L2
hMG2,TTGTTCAAGACGAAGA,L2
hMG2,TTGTTCAGTGCAGGAT,Basal
hMG2,TTGTTCAGTTACCGTA,L2
hMG2,TTGTTCAGTTCCAGGC,L2
hMG2,TTGTTCATCCAGCCTT,L2
hMG2,TTGTTCATCTGCATAG,L2
hMG2,TTGTTCATCTGCTGAA,L1
hMG2,TTGTTGTAGAGGTCGT,L2
hMG2,TTGTTGTAGGATACAT,L1
hMG2,TTGTTGTCAGCCGGTT,L2
hMG2,TTGTTTGAGGTCGTCC,L2
hMG2,TTGTTTGAGTGGCCTC,L2
hMG2,TTGTTTGCAAATTAGG,L1
hMG2,TTGTTTGGTTTGCAGT,L2
hMG2,TTGTTTGTCTTGGTCC,Basal
hMG2,TTTACCAAGTAGAGTT,L1
hMG2,TTTACCATCGAAGTGG,L2
hMG2,TTTACCATCTTGGTCC,L2
hMG2,TTTACGTAGCGTCGAA,L2
hMG2,TTTACGTAGGAGAATG,L2
hMG2,TTTACGTCAAATGGCG,Basal
hMG2,TTTACGTCAACGATTC,L2
hMG2,TTTACGTCACCCTGAG,L1
hMG2,TTTACGTTCGTAACCA,L1
hMG2,TTTACGTTCGTACACA,L1
hMG2,TTTACTGAGCCTCCAG,L1
hMG2,TTTACTGCAACAAGAT,Basal
hMG2,TTTACTGCACCTATCC,L1
hMG2,TTTACTGCACTGCGAC,Basal
hMG2,TTTACTGGTACCTATG,Basal
hMG2,TTTACTGGTATGTGTC,L2
hMG2,TTTACTGTCCAGTGTA,L1
hMG2,TTTACTGTCGTAGCTA,L2
hMG2,TTTAGTCAGAAGAACG,L2
hMG2,TTTAGTCAGTAAACAC,L1
hMG2,TTTAGTCAGTCAACAA,Basal
hMG2,TTTAGTCCAACAGAGC,L1
hMG2,TTTAGTCCACAAGTTC,L2
hMG2,TTTAGTCCACTCCGAG,L1
hMG2,TTTAGTCGTGACTGAG,L2
hMG2,TTTAGTCTCCCACAGG,L2
hMG2,TTTAGTCTCCGCGAGT,Basal
hMG2,TTTAGTCTCGAAGCAG,L2
hMG2,TTTAGTCTCTCAACGA,Basal
hMG2,TTTATGCAGATGCTAA,Basal
hMG2,TTTATGCAGTAACCGG,L1
hMG2,TTTATGCCAAGAGATT,L1
hMG2,TTTATGCCAAGCTGCC,L2
hMG2,TTTATGCGTAACACGG,Basal
hMG2,TTTATGCGTATGATCC,L1
hMG2,TTTCACAAGCCTGGAA,Basal
hMG2,TTTCACACAAGTTCGT,L2
hMG2,TTTCACACACCCTGAG,L2
hMG2,TTTCACACACTGAGGA,L2
hMG2,TTTCACAGTAGGTTTC,L1
hMG2,TTTCACAGTGCGGTAA,L2
hMG2,TTTCACAGTGGTAATA,L2
hMG2,TTTCACATCGGAGCAA,Basal
hMG2,TTTCAGTAGCAGGGAG,Basal
hMG2,TTTCAGTAGTCATGAA,L2
hMG2,TTTCAGTCACCAGTTA,L1
hMG2,TTTCAGTGTCGGCCTA,L2
hMG2,TTTCAGTGTTGTTTGG,Basal
hMG2,TTTCAGTTCAGGACGA,L1
hMG2,TTTCAGTTCCCTCAAC,Basal
hMG2,TTTCAGTTCCGCGATG,L1
hMG2,TTTCAGTTCTTAATCC,L1
hMG2,TTTCAGTTCTTAGCCC,L1
hMG2,TTTCATGAGTGCACTT,L1
hMG2,TTTCATGCATGGGTCC,L1
hMG2,TTTCATGGTATACCTG,L1
hMG2,TTTCATGGTCTCCCTA,Basal
hMG2,TTTCATGGTGCTCTCT,L1
hMG2,TTTCATGTCATGCAGT,Basal
hMG2,TTTCATGTCCCGAACG,L2
hMG2,TTTCCTCAGTATGACA,Basal
hMG2,TTTCCTCCAATACCCA,L1
hMG2,TTTCCTCCACTGGACC,Basal
hMG2,TTTCCTCGTCATTCCC,L2
hMG2,TTTCCTCGTGAGATTA,L1
hMG2,TTTCCTCTCACTTTGT,Basal
hMG2,TTTCCTCTCAGCACCG,L1
hMG2,TTTCCTCTCTCCAAGA,L2
hMG2,TTTCCTCTCTTACTGT,L2
hMG2,TTTCCTCTCTTGAGCA,L2
hMG2,TTTCGATAGGACACTG,Basal
hMG2,TTTCGATAGTCATACC,L2
hMG2,TTTCGATCAACCCTAA,Basal
hMG2,TTTCGATCACGAGAAC,L2
hMG2,TTTCGATCAGCTATAC,L1
hMG2,TTTCGATCATAGAGGC,L2
hMG2,TTTCGATGTGAATATG,L2
hMG2,TTTCGATGTGCAAGAC,Basal
hMG2,TTTCGATTCGAACGCC,L2
hMG2,TTTGACTCACCCTGTT,L2
hMG2,TTTGACTCATAAGATG,L2
hMG2,TTTGACTCATCGGAAG,L2
hMG2,TTTGACTCATGTCAGT,Basal
hMG2,TTTGACTGTGAACTAA,Basal
hMG2,TTTGACTGTTTGACAC,Basal
hMG2,TTTGATCAGCGCACAA,L1
hMG2,TTTGATCCAGAAACCG,L1
hMG2,TTTGATCGTCACTCGG,L1
hMG2,TTTGATCGTCGTTGGC,L1
hMG2,TTTGATCTCACCTACC,L2
hMG2,TTTGGAGAGACTCAAA,L2
hMG2,TTTGGAGAGCTTTCTT,L2
hMG2,TTTGGAGCAGCACAAG,L1
hMG2,TTTGGAGTCGGAGTAG,L1
hMG2,TTTGGAGTCTGCCTGT,L2
hMG2,TTTGGTTAGAGGTTTA,L2
hMG2,TTTGGTTAGCTTAAGA,L1
hMG2,TTTGGTTAGGCGAAGG,L1
hMG2,TTTGGTTAGGCTTAAA,L2
hMG2,TTTGGTTAGTTGTCAC,L2
hMG2,TTTGGTTCAGGCAATG,Basal
hMG2,TTTGGTTCATTCTCTA,Basal
hMG2,TTTGGTTCATTGCTTT,L1
hMG2,TTTGGTTGTCGCTTAA,Basal
hMG2,TTTGGTTGTGGTCCCA,Basal
hMG2,TTTGGTTTCAGTCTTT,L1
hMG2,TTTGTTGAGATGTTCC,Basal
hMG2,TTTGTTGAGCTACAAA,L2
hMG2,TTTGTTGAGCTTAGTC,Basal
hMG2,TTTGTTGCAACCTAAC,Basal
hMG2,TTTGTTGGTCATCCCT,L1
hMG2,TTTGTTGGTCGCACAC,L2
hMG2,TTTGTTGGTGGGACAT,L2
hMG2,TTTGTTGGTTGCCATA,Basal
hMG2,TTTGTTGTCAAGTTGC,L2
hMG2,TTTGTTGTCTAGGCCG,L1
hMG3,AAACCCACAGGATGAC,L1
hMG3,AAACCCAGTCCTATAG,L1
hMG3,AAACCCAGTTACAGCT,L1
hMG3,AAACCCATCCCTCTCC,Basal
hMG3,AAACCCATCGCTTTAT,L2
hMG3,AAACCCATCTTTCGAT,L2
hMG3,AAACGAAAGTTCCTGA,L2
hMG3,AAACGAACAAGAAATC,L2
hMG3,AAACGAACACTACACA,L2
hMG3,AAACGAACAGAAACCG,L1
hMG3,AAACGAACAGGACAGT,L1
hMG3,AAACGAAGTTAACCTG,L2
hMG3,AAACGAAGTTCGTAAC,L2
hMG3,AAACGAATCATGGTAC,L1
hMG3,AAACGAATCATGTCAG,L2
hMG3,AAACGCTCAAAGGTTA,L2
hMG3,AAACGCTTCTCTGAGA,L2
hMG3,AAAGAACAGGAATGTT,L1
hMG3,AAAGAACCACCCAATA,L1
hMG3,AAAGGATAGTCACGAG,L1
hMG3,AAAGGATGTCGCCACA,L1
hMG3,AAAGGATTCCATACAG,L2
hMG3,AAAGGGCAGGCCACCT,L1
hMG3,AAAGGGCCACGGTAGA,L1
hMG3,AAAGGGCCATCCGAGC,L1
hMG3,AAAGGGCGTAGAGGAA,L2
hMG3,AAAGGGCTCGCATAGT,L1
hMG3,AAAGGGCTCTGGGATT,L2
hMG3,AAAGGTACAGCTTTGA,L1
hMG3,AAAGGTACATATCTGG,L2
hMG3,AAAGGTATCGCCTTTG,L2
hMG3,AAAGGTATCGCTAGCG,L2
hMG3,AAAGTCCCAATCGCCG,L1
hMG3,AAAGTCCCAGCTGAAG,L2
hMG3,AAAGTCCGTACCCAGC,L2
hMG3,AAAGTGAGTCTTACTT,L2
hMG3,AAAGTGAGTTCTCCTG,L1
hMG3,AAAGTGATCCTGTACC,L1
hMG3,AAAGTGATCGGTGTAT,L1
hMG3,AAATGGAAGTCTGCAT,L2
hMG3,AAATGGACACGACGCT,L1
hMG3,AAATGGAGTCACGTGC,L1
hMG3,AAATGGATCAAGAAAC,L2
hMG3,AACAAAGCATAGAATG,L1
hMG3,AACAAAGTCAGAGCGA,L2
hMG3,AACAACCAGAGATTCA,L1
hMG3,AACAACCCACTGATTG,L2
hMG3,AACAACCCATCAACCA,L2
hMG3,AACAACCGTAACGCGA,L1
hMG3,AACAACCGTATGTCAC,L2
hMG3,AACAACCGTCAACCAT,L1
hMG3,AACAACCGTTCGGCCA,L2
hMG3,AACAAGAAGAGCCGTA,L1
hMG3,AACAAGAAGGGATCGT,L2
hMG3,AACAAGACAGACGGAT,L2
hMG3,AACAAGACATCGGAAG,L1
hMG3,AACAAGAGTATTCCTT,L2
hMG3,AACAAGATCCTGTTGC,L1
hMG3,AACACACCAACCGATT,L2
hMG3,AACACACGTGGACAGT,L2
hMG3,AACACACTCTATCGTT,L1
hMG3,AACAGGGCAGTGTGCC,L1
hMG3,AACAGGGCAGTTAAAG,L1
hMG3,AACCAACAGTCAAGCG,L1
hMG3,AACCAACCAGGCACTC,L2
hMG3,AACCAACTCGGCATCG,L2
hMG3,AACCACATCCCATACC,L2
hMG3,AACCACATCTAAGCCA,L2
hMG3,AACCATGCAAGCGCAA,L2
hMG3,AACCATGTCTTCGCTG,L1
hMG3,AACCCAAAGACGACGT,L2
hMG3,AACCCAAAGGTGCTTT,L1
hMG3,AACCCAACACCCTATC,L2
hMG3,AACCCAAGTTCCTACC,L2
hMG3,AACCTGAAGTAAATGC,L1
hMG3,AACCTGAAGTGACCTT,L2
hMG3,AACCTGACAAGAATGT,L1
hMG3,AACCTGAGTCGGTGTC,L1
hMG3,AACCTTTAGTATAACG,L2
hMG3,AACCTTTCAAACTCGT,L2
hMG3,AACCTTTCACTACGGC,L2
hMG3,AACCTTTGTTAAGGAT,L1
hMG3,AACCTTTTCCTGGGAC,L2
hMG3,AACCTTTTCGTTATCT,L1
hMG3,AACCTTTTCTCAATCT,L1
hMG3,AACGAAAAGATACTGA,L1
hMG3,AACGAAAAGGACTTCT,L1
hMG3,AACGAAACACTTGAGT,L2
hMG3,AACGAAAGTCTGTAGT,L1
hMG3,AACGAAAGTGCCTAAT,L1
hMG3,AACGGGAAGAGTCTTC,L1
hMG3,AACGGGAAGATGTTCC,L2
hMG3,AACGGGAAGGGATGTC,L2
hMG3,AACGGGACAAGGTTGG,L1
hMG3,AACGGGACAAGTACCT,Basal
hMG3,AACGGGAGTGAATTAG,L1
hMG3,AACGGGAGTTAAACCC,L1
hMG3,AACGGGATCGCTGTCT,L1
hMG3,AACGGGATCGGTGTAT,Basal
hMG3,AACGTCAAGCACTTTG,L1
hMG3,AACGTCAGTCAGGAGT,L1
hMG3,AACGTCATCTCAGAAC,L2
hMG3,AACTTCTAGTCATCGT,Basal
hMG3,AACTTCTAGTCCCGGT,L2
hMG3,AACTTCTCAACCGTGC,L1
hMG3,AACTTCTGTACTGCCG,L2
hMG3,AACTTCTGTATCTCGA,L1
hMG3,AACTTCTTCCATTTGT,L2
hMG3,AACTTCTTCCGCCTAT,L1
hMG3,AACTTCTTCGCCCAGA,L2
hMG3,AACTTCTTCTCGCGTT,L2
hMG3,AAGAACACAGCGTGAA,L2
hMG3,AAGAACACAGTAGTGG,L2
hMG3,AAGAACAGTCGGCACT,L1
hMG3,AAGAACATCACTACGA,L2
hMG3,AAGAACATCATTGCGA,L2
hMG3,AAGAACATCTGAGTCA,Basal
hMG3,AAGAACATCTGTCTCG,L1
hMG3,AAGACAAAGCTAAACA,L1
hMG3,AAGACAACACCTTCGT,L1
hMG3,AAGACAAGTATAATGG,L2
hMG3,AAGACAATCGTAGTCA,L2
hMG3,AAGACTCGTATCGTTG,L2
hMG3,AAGACTCGTCAGGTGA,L2
hMG3,AAGATAGAGCTCATAC,L2
hMG3,AAGATAGCAAGATCCT,L2
hMG3,AAGATAGCATGACCCG,L2
hMG3,AAGATAGTCAGCGCGT,L1
hMG3,AAGATAGTCGACGCTG,L2
hMG3,AAGCATCAGGATGGCT,L1
hMG3,AAGCATCCATAGAGGC,L1
hMG3,AAGCATCGTAGAATAC,L2
hMG3,AAGCATCTCGCTAGCG,L1
hMG3,AAGCCATGTCCGGATC,Basal
hMG3,AAGCCATGTGTACAGG,L1
hMG3,AAGCCATTCGTCGATA,L2
hMG3,AAGCGAGAGTTAGTAG,L2
hMG3,AAGCGAGCATAACAGA,L1
hMG3,AAGCGAGGTAAGGCCA,L1
hMG3,AAGCGAGTCCCTTGGT,L1
hMG3,AAGCGTTAGGAGAGTA,L2
hMG3,AAGCGTTGTTTCGGCG,L2
hMG3,AAGCGTTTCTGGTTGA,L1
hMG3,AAGGAATAGATTGGGC,L2
hMG3,AAGGAATAGTTTCGAC,L1
hMG3,AAGGAATGTATTGCCA,L2
hMG3,AAGGAATGTCGCCTAG,L1
hMG3,AAGGAATTCTGCTTTA,L2
hMG3,AAGGTAACACATGGTT,L2
hMG3,AAGGTAAGTCAAAGCG,L2
hMG3,AAGTACCTCATGAGTC,L1
hMG3,AAGTCGTGTTCAACGT,L1
hMG3,AAGTGAAAGCGTTCCG,L2
hMG3,AAGTGAACAAAGACGC,L2
hMG3,AAGTGAACATATGGCT,L2
hMG3,AAGTGAAGTGACCGTC,L2
hMG3,AAGTGAAGTGTGTGGA,L1
hMG3,AAGTGAATCCAGGACC,L1
hMG3,AAGTGAATCGGCATTA,L1
hMG3,AAGTTCGAGTTGGAGC,L2
hMG3,AAGTTCGGTTTAGAGA,L1
hMG3,AATAGAGAGACCTTTG,L2
hMG3,AATAGAGAGATTGGGC,L1
hMG3,AATAGAGTCACTTATC,L1
hMG3,AATAGAGTCCAACTAG,L1
hMG3,AATCACGAGAATTGCA,L1
hMG3,AATCACGCATTCAGGT,L1
hMG3,AATCACGTCTCAATCT,L2
hMG3,AATCACGTCTCTCGCA,L2
hMG3,AATCACGTCTTGATTC,L1
hMG3,AATCGACAGGGTGGGA,L2
hMG3,AATCGACAGGTCACTT,L1
hMG3,AATCGACAGGTCCTGC,L1
hMG3,AATCGACCAACAAGTA,L1
hMG3,AATCGACCACTGAATC,L1
hMG3,AATCGACGTCACCGAC,L2
hMG3,AATCGACGTCTATGAC,L1
hMG3,AATCGACGTTCAATCG,L1
hMG3,AATCGACTCAAACTGC,L2
hMG3,AATCGTGAGCACAAAT,Basal
hMG3,AATCGTGAGGTAGATT,Basal
hMG3,AATCGTGAGGTGGTTG,L2
hMG3,AATCGTGTCGCATTGA,L2
hMG3,AATGAAGAGCACTCAT,L2
hMG3,AATGAAGAGCGTGAAC,L1
hMG3,AATGAAGAGTTCCAGT,L2
hMG3,AATGAAGCATAAGCAA,L2
hMG3,AATGAAGGTGAGTTTC,L1
hMG3,AATGAAGGTTCGGTCG,L1
hMG3,AATGAAGGTTGCGTAT,L1
hMG3,AATGAAGTCCACAGCG,L1
hMG3,AATGAAGTCTTAGTTC,L1
hMG3,AATGACCAGATTCGCT,L1
hMG3,AATGACCAGGACCCAA,L1
hMG3,AATGACCAGTGGATAT,L2
hMG3,AATGACCTCCATCTGC,L2
hMG3,AATGACCTCGAAGGAC,L1
hMG3,AATGACCTCGTAGAGG,L2
hMG3,AATGCCAAGACCGCCT,L1
hMG3,AATGCCAAGGTCACAG,Basal
hMG3,AATGCCATCACTCGAA,L2
hMG3,AATGCCATCGCATTGA,L2
hMG3,AATGGAAAGCGTTACT,L2
hMG3,AATGGAACATGTCAGT,L2
hMG3,AATGGAAGTATAGCTC,L1
hMG3,AATGGAAGTATCGCGC,L2
hMG3,AATGGAATCGTTCTGC,L1
hMG3,AATGGAATCTTCCACG,L1
hMG3,AATGGCTCAAGTATAG,L1
hMG3,AATTCCTCAACGGCTC,L2
hMG3,AATTCCTGTGCGAGTA,L2
hMG3,AATTCCTTCAGCGCAC,L2
hMG3,AATTCCTTCTCGACGG,L2
hMG3,AATTCCTTCTGTGCGG,L2
hMG3,AATTTCCCATAAGCGG,L1
hMG3,AATTTCCTCTGGGAGA,L1
hMG3,ACAAAGAGTACGCGTC,L1
hMG3,ACAAAGATCAAGAGGC,L2
hMG3,ACAACCAAGGCAGTCA,L2
hMG3,ACAAGCTAGAGGTTAT,L2
hMG3,ACAAGCTCAATTCGTG,L2
hMG3,ACAAGCTGTGGAACAC,L2
hMG3,ACAAGCTTCACGGAGA,L2
hMG3,ACACAGTCAAGGCAAC,L1
hMG3,ACACAGTGTGATCGTT,L2
hMG3,ACACAGTTCTTCACAT,L2
hMG3,ACACCAAAGATACGAT,L2
hMG3,ACACCAACAACAGCTT,L1
hMG3,ACACCAACAGACGGAT,L1
hMG3,ACACCAATCGTGCTCT,L1
hMG3,ACACGCGAGAAGTGTT,L1
hMG3,ACACTGATCCTGTTAT,L2
hMG3,ACAGAAAAGCGAATGC,Basal
hMG3,ACAGAAATCTATCGCC,L2
hMG3,ACAGAAATCTTCGACC,L2
hMG3,ACAGCCGAGCATAGGC,L2
hMG3,ACAGCCGTCGCAGTCG,L2
hMG3,ACAGGGATCAGGCGAA,L2
hMG3,ACAGGGATCCGATCGG,Basal
hMG3,ACATCCCAGTAAATGC,L2
hMG3,ACATCCCAGTCACGAG,Basal
hMG3,ACATCCCTCGGACGTC,L1
hMG3,ACATCGAAGCCGCTTG,L2
hMG3,ACATCGAAGGATATAC,L2
hMG3,ACATCGACAACCCGCA,L1
hMG3,ACATCGATCCTCAGAA,L2
hMG3,ACATGCACAAGCGCTC,L2
hMG3,ACATGCAGTTCCTAAG,L1
hMG3,ACATTTCAGCCACCGT,L2
hMG3,ACATTTCCACGGCTAC,L2
hMG3,ACATTTCCATAGGCGA,Basal
hMG3,ACATTTCTCCTTCAGC,L1
hMG3,ACCAAACAGCACTGGA,L2
hMG3,ACCAAACAGGTGCCTC,L2
hMG3,ACCAAACCACGGTAGA,L1
hMG3,ACCAAACGTATGCAAA,L2
hMG3,ACCAAACTCGTACCTC,L1
hMG3,ACCAACACACACCTGG,Basal
hMG3,ACCAACACACTTCCTG,L1
hMG3,ACCAACACATATCTCT,L1
hMG3,ACCAACAGTTCATCGA,L1
hMG3,ACCAACAGTTCTCCAC,L1
hMG3,ACCAACATCGCAATTG,L2
hMG3,ACCACAAGTTCTAAGC,L1
hMG3,ACCACAATCCAGTTCC,L1
hMG3,ACCATTTAGTAGCATA,L1
hMG3,ACCATTTCAACATACC,L2
hMG3,ACCATTTCAGTCGCTG,L2
hMG3,ACCATTTTCCCATACC,L2
hMG3,ACCATTTTCGACATAC,L1
hMG3,ACCATTTTCGGCCTTT,L1
hMG3,ACCATTTTCTTTCGAT,L2
hMG3,ACCCAAAAGGGATCTG,L2
hMG3,ACCCAAAGTTATCTGG,L1
hMG3,ACCCTCAAGTCTTCGA,L1
hMG3,ACCCTCACACACCTAA,L1
hMG3,ACCCTCATCGCTAGCG,L1
hMG3,ACCGTTCCACAGCGCT,L2
hMG3,ACCGTTCCACTTGTCC,L2
hMG3,ACCGTTCGTATCACGT,L1
hMG3,ACCGTTCGTGGCTCTG,L2
hMG3,ACCTACCAGGATGCGT,L1
hMG3,ACCTACCAGTCATCCA,L2
hMG3,ACCTACCCAGGGATAC,L2
hMG3,ACCTACCGTCCTGGTG,L2
hMG3,ACCTACCTCCATGCAA,L1
hMG3,ACCTACCTCCGTGTCT,L1
hMG3,ACCTACCTCGTGGAAG,L2
hMG3,ACCTGAAAGGTGCGAT,L1
hMG3,ACCTGAACATACACCA,L1
hMG3,ACCTGAACATTCCTAT,L1
hMG3,ACCTGAAGTCACGTGC,L2
hMG3,ACCTGAAGTGAGCTCC,L1
hMG3,ACCTGTCGTCGACGCT,L2
hMG3,ACCTGTCTCTGCGATA,L1
hMG3,ACGATCACACTGTGAT,L1
hMG3,ACGATCAGTGCAATGG,L2
hMG3,ACGATCATCCCTTTGG,L2
hMG3,ACGATGTCAATGTGGG,L1
hMG3,ACGATGTGTCATGGCC,L2
hMG3,ACGATGTGTGAGAACC,L2
hMG3,ACGATGTTCCTCCACA,L2
hMG3,ACGATGTTCGATTCCC,L2
hMG3,ACGATGTTCGGTCGGT,L2
hMG3,ACGATGTTCGTTGTTT,L2
hMG3,ACGCACGCACTCAAGT,L1
hMG3,ACGGAAGAGCAAGTGC,L1
hMG3,ACGGAAGAGTAATTGG,L2
hMG3,ACGGAAGCAGTTGTCA,L1
hMG3,ACGGGTCAGAGGGTGG,L1
hMG3,ACGGGTCCAGACGCTC,L1
hMG3,ACGGGTCCATCGAACT,L2
hMG3,ACGGTCGAGGCTTCCG,L2
hMG3,ACGGTTAAGTGGCGAT,Basal
hMG3,ACGGTTATCTAGCCAA,L2
hMG3,ACGGTTATCTTCCCAG,L2
hMG3,ACGTAACAGAGGCCAT,L2
hMG3,ACGTAACAGCTTCGTA,L2
hMG3,ACGTAACGTAGCTTGT,L1
hMG3,ACGTAACGTCGTGGTC,L2
hMG3,ACGTACAAGGCTGAAC,L2
hMG3,ACGTACACACGGTGCT,L2
hMG3,ACGTACACACTGGATT,L2
hMG3,ACGTACACAGGACATG,L2
hMG3,ACGTACACATCAGTCA,L2
hMG3,ACGTACAGTTTGGAGG,L2
hMG3,ACGTACATCTACTATC,L1
hMG3,ACGTAGTAGCGACATG,L2
hMG3,ACGTAGTCATATCGGT,L1
hMG3,ACGTAGTTCATGAGGG,L2
hMG3,ACGTAGTTCCACCTGT,Basal
hMG3,ACGTAGTTCGTACCTC,L1
hMG3,ACGTCCTCACTACACA,L2
hMG3,ACGTCCTCAGACCTGC,L1
hMG3,ACGTCCTGTGCCTATA,L2
hMG3,ACGTCCTTCTCCAAGA,L2
hMG3,ACGTTCCTCCAATCTT,L1
hMG3,ACTACGACAGATGCGA,L1
hMG3,ACTACGACAGTCTACA,L1
hMG3,ACTACGACATAATGCC,L2
hMG3,ACTACGATCCAAACCA,L1
hMG3,ACTACGATCTACGCAA,L1
hMG3,ACTATCTAGTTTGCTG,L1
hMG3,ACTATCTCATTGCCTC,L1
hMG3,ACTATCTGTGACTCTA,L1
hMG3,ACTATCTTCACCATAG,L2
hMG3,ACTATTCAGAGTGTGC,L1
hMG3,ACTATTCAGGTGCGAT,L2
hMG3,ACTATTCGTTACGTAC,L2
hMG3,ACTCCCAAGAACTTCC,L2
hMG3,ACTCCCAAGTAACAGT,L2
hMG3,ACTCCCAAGTGGGAAA,L2
hMG3,ACTCCCACATTCGATG,L1
hMG3,ACTCCCAGTGCCGTTG,L2
hMG3,ACTCCCATCGCTCCTA,L1
hMG3,ACTCTCGAGTGGCCTC,L2
hMG3,ACTCTCGGTATATGGA,L2
hMG3,ACTCTCGGTTCTAACG,L1
hMG3,ACTGATGAGGTAGTCG,L2
hMG3,ACTGATGCACAGAAGC,L2
hMG3,ACTGATGCACGCTGCA,L1
hMG3,ACTGATGGTCGCGTTG,L2
hMG3,ACTGCAAAGTGGAAGA,L1
hMG3,ACTGCAACAAGTATCC,L1
hMG3,ACTGCAACATCTGCGG,L2
hMG3,ACTGCAAGTACAGAGC,L2
hMG3,ACTGCAATCCATTTAC,L1
hMG3,ACTGTCCAGGAGCTGT,L2
hMG3,ACTGTCCGTCTTGCGG,L2
hMG3,ACTGTCCTCGGAGCAA,L1
hMG3,ACTGTGACATATACCG,L2
hMG3,ACTGTGAGTCGAATGG,L1
hMG3,ACTGTGAGTTGGGTAG,L2
hMG3,ACTGTGATCAGCAGAG,L1
hMG3,ACTGTGATCGCCAATA,L2
hMG3,ACTTAGGAGTAATCCC,L2
hMG3,ACTTAGGCATATCTGG,L2
hMG3,ACTTATCCATTGCTTT,L1
hMG3,ACTTATCGTCACGTGC,Basal
hMG3,ACTTATCTCGGTTCAA,L1
hMG3,ACTTATCTCGTAGGGA,L1
hMG3,ACTTATCTCTGTCCGT,L2
hMG3,ACTTATCTCTTCACGC,L2
hMG3,ACTTCCGAGGAGCAAA,L2
hMG3,ACTTCCGAGGCGAACT,L2
hMG3,ACTTCGCAGAAGTCAT,L1
hMG3,ACTTCGCAGGTCCGAA,Basal
hMG3,ACTTCGCCATCGCTAA,L1
hMG3,ACTTTCAAGCTCTTCC,L1
hMG3,ACTTTCACAATAGTCC,L1
hMG3,ACTTTCACACGTCGGT,L1
hMG3,ACTTTCACAGTGCCTG,L2
hMG3,ACTTTCACATAATCCG,L2
hMG3,ACTTTGTAGCGCCTTG,L2
hMG3,ACTTTGTAGTTACGTC,L1
hMG3,ACTTTGTCAGACATCT,L2
hMG3,ACTTTGTGTGGAACAC,L1
hMG3,ACTTTGTTCATCACTT,L2
hMG3,AGAAATGAGTCAATCC,L1
hMG3,AGAAATGCAATCTCGA,L1
hMG3,AGAAATGGTGCACGCT,L2
hMG3,AGAAATGTCAAAGCCT,L2
hMG3,AGAACAACATTCACAG,L2
hMG3,AGAACAAGTACGAGCA,L1
hMG3,AGAACCTAGGGCCCTT,L2
hMG3,AGAACCTAGTCTAGAA,L2
hMG3,AGAACCTAGTTACGAA,L2
hMG3,AGAACCTTCCCGAATA,L1
hMG3,AGAAGCGAGTGCACAG,L1
hMG3,AGAAGCGCAACTGAAA,L1
hMG3,AGAAGCGCAATACGAA,L2
hMG3,AGAAGCGCAGGGATAC,L2
hMG3,AGAAGCGGTTACGCCG,L1
hMG3,AGAAGCGGTTTCTATC,L1
hMG3,AGAAGCGTCCAATCCC,L2
hMG3,AGAAGTAAGCCATTGT,L1
hMG3,AGAAGTAAGTCCTGTA,L1
hMG3,AGAAGTACAGCACAAG,L2
hMG3,AGAAGTATCCCAGGCA,L1
hMG3,AGAAGTATCTGTAAGC,L1
hMG3,AGACAAAAGTCTGCAT,L2
hMG3,AGACAAAGTCCAAATC,L2
hMG3,AGACAAAGTCTTCTAT,L2
hMG3,AGACAAAGTGACCTGC,L2
hMG3,AGACAAAGTGTTGATC,L1
hMG3,AGACACTAGAAGTATC,L1
hMG3,AGACACTGTAACGCGA,L1
hMG3,AGACAGGGTGGCACTC,L1
hMG3,AGACCATCAATAACGA,L1
hMG3,AGACCATCATACCACA,L2
hMG3,AGACCATGTTGCTGAT,L2
hMG3,AGACCATTCACTTTGT,L2
hMG3,AGACCCGAGTACGAGC,L1
hMG3,AGACCCGCATCAGTGT,L2
hMG3,AGACCCGGTATACAGA,L1
hMG3,AGACCCGGTCATACCA,Basal
hMG3,AGACCCGGTTTGGCTA,L2
hMG3,AGACCCGTCCTCTTTC,L1
hMG3,AGACCCGTCGTTATCT,L2
hMG3,AGACTCAGTTCCACGG,L1
hMG3,AGACTCATCGAGAAAT,L1
hMG3,AGACTCATCTGTTCAT,L2
hMG3,AGAGAATCAGCTGTTA,L2
hMG3,AGAGAATTCAGCTGTA,L2
hMG3,AGAGAGCAGATGATTG,L1
hMG3,AGAGAGCAGTGGCCTC,Basal
hMG3,AGAGAGCAGTTCACTG,L1
hMG3,AGAGAGCCAAATAAGC,L1
hMG3,AGAGAGCCACAGTCGC,L2
hMG3,AGAGAGCCATCCGTTC,L2
hMG3,AGAGAGCCATCTCAAG,L1
hMG3,AGAGCAGAGCCTCAGC,Basal
hMG3,AGAGCAGCAGAGATGC,L2
hMG3,AGAGCAGGTTAGGCCC,L2
hMG3,AGAGCAGTCAAGTAAG,L1
hMG3,AGAGCAGTCACCACAA,L2
hMG3,AGAGCCCAGCCGCTTG,L2
hMG3,AGAGCCCGTGGGTATG,L1
hMG3,AGATAGAAGAAGAACG,L1
hMG3,AGATAGACATCCGTGG,L2
hMG3,AGATCCAAGTACTCGT,L2
hMG3,AGATCCACAGGAAGTC,L1
hMG3,AGATCCACAGGGTCTC,L2
hMG3,AGATCGTCACCGGCTA,L1
hMG3,AGATCGTTCGCGGACT,L2
hMG3,AGATGAACACATGACT,L1
hMG3,AGATGAAGTGGCTGAA,L1
hMG3,AGATGCTAGCTGAAAT,Basal
hMG3,AGATGCTGTCGCCACA,L2
hMG3,AGATGCTGTCGTGGAA,L2
hMG3,AGCATCAAGCTTTGTG,L2
hMG3,AGCATCAAGGGATGTC,L1
hMG3,AGCATCAGTTCAGCTA,L1
hMG3,AGCATCATCCATTTAC,L1
hMG3,AGCATCATCTTGCAGA,L2
hMG3,AGCCAATCAAATTGCC,L1
hMG3,AGCCAATTCGGAATTC,L2
hMG3,AGCCACGCATACTTTC,L2
hMG3,AGCCACGGTGTGTGTT,L2
hMG3,AGCCAGCAGACTTGTC,L1
hMG3,AGCCAGCAGGAGCAAA,L1
hMG3,AGCCAGCAGTTACTCG,L2
hMG3,AGCCAGCCAGAGGACT,L2
hMG3,AGCCAGCCAGCCCAGT,L2
hMG3,AGCCAGCCATCCAACA,L1
hMG3,AGCCAGCGTGACTCTA,L1
hMG3,AGCCAGCTCCATTCAT,L2
hMG3,AGCCAGCTCCTTATGT,L2
hMG3,AGCGATTAGACATGCG,L2
hMG3,AGCGATTAGTACAACA,L2
hMG3,AGCGATTAGTCATTGC,L1
hMG3,AGCGATTTCCGATCGG,L1
hMG3,AGCGATTTCGAGAGAC,L1
hMG3,AGCGCCAGTAGAGCTG,L2
hMG3,AGCGCCAGTTTCTTAC,L1
hMG3,AGCGCTGTCAAGCGTT,Basal
hMG3,AGCGTATGTTAATGAG,L2
hMG3,AGCGTATTCTTGCAAG,L2
hMG3,AGCGTCGAGCATTTGC,L2
hMG3,AGCGTCGCAGCGTAGA,L2
hMG3,AGCTACAAGCTCGAAG,L1
hMG3,AGCTACAAGTGGATTA,L2
hMG3,AGCTACAGTCAACACT,L1
hMG3,AGCTCAAGTCGCGGTT,L1
hMG3,AGCTCAAGTGACTGAG,L2
hMG3,AGCTTCCAGTAGGGTC,L1
hMG3,AGCTTCCCATAATGCC,L2
hMG3,AGGAAATAGCATGCAG,L1
hMG3,AGGAAATCACTAGGTT,L2
hMG3,AGGAAATGTGTAAATG,L1
hMG3,AGGAATAAGTAGGCCA,L2
hMG3,AGGAATATCCATAAGC,L2
hMG3,AGGAATATCGTAGAGG,L2
hMG3,AGGACGAAGCGTATGG,L1
hMG3,AGGACGAAGGACGGAG,L2
hMG3,AGGACGAAGGATGGCT,L1
hMG3,AGGACGACACACAGCC,L2
hMG3,AGGACTTCACTTGAAC,L2
hMG3,AGGACTTCATTCTGTT,Basal
hMG3,AGGACTTGTGGTTTAC,L2
hMG3,AGGAGGTGTTACACTG,L1
hMG3,AGGAGGTTCATAAGGA,L1
hMG3,AGGATAAAGCCGTAAG,Basal
hMG3,AGGATAAAGGTTCCGC,L1
hMG3,AGGATAACAAGGAGTC,L2
hMG3,AGGATAATCCCGAAAT,L2
hMG3,AGGATAATCCTGATAG,L1
hMG3,AGGATCTCAATGAAAC,L2
hMG3,AGGATCTGTCATGGCC,L1
hMG3,AGGATCTGTCCGCAGT,L2
hMG3,AGGATCTTCGTGCATA,L1
hMG3,AGGCATTAGTAACGAT,L1
hMG3,AGGCATTCAAACCACT,L2
hMG3,AGGCATTGTAGGACTG,L2
hMG3,AGGCATTTCACAAGGG,L2
hMG3,AGGCCACCAATTTCGG,L1
hMG3,AGGCCACTCTATCGCC,L1
hMG3,AGGCCACTCTTCTAAC,L1
hMG3,AGGCCACTCTTGCGCT,L2
hMG3,AGGCTGCAGAGGCGTT,L2
hMG3,AGGCTGCAGGGCAGAG,Basal
hMG3,AGGCTGCCACTTGTGA,Basal
hMG3,AGGCTGCCATGAATCC,L1
hMG3,AGGCTGCGTAAGCTCT,L1
hMG3,AGGCTGCGTGTGTTTG,L1
hMG3,AGGCTGCTCTATTTCG,L1
hMG3,AGGGAGTAGAGGTCGT,L1
hMG3,AGGGAGTAGATTCGAA,L1
hMG3,AGGGAGTAGCATACTC,L1
hMG3,AGGGAGTAGCTACTAC,L2
hMG3,AGGGAGTGTACGGGAT,L1
hMG3,AGGGAGTGTCGAGCAA,L2
hMG3,AGGGCCTAGTGATCGG,L1
hMG3,AGGGCCTAGTGCCAGA,L1
hMG3,AGGGCCTCACGACTAT,L2
hMG3,AGGGCCTGTCGCGTCA,L2
hMG3,AGGGCCTGTCTCCTGT,L1
hMG3,AGGGCTCAGAAGGATG,Basal
hMG3,AGGGCTCGTTGGATCT,L2
hMG3,AGGGCTCTCTAATTCC,L1
hMG3,AGGGTCCCAAGAGGCT,L1
hMG3,AGGGTCCGTCACTGAT,L1
hMG3,AGGGTCCTCGAGCTGC,L2
hMG3,AGGGTGAAGCGTCTGC,L2
hMG3,AGGGTGACAGGTCAAG,L2
hMG3,AGGGTGACATAACAGA,L1
hMG3,AGGGTGAGTGCTTCAA,L2
hMG3,AGGGTGAGTTCTGACA,L2
hMG3,AGGGTTTAGAGTTGCG,L1
hMG3,AGGGTTTCAAGTTCGT,L2
hMG3,AGGGTTTGTAAGTTGA,L1
hMG3,AGGGTTTGTAATGTGA,L1
hMG3,AGGGTTTGTCTGTAGT,L2
hMG3,AGGGTTTTCACGGAGA,L1
hMG3,AGGTAGGAGCAACTTC,L2
hMG3,AGGTAGGAGCCGGAAT,L2
hMG3,AGGTAGGGTACGTGTT,L1
hMG3,AGGTCATCACTATCCC,L2
hMG3,AGGTCATGTCACTCAA,L1
hMG3,AGGTCATGTTTCACAG,Basal
hMG3,AGGTGTTAGTTGGGAC,L2
hMG3,AGGTTACAGGGCAGGA,L1
hMG3,AGGTTACAGGTTTGAA,L2
hMG3,AGGTTACCAAGCACAG,L1
hMG3,AGGTTACGTTGTAAAG,L2
hMG3,AGGTTACTCTGAGAAA,L1
hMG3,AGGTTGTAGCCAAGGT,Basal
hMG3,AGGTTGTGTATCTCGA,L1
hMG3,AGGTTGTTCGGATTAC,L1
hMG3,AGTAACCAGCAATTCC,L1
hMG3,AGTAACCCACTACAGT,L2
hMG3,AGTAACCCAGGTTTAC,L2
hMG3,AGTAACCGTCTAATCG,L1
hMG3,AGTACCAAGAGGTGCT,L2
hMG3,AGTACCAGTACGTGTT,L2
hMG3,AGTACTGAGGATGGCT,L2
hMG3,AGTACTGCACATAACC,L1
hMG3,AGTACTGGTCTGCCTT,L1
hMG3,AGTACTGTCTTGCAAG,L2
hMG3,AGTAGCTGTGGACTAG,L1
hMG3,AGTAGCTGTTGGTAGG,L2
hMG3,AGTAGTCCAGACACAG,Basal
hMG3,AGTAGTCGTATCGTTG,L2
hMG3,AGTAGTCGTTCTCACC,L2
hMG3,AGTAGTCTCAGGAACG,L1
hMG3,AGTCAACGTGTCTAAC,L2
hMG3,AGTCAACTCAAGCTGT,L2
hMG3,AGTCACAAGCACAAAT,L1
hMG3,AGTCACACAAGCCCAC,L2
hMG3,AGTCACAGTATCGCTA,L1
hMG3,AGTCACAGTGACCGAA,L2
hMG3,AGTCATGCAAGCAATA,L1
hMG3,AGTCATGCACGACAGA,Basal
hMG3,AGTCATGGTACAGTCT,L1
hMG3,AGTCATGGTTCCGCGA,L1
hMG3,AGTCATGTCCATGAGT,Basal
hMG3,AGTCTCCAGCACCAGA,L2
hMG3,AGTCTCCAGGCACGAT,L1
hMG3,AGTCTCCCAACCCTAA,L1
hMG3,AGTCTCCGTGGCATCC,L2
hMG3,AGTGACTCATAGATCC,L2
hMG3,AGTGACTGTACCCGCA,L1
hMG3,AGTGACTGTATGATCC,L2
hMG3,AGTGACTGTGAGAGGG,L1
hMG3,AGTGATCAGATGATTG,L2
hMG3,AGTGATCAGCCAGTAG,L2
hMG3,AGTGATCGTGCGCTCA,Basal
hMG3,AGTGATCTCAATCTCT,L2
hMG3,AGTGTTGAGATCGGTG,L2
hMG3,AGTGTTGAGCGACTAG,L1
hMG3,AGTGTTGAGTTTCTTC,Basal
hMG3,AGTGTTGCATTAGGAA,Basal
hMG3,AGTGTTGGTGAGATCG,L1
hMG3,AGTTAGCCATCCGGTG,L1
hMG3,AGTTAGCGTACATACC,L1
hMG3,AGTTAGCTCTCTAGGA,L1
hMG3,AGTTCCCAGGTAGGCT,L2
hMG3,AGTTCCCTCGCGGACT,L1
hMG3,AGTTCGAAGAATAACC,L2
hMG3,AGTTCGAAGGGAGGTG,L2
hMG3,AGTTCGAAGGTAGACC,L1
hMG3,AGTTCGACACAATGAA,L2
hMG3,AGTTCGACACTGAATC,L1
hMG3,AGTTCGATCAAGGTGG,L1
hMG3,ATACCGATCAAGCCAT,L2
hMG3,ATACCTTAGATCCAAA,L2
hMG3,ATACCTTAGGGTCAAC,L2
hMG3,ATACCTTCAGAACTTC,L1
hMG3,ATACCTTGTGTACAGG,Basal
hMG3,ATACCTTGTTCAAACC,L1
hMG3,ATACTTCCAATGGGTG,L1
hMG3,ATACTTCGTCGTAATC,L2
hMG3,ATACTTCGTGAGACCA,L2
hMG3,ATACTTCTCCAAACCA,L1
hMG3,ATACTTCTCCACGTCT,L1
hMG3,ATAGACCAGGAGGTTC,L2
hMG3,ATAGACCAGGATTTGA,L1
hMG3,ATAGACCCACTCCTTG,L2
hMG3,ATAGACCCACTGGATT,L1
hMG3,ATAGACCCATAGATCC,L2
hMG3,ATAGACCGTACTGCGC,L1
hMG3,ATAGACCTCACTTTGT,L1
hMG3,ATAGAGAAGGCTCTCG,L2
hMG3,ATAGAGAGTGGATGAC,Basal
hMG3,ATAGAGATCAGTGTCA,L1
hMG3,ATAGGCTAGTAGAATC,L1
hMG3,ATAGGCTGTCCCGCAA,L2
hMG3,ATAGGCTGTCGGTGAA,L1
hMG3,ATATCCTAGTCGTCTA,L2
hMG3,ATATCCTCAGGTATGG,L2
hMG3,ATATCCTTCCAGGACC,L2
hMG3,ATATCCTTCCTTATGT,L2
hMG3,ATATCCTTCGTGACTA,L1
hMG3,ATCACAGAGAAGATCT,L1
hMG3,ATCACAGAGCTCAGAG,L2
hMG3,ATCACAGCATAGATCC,Basal
hMG3,ATCACAGGTAGTGCGA,L1
hMG3,ATCACAGGTGACATCT,L2
hMG3,ATCACAGTCACTTTGT,Basal
hMG3,ATCACAGTCGGCTGAC,L2
hMG3,ATCACGACAAACTAGA,Basal
hMG3,ATCACGACACTAGAGG,L2
hMG3,ATCACGAGTTATGACC,L1
hMG3,ATCACTTAGTGGTTCT,L1
hMG3,ATCACTTCAATCTCTT,L2
hMG3,ATCACTTCACTCCTTG,L1
hMG3,ATCACTTCATATGGCT,L2
hMG3,ATCACTTGTAGGCAGT,L2
hMG3,ATCACTTGTGTGGACA,L1
hMG3,ATCAGGTCAAGTTGGG,L2
hMG3,ATCAGGTCAGAAGCGT,L2
hMG3,ATCAGGTGTTCAATCG,L1
hMG3,ATCATTCGTATACGGG,L2
hMG3,ATCATTCGTTACTCAG,L2
hMG3,ATCATTCGTTTGAACC,Basal
hMG3,ATCATTCTCCGTTGGG,L2
hMG3,ATCCACCAGACCATAA,Basal
hMG3,ATCCACCAGGTTCTTG,L2
hMG3,ATCCACCAGTGTTGTC,L2
hMG3,ATCCACCCACTGGACC,L2
hMG3,ATCCACCCATGACTAC,L1
hMG3,ATCCACCGTATCAGCT,L1
hMG3,ATCCATTAGACCAGCA,L1
hMG3,ATCCATTAGCCAAGGT,L1
hMG3,ATCCATTAGTACCATC,L2
hMG3,ATCCATTAGTCAATCC,L1
hMG3,ATCCATTCAGCGTGCT,L1
hMG3,ATCCCTGAGGTGTGAC,L1
hMG3,ATCCCTGAGTTGCTGT,L2
hMG3,ATCCCTGCACACTTAG,L1
hMG3,ATCCCTGCATTCGATG,L2
hMG3,ATCCCTGGTAGTGATA,L1
hMG3,ATCCCTGTCTGTAACG,L2
hMG3,ATCCGTCGTTATAGCC,L2
hMG3,ATCCGTCTCGATGCAT,L2
hMG3,ATCCTATGTGTTCGTA,L1
hMG3,ATCCTATTCGTAGGAG,L2
hMG3,ATCGATGCAGACCTGC,L2
hMG3,ATCGATGCAGGCCCTA,L1
hMG3,ATCGCCTAGAGACAAG,L1
hMG3,ATCGCCTCAACGAGGT,L2
hMG3,ATCGCCTCATCATCTT,L1
hMG3,ATCGCCTGTTACGTAC,L2
hMG3,ATCGGATAGGCGTCCT,Basal
hMG3,ATCGGATAGGTAACTA,L2
hMG3,ATCGGATAGTCCGCGT,L2
hMG3,ATCGGATTCATGGCCG,L2
hMG3,ATCGGCGAGGACACTG,L1
hMG3,ATCGGCGCAAAGCGTG,L2
hMG3,ATCGTAGAGAACCCGA,L1
hMG3,ATCGTAGAGCAACCAG,L2
hMG3,ATCGTAGAGCGCTGCT,L2
hMG3,ATCGTAGCACACGTGC,L2
hMG3,ATCGTAGGTGAGTGAC,L2
hMG3,ATCGTAGTCACCTCTG,L2
hMG3,ATCGTCCAGCAGCCTC,L2
hMG3,ATCGTCCTCCGTGGCA,L1
hMG3,ATCGTCCTCTCATTGT,L1
hMG3,ATCGTGACAAACTCGT,L2
hMG3,ATCTCTAAGTCTAACC,L2
hMG3,ATCTCTACAAATGAAC,L1
hMG3,ATCTCTACACGGTGCT,L2
hMG3,ATCTCTATCGCAATTG,L2
hMG3,ATCTTCAGTTGCTCGG,L1
hMG3,ATGAAAGCAAAGACTA,L1
hMG3,ATGAAAGCAACCGATT,L1
hMG3,ATGAAAGCAGCTATTG,Basal
hMG3,ATGAAAGCATACCATG,L2
hMG3,ATGAAAGGTACTGCGC,L1
hMG3,ATGAAAGGTCTCACAA,L2
hMG3,ATGAAAGGTGGGTATG,Basal
hMG3,ATGAAAGTCTCATGGA,Basal
hMG3,ATGACCAAGCATCAGG,L1
hMG3,ATGACCACACGACTAT,L2
hMG3,ATGACCAGTACAGAGC,L1
hMG3,ATGACCAGTATCCCTC,L2
hMG3,ATGACCAGTCGAAACG,L2
hMG3,ATGACCAGTTGCTCGG,L2
hMG3,ATGACCATCCTTCTGG,L1
hMG3,ATGAGGGCACACCTTC,L2
hMG3,ATGAGGGGTCATAGTC,L2
hMG3,ATGAGGGGTGACCGTC,Basal
hMG3,ATGAGGGTCGTTGCCT,L2
hMG3,ATGAGTCAGCGGATCA,L1
hMG3,ATGAGTCAGTCATCGT,Basal
hMG3,ATGAGTCAGTGCCGAA,L1
hMG3,ATGAGTCCATTCTGTT,L1
hMG3,ATGAGTCGTACGTGAG,L2
hMG3,ATGATCGAGTAAGACT,L2
hMG3,ATGATCGCACTCGATA,L1
hMG3,ATGATCGGTCCACATA,L2
hMG3,ATGATCGGTGCGTTTA,Basal
hMG3,ATGATCGTCTAATTCC,L1
hMG3,ATGCATGGTCATCACA,L2
hMG3,ATGCATGGTGTAAACA,L2
hMG3,ATGCATGTCTTACACT,L1
hMG3,ATGCCTCTCAAGTAAG,L2
hMG3,ATGCCTCTCCCAATAG,Basal
hMG3,ATGCGATAGCTCGTGC,L2
hMG3,ATGCGATAGCTTGTTG,L1
hMG3,ATGCGATCAAAGCACG,L2
hMG3,ATGCGATCAACTCGTA,L2
hMG3,ATGCGATGTATCACCA,L1
hMG3,ATGCGATTCTCACGAA,L2
hMG3,ATGGAGGCAAGTGTCT,L2
hMG3,ATGGAGGCAATCGCGC,L1
hMG3,ATGGAGGGTAGCTGAG,L2
hMG3,ATGGAGGTCAAGAAAC,L1
hMG3,ATGGAGGTCCGAACGC,L2
hMG3,ATGGATCCAAGCAGGT,L1
hMG3,ATGGATCTCTCCTGAC,L1
hMG3,ATGGGAGAGGCGTTGA,L1
hMG3,ATGGGAGCAGCACCCA,L1
hMG3,ATGGGAGTCCTATTGT,L2
hMG3,ATGGGTTCAGCGATTT,L1
hMG3,ATGGGTTCATGAAAGT,L2
hMG3,ATGGGTTGTATTAAGG,L2
hMG3,ATGGGTTGTCATGGCC,L1
hMG3,ATGGGTTTCAGCAGAG,L1
hMG3,ATGGGTTTCAGCGCAC,L2
hMG3,ATGGTTGAGCCTCGTG,L1
hMG3,ATGGTTGCAAGTATCC,L1
hMG3,ATGGTTGGTGACATCT,L2
hMG3,ATGGTTGTCTCCTGAC,L2
hMG3,ATGTCCCAGTGAATAC,L1
hMG3,ATGTCCCTCCTGGGAC,Basal
hMG3,ATGTCTTCAGCTACCG,L1
hMG3,ATGTCTTTCCGAGAAG,L2
hMG3,ATTACCTCAAGACTGG,L2
hMG3,ATTACCTGTAGATGTA,L1
hMG3,ATTACCTGTCTCGCGA,L2
hMG3,ATTACCTGTGATTAGA,L1
hMG3,ATTACCTTCAGGAGAC,Basal
hMG3,ATTACCTTCCATACAG,L1
hMG3,ATTACTCAGTCCCGAC,L1
hMG3,ATTACTCCAAGGTCAG,L1
hMG3,ATTACTCCACGTAACT,L1
hMG3,ATTACTCTCATTTCCA,L2
hMG3,ATTACTCTCCTCACGT,L1
hMG3,ATTATCCAGGCTTAGG,L2
hMG3,ATTATCCAGTCGAAAT,L1
hMG3,ATTATCCCAATTTCGG,L2
hMG3,ATTATCCCAGCAGGAT,L2
hMG3,ATTATCCGTCCGAAGA,L2
hMG3,ATTATCCTCACTGATG,L1
hMG3,ATTATCCTCGCGCCAA,L2
hMG3,ATTCACTAGTGACACG,L1
hMG3,ATTCACTCAACTTCTT,L2
hMG3,ATTCACTCATGTGACT,L2
hMG3,ATTCACTGTGGGAGAG,L2
hMG3,ATTCACTTCAATCTCT,L2
hMG3,ATTCACTTCGTCAACA,L2
hMG3,ATTCAGGCAAGCACCC,L2
hMG3,ATTCATCCAGGGTTGA,L2
hMG3,ATTCATCGTGGATGAC,L1
hMG3,ATTCATCTCCATGCAA,L2
hMG3,ATTCCATAGACTTGTC,L1
hMG3,ATTCCATCACACCAGC,L2
hMG3,ATTCCATCATGCCATA,L1
hMG3,ATTCCATGTCGAACGA,L2
hMG3,ATTCCATTCCAGCCTT,L2
hMG3,ATTCCCGAGGGCGAGA,L1
hMG3,ATTCCCGGTGATGTAA,L1
hMG3,ATTCCCGGTTTCGTAG,L2
hMG3,ATTCCTAGTGTGAATA,Basal
hMG3,ATTCCTAGTTAGGCTT,L1
hMG3,ATTCGTTCATGTGCCG,L1
hMG3,ATTCGTTGTCTCTCAC,L2
hMG3,ATTCTACAGGCACGAT,Basal
hMG3,ATTCTACCAAGCTGTT,L2
hMG3,ATTCTACCAGGCGATA,L1
hMG3,ATTCTACCATCCGTTC,L2
hMG3,ATTCTACGTCCATACA,L1
hMG3,ATTCTACTCTTGGTGA,L2
hMG3,ATTCTTGAGCCGTTAT,L2
hMG3,ATTCTTGCAAAGCAAT,L2
hMG3,ATTCTTGCACACCTTC,L2
hMG3,ATTCTTGGTGTGGACA,L2
hMG3,ATTCTTGGTTGCATTG,L1
hMG3,ATTCTTGTCTAGCCTC,L2
hMG3,ATTGGGTAGCAGGTCA,L2
hMG3,ATTGGGTCACAGTCAT,L2
hMG3,ATTGGGTGTAGTACGG,L1
hMG3,ATTGGGTGTCATGGCC,L1
hMG3,ATTGTTCAGTCTGCAT,L1
hMG3,ATTGTTCTCAGGAACG,L1
hMG3,ATTGTTCTCCATTGCC,L2
hMG3,ATTGTTCTCGTGTTCC,L2
hMG3,ATTTACCAGAGGCGTT,L2
hMG3,ATTTACCAGCCATTGT,L2
hMG3,ATTTACCCAACGATCT,L2
hMG3,ATTTACCCACCGGAAA,L2
hMG3,ATTTACCCATCCTATT,L2
hMG3,ATTTCACAGCGGGTAT,L2
hMG3,ATTTCACCACATCCCT,L2
hMG3,ATTTCACCATAGGAGC,Basal
hMG3,ATTTCTGGTAGATCCT,Basal
hMG3,ATTTCTGTCCTTCTAA,L2
hMG3,CAAAGAACACCAGTTA,L2
hMG3,CAAAGAACATGACTCA,L2
hMG3,CAAAGAAGTTGGGTTT,L2
hMG3,CAACAACAGCAGAAAG,L2
hMG3,CAACAACTCCGAGTGC,L2
hMG3,CAACAGTCAGAAACCG,Basal
hMG3,CAACAGTGTTGAAGTA,L2
hMG3,CAACAGTTCGCATTGA,L2
hMG3,CAACCAAAGAAACACT,L1
hMG3,CAACCAACAAGTCATC,L1
hMG3,CAACCAACATCCCGTT,L1
hMG3,CAACCAAGTTTCGGCG,L2
hMG3,CAACCAATCTTACGGA,L1
hMG3,CAACCTCCACCAATTG,L2
hMG3,CAACCTCCAGATACTC,L1
hMG3,CAACCTCTCGCTACAA,L2
hMG3,CAACGATAGCGTTGTT,L2
hMG3,CAACGGCAGTGTACCT,L2
hMG3,CAACGGCCACACTTAG,L2
hMG3,CAACGGCCATAATCCG,L1
hMG3,CAACGGCGTCCAGTTA,L2
hMG3,CAACGGCGTGGGAGAG,L2
hMG3,CAACGGCTCCTGGGTG,L1
hMG3,CAACGGCTCGGTGAAG,L1
hMG3,CAAGACTAGAGGATCC,L2
hMG3,CAAGACTAGCGTCAGA,L1
hMG3,CAAGACTTCACTAGCA,L1
hMG3,CAAGACTTCGGCTTCT,Basal
hMG3,CAAGACTTCTGCGGAC,L2
hMG3,CAAGAGGCACTCGATA,L1
hMG3,CAAGAGGTCCAATCTT,L2
hMG3,CAAGAGGTCGGTGCAC,L1
hMG3,CAAGAGGTCTCGGGAC,L2
hMG3,CAAGCTACAGATACTC,L1
hMG3,CAAGCTACAGCTAACT,L1
hMG3,CAAGCTAGTAGGAGGG,L1
hMG3,CAAGCTAGTTCCACAA,L1
hMG3,CAAGCTATCCGAGGCT,L2
hMG3,CAAGCTATCTCGCTTG,L1
hMG3,CAAGGGAAGGTAACTA,L1
hMG3,CAAGGGAAGTCAGCGA,Basal
hMG3,CAAGGGACAAGGCTTT,L2
hMG3,CAAGGGACACTACCGG,L2
hMG3,CAAGGGAGTGCCGTAC,L1
hMG3,CAAGGGATCCACCTGT,L2
hMG3,CAATACGCACAGCCTG,L2
hMG3,CAATACGCATGCACTA,L2
hMG3,CAATACGGTAGTTCCA,L2
hMG3,CAATACGGTGGGTCAA,L2
hMG3,CAATACGTCCGTGACG,L1
hMG3,CAATCGAAGGACCCAA,L2
hMG3,CAATCGAAGGGATCGT,L2
hMG3,CAATCGAAGGTAAACT,L1
hMG3,CAATCGAAGTATAGAC,L2
hMG3,CAATCGACAACACACT,L1
hMG3,CAATCGATCAGGAAGC,L2
hMG3,CAATGACGTAACCCTA,L1
hMG3,CAATGACTCCAGCCTT,L2
hMG3,CAATTTCAGTTCGCAT,L2
hMG3,CAATTTCCAGACCCGT,L2
hMG3,CAATTTCGTCGACTTA,L2
hMG3,CACAACAAGTAGCCAG,L1
hMG3,CACAACACATGACAAA,L1
hMG3,CACAACAGTTTGAACC,L1
hMG3,CACACAAAGTTACTCG,L1
hMG3,CACACAACAATTGGTC,L2
hMG3,CACACAAGTTTGGAGG,L1
hMG3,CACACAATCTCCATAT,L2
hMG3,CACAGATCAGCTTCCT,L1
hMG3,CACAGATCAGGAACCA,L2
hMG3,CACAGATGTCCCTGTT,L2
hMG3,CACAGATGTTCGTACA,L1
hMG3,CACAGGCAGTAACGAT,L2
hMG3,CACAGGCGTCGAAACG,L1
hMG3,CACATGAGTAGAGTTA,L2
hMG3,CACATGATCGTCTCAC,L1
hMG3,CACCAAAAGCACCCAC,L1
hMG3,CACCAAAAGGTCGACA,L1
hMG3,CACCAAACAAAGGCTG,L2
hMG3,CACCGTTCAGCACACC,L2
hMG3,CACCGTTGTCCAAATC,L2
hMG3,CACCGTTGTTTGTTGG,L2
hMG3,CACGAATAGCGAACTG,Basal
hMG3,CACGAATGTAGGCTCC,L2
hMG3,CACGAATGTATGAAAC,L1
hMG3,CACGAATTCTCATTGT,L1
hMG3,CACGGGTCACACACTA,L1
hMG3,CACGGGTGTGAGGCAT,L2
hMG3,CACGTGGTCGGCCAAC,L1
hMG3,CACGTTCAGGCCACCT,L2
hMG3,CACGTTCCAAACGAGC,L2
hMG3,CACGTTCGTTCCATTT,L1
hMG3,CACGTTCTCCAGCTCT,L1
hMG3,CACTAAGAGCTCTATG,L2
hMG3,CACTAAGCACGCGTCA,L2
hMG3,CACTAAGCATGGTGGA,L1
hMG3,CACTAAGGTAACAGTA,L1
hMG3,CACTAAGGTCAAGCGA,L2
hMG3,CACTAAGTCATTGCCC,Basal
hMG3,CACTGAACAACTCGTA,L2
hMG3,CACTGAATCGCAATGT,L1
hMG3,CACTGAATCGTTGTAG,L1
hMG3,CACTGGGTCTGCAGCG,Basal
hMG3,CACTGTCAGTTGTAAG,L1
hMG3,CACTGTCGTATCGAAA,L2
hMG3,CACTTCGAGATTGATG,L1
hMG3,CACTTCGAGCCTCTTC,L1
hMG3,CACTTCGAGGTACATA,L2
hMG3,CACTTCGAGGTATCTC,L1
hMG3,CACTTCGGTTGATCGT,L1
hMG3,CAGAGCCGTCATAAAG,L2
hMG3,CAGATACAGGTAGATT,L2
hMG3,CAGATACCATGCCATA,L2
hMG3,CAGATCAAGAGTCTTC,L1
hMG3,CAGATCAAGGCCGCTT,L2
hMG3,CAGATCACAGCAGTCC,L2
hMG3,CAGATCAGTGCAATAA,L1
hMG3,CAGATCAGTTTGCAGT,L1
hMG3,CAGATTGAGCTAAATG,L1
hMG3,CAGATTGGTTGGTGTT,L2
hMG3,CAGATTGTCAGAGCAG,L1
hMG3,CAGCAATAGACTCTTG,L1
hMG3,CAGCAATAGATTAGAC,L2
hMG3,CAGCAATAGCAGCCTC,L2
hMG3,CAGCAATGTGATGGCA,L1
hMG3,CAGCAATTCTACTGCC,L1
hMG3,CAGCACGCAGCTATTG,L2
hMG3,CAGCACGCATAGCACT,L2
hMG3,CAGCACGGTAAGAACT,L2
hMG3,CAGCACGGTGTGTCGC,L1
hMG3,CAGCACGTCCCTTGTG,Basal
hMG3,CAGCACGTCTCGGGAC,L1
hMG3,CAGCAGCAGAAACCCG,L1
hMG3,CAGCAGCTCCCATACC,Basal
hMG3,CAGCCAGAGCGGGTAT,L2
hMG3,CAGCCAGAGGGTATAT,L1
hMG3,CAGCCAGAGTGGCGAT,L1
hMG3,CAGCCAGGTGTCCGGT,L1
hMG3,CAGCCAGTCGCCGTGA,L2
hMG3,CAGCCAGTCTCGGCTT,L1
hMG3,CAGCGTGCAACACACT,Basal
hMG3,CAGCGTGCAAGAGGTC,L1
hMG3,CAGCGTGCAGCATTGT,L2
hMG3,CAGCGTGGTCCTCATC,L2
hMG3,CAGGCCAGTCGTTATG,L1
hMG3,CAGGGCTAGTACGTCT,L2
hMG3,CAGGGCTCACACCGCA,L2
hMG3,CAGGGCTCAGTAGGAC,L1
hMG3,CAGGGCTTCACAAGGG,L1
hMG3,CAGGGCTTCTTAGTTC,L2
hMG3,CAGGTATAGCTCAGAG,Basal
hMG3,CAGGTATGTAACCCGC,L2
hMG3,CAGGTATGTCTCTCAC,L1
hMG3,CAGTGCGAGGAAGTCC,L2
hMG3,CAGTGCGCATGCGGTC,L2
hMG3,CAGTGCGGTCTGTAGT,L2
hMG3,CAGTGCGTCTTTCCAA,L1
hMG3,CAGTTAGAGAAACACT,L2
hMG3,CAGTTAGCAGGACTTT,L1
hMG3,CAGTTAGGTCTCTCCA,L2
hMG3,CAGTTAGGTGCGAGTA,L2
hMG3,CAGTTCCTCTGGTGGC,L2
hMG3,CATAAGCAGAGTAACT,L2
hMG3,CATAAGCAGCTGGTGA,L2
hMG3,CATAAGCAGGATGTTA,L2
hMG3,CATAAGCAGGGTTGCA,L1
hMG3,CATAAGCGTCTGCATA,L1
hMG3,CATAAGCTCGATCCAA,L1
hMG3,CATACAGCAGAGTCAG,L2
hMG3,CATACAGGTATAATGG,L1
hMG3,CATACAGGTCCGGCAT,L1
hMG3,CATACAGGTCTCCTGT,L1
hMG3,CATACAGTCCTTATAC,L1
hMG3,CATACCCAGAATACAC,L2
hMG3,CATACCCAGCTATCTG,L1
hMG3,CATACCCCAAGTCCCG,L2
hMG3,CATACCCCAGCACGAA,L2
hMG3,CATACCCCAGGGATAC,L1
hMG3,CATACCCCAGTTGGTT,L2
hMG3,CATACCCTCACCATAG,L2
hMG3,CATACCCTCGGCACTG,L2
hMG3,CATACTTAGGAATCGC,L1
hMG3,CATACTTCATTAGGCT,Basal
hMG3,CATACTTCATTCACAG,L2
hMG3,CATACTTTCCGGTAAT,L2
hMG3,CATACTTTCGGATTAC,L2
hMG3,CATAGACAGAAACCAT,L2
hMG3,CATAGACAGCATTTGC,L1
hMG3,CATAGACGTCGCACAC,L1
hMG3,CATAGACGTCTCGGAC,L2
hMG3,CATAGACGTTAGTTCG,L2
hMG3,CATAGACTCCGAACGC,L2
hMG3,CATAGACTCGTGCACG,L1
hMG3,CATCAAGCAGATCATC,Basal
hMG3,CATCAAGGTAGCCAGA,L2
hMG3,CATCAAGGTCAGTCCG,L1
hMG3,CATCAAGTCCTACCAC,L2
hMG3,CATCCACCAAAGGCAC,L2
hMG3,CATCCACGTACAATAG,L2
hMG3,CATCCCAAGATTGCGG,L1
hMG3,CATCCCACATCCGAAT,L1
hMG3,CATCCCAGTAATCAGA,L1
hMG3,CATCCCATCAAGATAG,L2
hMG3,CATCCCATCTGCGGAC,L1
hMG3,CATCCGTAGCATTGAA,L2
hMG3,CATCCGTAGGCTAAAT,L1
hMG3,CATCCGTAGTTGAAGT,L2
hMG3,CATCCGTGTCGACTTA,L1
hMG3,CATCCGTGTGTTTCTT,L2
hMG3,CATCCGTTCCATGCAA,L2
hMG3,CATCGCTCAATTCTCT,L2
hMG3,CATCGCTCAGCTGAGA,L2
hMG3,CATCGCTTCACTTGTT,L1
hMG3,CATCGGGAGAAGTATC,Basal
hMG3,CATCGGGCAAGCACAG,L1
hMG3,CATCGGGGTGCTTATG,L2
hMG3,CATCGGGTCATCACCC,L1
hMG3,CATCGTCAGACGGTCA,L1
hMG3,CATCGTCAGTTCTACG,L1
hMG3,CATCGTCCACCAGACC,L1
hMG3,CATCGTCCAGCCTATA,L2
hMG3,CATCGTCTCGCTACAA,L1
hMG3,CATCGTCTCTCGCCTA,L1
hMG3,CATGAGTGTTCCACAA,Basal
hMG3,CATGAGTGTTGAGTCT,Basal
hMG3,CATGAGTTCGATTGGT,L2
hMG3,CATGCAAAGACGCATG,L1
hMG3,CATGCAACACCTCTGT,L2
hMG3,CATGCAATCTGCTCTG,L2
hMG3,CATGCAATCTTAAGGC,L2
hMG3,CATGCCTAGCATGATA,Basal
hMG3,CATGCCTCACTTGGGC,L2
hMG3,CATGCCTGTTATAGAG,L2
hMG3,CATGCGGAGTATGAGT,L2
hMG3,CATGCGGGTAGATTAG,L2
hMG3,CATGCGGGTATACGGG,L2
hMG3,CATGCGGGTCGTGGAA,L1
hMG3,CATGCGGGTGTCATGT,L2
hMG3,CATGCGGTCCGTAGGC,L2
hMG3,CATGCGGTCTGACAGT,L1
hMG3,CATGCTCGTCGTCTCT,L2
hMG3,CATGCTCTCTGGGCGT,L1
hMG3,CATGGATTCAATGTCG,Basal
hMG3,CATGGATTCCGTTGGG,L2
hMG3,CATGGTAAGGCACCAA,L1
hMG3,CATGGTACAATGCAGG,Basal
hMG3,CATGGTACATTGTACG,L2
hMG3,CATGGTAGTATGCTTG,L2
hMG3,CATGGTATCGTGCAGC,L1
hMG3,CATTCATAGGCCTTCG,L2
hMG3,CATTCATGTGACTAAA,L1
hMG3,CATTCATGTTCAGTAC,L2
hMG3,CATTCCGCAATTCGTG,L1
hMG3,CATTCCGTCTGTCAGA,L2
hMG3,CATTCTAAGCACGTCC,L2
hMG3,CATTCTACACGCGGTT,L1
hMG3,CATTCTACACTATCCC,L2
hMG3,CATTCTAGTCGGCTAC,L1
hMG3,CATTCTAGTTCGTAAC,L2
hMG3,CATTCTATCGTGGACC,L1
hMG3,CATTGAGGTCCTACGG,L1
hMG3,CATTGCCAGACTCGAG,L2
hMG3,CATTGCCAGATTTGCC,L2
hMG3,CATTGCCAGGTTTGAA,L1
hMG3,CATTGCCAGTAGCCAG,L1
hMG3,CATTGCCAGTGTGTTC,L1
hMG3,CATTGCCCAAATTGCC,L1
hMG3,CATTGCCCAACCCTAA,L2
hMG3,CATTGCCGTGGTTTGT,L2
hMG3,CATTGCCTCTGGCCAG,L1
hMG3,CATTGTTAGACCAGCA,L1
hMG3,CATTGTTAGTCTGCAT,L2
hMG3,CATTGTTCAAGACGGT,L2
hMG3,CATTGTTCACTATGTG,L1
hMG3,CATTGTTTCGACCCAG,L1
hMG3,CATTTCACAGAGGTAC,L1
hMG3,CCAAGCGGTGACGCCT,L2
hMG3,CCAAGCGTCAGTCTTT,L1
hMG3,CCAATGAGTACTGGGA,L1
hMG3,CCAATGAGTCCAGCGT,L1
hMG3,CCAATGAGTGGTGATG,L1
hMG3,CCAATGATCCCAGCGA,L2
hMG3,CCAATGATCCGTAATG,L2
hMG3,CCAATTTAGCGAGTCA,L1
hMG3,CCAATTTCACCAAATC,L1
hMG3,CCAATTTCATCGTCCT,L2
hMG3,CCAATTTGTCGCTCGA,L1
hMG3,CCAATTTGTGCACATT,L1
hMG3,CCAATTTGTTGTGGAG,L2
hMG3,CCAATTTTCAATCGGT,L2
hMG3,CCAATTTTCCTCACGT,L2
hMG3,CCAATTTTCCTGATAG,L2
hMG3,CCAATTTTCTGCAGCG,L2
hMG3,CCACAAAAGGGCAACT,L2
hMG3,CCACAAAGTACTAAGA,L2
hMG3,CCACAAAGTGGTTCTA,L1
hMG3,CCACAAATCAACACGT,L1
hMG3,CCACAAATCCAACTAG,L1
hMG3,CCACACTCACGCTATA,L1
hMG3,CCACACTGTCTTTCTA,L2
hMG3,CCACACTGTGACAGGT,L1
hMG3,CCACACTTCCGTGGCA,L1
hMG3,CCACCATAGGCGAACT,L1
hMG3,CCACCATCACTCATAG,L2
hMG3,CCACCATGTCCTGAAT,L2
hMG3,CCACCATTCTAGTACG,L1
hMG3,CCACGTTAGAACGCGT,L1
hMG3,CCACGTTAGAAGCCAC,L2
hMG3,CCACGTTCATGAGAAT,L2
hMG3,CCACGTTGTTAGTTCG,L2
hMG3,CCACGTTGTTTGTGGT,L2
hMG3,CCACTTGAGGCGAACT,L2
hMG3,CCACTTGAGTCACTCA,L2
hMG3,CCACTTGCACTTGTGA,L1
hMG3,CCACTTGCATGAAAGT,L2
hMG3,CCACTTGCATGTTCGA,L1
hMG3,CCACTTGTCTTGCAAG,L1
hMG3,CCATAAGCATCGAAGG,L1
hMG3,CCATAAGGTACTGACT,L2
hMG3,CCATAAGGTCATTGCA,L1
hMG3,CCATAAGTCGACACCG,L2
hMG3,CCATAAGTCGGACAAG,L1
hMG3,CCCAACTAGGACTTCT,L1
hMG3,CCCAACTCAATACGAA,L2
hMG3,CCCAACTCATCGGAGA,L1
hMG3,CCCAACTCATGGAGAC,L1
hMG3,CCCAACTGTCTTGTCC,L2
hMG3,CCCAACTTCCCGTTCA,L1
hMG3,CCCAACTTCGGTAAGG,L2
hMG3,CCCATTGAGACGTCGA,L1
hMG3,CCCATTGAGATACTGA,L2
hMG3,CCCATTGCAGATTCGT,L2
hMG3,CCCATTGCATGGGATG,L1
hMG3,CCCATTGCATGTTCGA,L1
hMG3,CCCATTGCATTACTCT,L2
hMG3,CCCGAAGCAATTCACG,L1
hMG3,CCCGAAGGTGCGTGCT,L1
hMG3,CCCGGAAAGATGAAGG,L1
hMG3,CCCGGAAAGGCACTCC,L1
hMG3,CCCGGAAAGGGATCAC,L2
hMG3,CCCGGAACAAAGGATT,L2
hMG3,CCCTAACCACACGGAA,L2
hMG3,CCCTAACCAGCTACTA,L2
hMG3,CCCTAACTCAGCCTCT,L1
hMG3,CCCTAACTCTTACGTT,L2
hMG3,CCCTCAAAGACTCTAC,L2
hMG3,CCCTCAAAGGGACCAT,L1
hMG3,CCCTCAAGTTGTGGCC,L1
hMG3,CCCTCAATCGAGCTGC,L2
hMG3,CCCTCAATCGTTGTAG,L2
hMG3,CCCTCTCCAGTTAGAA,L2
hMG3,CCCTGATAGTAGTCCT,L1
hMG3,CCCTGATCAGTGCCTG,L2
hMG3,CCCTGATCATAACTCG,L1
hMG3,CCCTGATGTCTTCGAA,L2
hMG3,CCCTTAGAGGGTCACA,L1
hMG3,CCCTTAGCAGAGGTTG,L1
hMG3,CCCTTAGCATCATCCC,L1
hMG3,CCCTTAGTCGGAAGGT,L2
hMG3,CCCTTAGTCGTCGGGT,L1
hMG3,CCGAACGAGTGCACAG,L2
hMG3,CCGAACGGTATGGAGC,L1
hMG3,CCGAACGGTCTGTGCG,Basal
hMG3,CCGAACGGTGATATAG,L2
hMG3,CCGATCTGTAGCACGA,L2
hMG3,CCGATCTGTGGTCTAT,L2
hMG3,CCGATCTTCGGTGAAG,L2
hMG3,CCGATGGAGACAACTA,L1
hMG3,CCGATGGCACACTTAG,L1
hMG3,CCGATGGCATGATGCT,L2
hMG3,CCGATGGGTTAGGAGC,L1
hMG3,CCGCAAGAGTAAACGT,L2
hMG3,CCGCAAGCAGGTACGA,L1
hMG3,CCGCAAGGTAGGAGGG,L1
hMG3,CCGCAAGTCACCGACG,L2
hMG3,CCGGACAAGATGACAT,L2
hMG3,CCGGACAAGGTCACTT,L2
hMG3,CCGGACAAGTTGCTCA,L2
hMG3,CCGGACACAATCTGCA,L2
hMG3,CCGGACACATGAAAGT,L2
hMG3,CCGGGTAAGGTTGTTC,L1
hMG3,CCGGGTAAGTGCGACA,L2
hMG3,CCGGGTACAAAGAACT,L1
hMG3,CCGGGTACATCGTCCT,L1
hMG3,CCGGGTATCGATACAC,L1
hMG3,CCGGTAGAGCTAAGTA,L2
hMG3,CCGGTAGTCTGTAACG,L2
hMG3,CCGGTAGTCTTGGTCC,L2
hMG3,CCGGTGACAGCTGAGA,Basal
hMG3,CCGGTGAGTCCATAGT,Basal
hMG3,CCGGTGATCGACGAGA,L2
hMG3,CCGTAGGTCGTGTTCC,L1
hMG3,CCGTGAGAGCAGCACA,L2
hMG3,CCGTGAGTCGCTGTCT,L2
hMG3,CCGTTCACAATTTCCT,L1
hMG3,CCGTTCACATCTCATT,L1
hMG3,CCGTTCACATCTCGTC,L1
hMG3,CCGTTCAGTAGTGTGG,L1
hMG3,CCTAACCAGTGAACAT,L2
hMG3,CCTAACCGTCTACATG,L2
hMG3,CCTAACCTCTGTAACG,L1
hMG3,CCTAAGAAGCCACTCG,L2
hMG3,CCTAAGAAGCGGCTCT,L2
hMG3,CCTAAGACAGCATGCC,L1
hMG3,CCTAAGAGTATGGTAA,L2
hMG3,CCTAAGAGTCACTCTC,L1
hMG3,CCTAAGATCCCATGGG,L2
hMG3,CCTACGTAGCAACTTC,L1
hMG3,CCTACGTCAACAAAGT,L1
hMG3,CCTACGTCACAGCTTA,L2
hMG3,CCTACGTTCGAATGCT,L1
hMG3,CCTACGTTCGTGCACG,L2
hMG3,CCTATCGCAGATCATC,L1
hMG3,CCTATCGGTCAGCTTA,L1
hMG3,CCTCAACAGACTACGG,L2
hMG3,CCTCAACCATACTGAC,L2
hMG3,CCTCAACGTGGCTTAT,L2
hMG3,CCTCAACTCCAGCTCT,L2
hMG3,CCTCACAAGTAGACCG,L2
hMG3,CCTCAGTAGATCCGAG,L2
hMG3,CCTCAGTCAAGACCGA,L1
hMG3,CCTCATGAGCATCGAG,Basal
hMG3,CCTCATGGTACGGCAA,L1
hMG3,CCTCCAAAGTGTTCCA,L2
hMG3,CCTCCAACAAAGCTAA,L1
hMG3,CCTCCAACAACGGCCT,Basal
hMG3,CCTCCAACACGGCTAC,L1
hMG3,CCTCCAACACTGGACC,L1
hMG3,CCTCCAACAGCGACAA,L1
hMG3,CCTCCAAGTCAAGCCC,L1
hMG3,CCTCCAAGTCATAAAG,L2
hMG3,CCTCCTCAGGCTGAAC,L2
hMG3,CCTCCTCAGTAGCTCT,L1
hMG3,CCTCCTCGTCATCAGT,L1
hMG3,CCTCCTCGTCGAGATG,L1
hMG3,CCTCCTCTCAACACCA,L1
hMG3,CCTCCTCTCGGAACTT,L1
hMG3,CCTCTAGAGGCAGTCA,L1
hMG3,CCTCTAGCATGACAAA,L1
hMG3,CCTCTAGTCCACGTCT,L1
hMG3,CCTCTAGTCGAGCTGC,L1
hMG3,CCTCTCCGTGGTCTTA,L1
hMG3,CCTCTCCTCGTGCAGC,L2
hMG3,CCTCTCCTCTCGTCGT,L2
hMG3,CCTGCATCAACCAGAG,L2
hMG3,CCTGTTGAGCGCATCC,L2
hMG3,CCTGTTGGTATCGAGG,L2
hMG3,CCTGTTGTCACACGAT,L2
hMG3,CCTTCAGAGAGTGGCT,L2
hMG3,CCTTCAGCAAGTGGGT,L2
hMG3,CCTTCAGGTCCAGCCA,L2
hMG3,CCTTCAGTCCGAAATC,L2
hMG3,CCTTCAGTCGTTACCC,L1
hMG3,CCTTGTGAGAAGGTAG,L1
hMG3,CCTTGTGAGGCATCTT,L1
hMG3,CCTTTGGAGGACAACC,L2
hMG3,CCTTTGGTCAGGACAG,L2
hMG3,CCTTTGGTCCATCTCG,L1
hMG3,CGAAGTTAGTAAACTG,L2
hMG3,CGAAGTTGTGCAGATG,L1
hMG3,CGAAGTTGTTATGTGC,L2
hMG3,CGAAGTTGTTGTTGCA,L1
hMG3,CGAAGTTTCCGCCTAT,L2
hMG3,CGAAGTTTCGTTATCT,L2
hMG3,CGAAGTTTCTATTTCG,L2
hMG3,CGAATTGAGATTTGCC,L2
hMG3,CGAATTGCAAATGAGT,L2
hMG3,CGAATTGCAGAGGCAT,L1
hMG3,CGAATTGGTGCTAGCC,L1
hMG3,CGAATTGGTTCGGGTC,L2
hMG3,CGAATTGTCGTGCAGC,L1
hMG3,CGAATTGTCTCATGCC,L1
hMG3,CGACAGCGTATTTCTC,L2
hMG3,CGACAGCGTTTGGAGG,L2
hMG3,CGACAGCTCAGTCATG,L1
hMG3,CGAGAAGGTGGCACTC,L1
hMG3,CGAGAAGGTGTAGGAC,L1
hMG3,CGAGGAAAGGACGCTA,L2
hMG3,CGAGGAACAAATGCGG,L2
hMG3,CGAGGAACAGTGCGCT,L2
hMG3,CGAGGAACATCTCATT,L1
hMG3,CGAGGAAGTCGGCACT,L1
hMG3,CGAGGAATCTACTATC,L1
hMG3,CGAGGCTAGCACTCCG,L1
hMG3,CGAGGCTAGGAATCGC,L2
hMG3,CGAGGCTAGGGTCACA,L2
hMG3,CGAGGCTAGTGAATAC,L1
hMG3,CGAGGCTCACACACGC,L1
hMG3,CGAGGCTGTCATCCGG,Basal
hMG3,CGAGGCTGTCTAGGTT,L1
hMG3,CGAGGCTTCCCGTAAA,Basal
hMG3,CGAGTGCAGAGCAGAA,L2
hMG3,CGAGTGCAGCTAGCCC,L1
hMG3,CGAGTGCGTTGTTGCA,L2
hMG3,CGAGTTAAGACCATTC,L2
hMG3,CGAGTTACAAGCTGCC,L2
hMG3,CGAGTTACATAGACTC,L1
hMG3,CGAGTTAGTCCAAGAG,L2
hMG3,CGAGTTAGTGGCCCAT,L1
hMG3,CGATCGGCAATACAGA,L2
hMG3,CGATCGGCATCTATCT,L1
hMG3,CGATCGGGTCGACGCT,L2
hMG3,CGATCGGTCCATTTGT,L1
hMG3,CGATGCGAGGAGCAAA,L2
hMG3,CGATGCGAGGGTGAGG,L1
hMG3,CGATGCGAGTCATCGT,L2
hMG3,CGATGCGAGTGGAATT,L1
hMG3,CGATGCGCACAAGTGG,L1
hMG3,CGATGCGGTAAGCAAT,L2
hMG3,CGATGCGGTGACGTCC,L2
hMG3,CGATGCGTCAATCAGC,L1
hMG3,CGATGCGTCTGGCCAG,L2
hMG3,CGATGGCCACGTCATA,L2
hMG3,CGATGGCTCAAATGAG,L1
hMG3,CGATGGCTCAGACCTA,L2
hMG3,CGCAGGTCACGCTGAC,L2
hMG3,CGCAGGTCAGCACAGA,L1
hMG3,CGCAGGTTCCTTTAGT,L2
hMG3,CGCATAAAGACCAAAT,L1
hMG3,CGCATAAGTTTCACAG,L2
hMG3,CGCATAATCGAGAAAT,L1
hMG3,CGCATAATCTGCTGAA,L2
hMG3,CGCATGGCAATTTCGG,L2
hMG3,CGCATGGGTAATTAGG,L1
hMG3,CGCATGGTCCAGCCTT,L2
hMG3,CGCATGGTCCATCAGA,L1
hMG3,CGCATGGTCCGATTAG,L1
hMG3,CGCATGGTCTCACTCG,L1
hMG3,CGCCAGAGTTCAGCGC,L1
hMG3,CGCCATTAGCTAATCC,L2
hMG3,CGCCATTAGTTCATCG,L1
hMG3,CGCCATTCACTGGCGT,L2
hMG3,CGCCATTCAGGTCCCA,L2
hMG3,CGCCATTGTCAAGCGA,L2
hMG3,CGCCATTGTGGGTATG,L2
hMG3,CGCCATTTCGACCTAA,L1
hMG3,CGCCATTTCTGCTTAT,L1
hMG3,CGCGTGACACCAAAGG,L1
hMG3,CGCGTGAGTTACCTGA,L2
hMG3,CGCGTGATCAATCCAG,L2
hMG3,CGGAACCAGATGGCAC,L1
hMG3,CGGAACCGTATGGTTC,L2
hMG3,CGGAACCGTGGCTCTG,L2
hMG3,CGGAACCTCCATCTAT,L2
hMG3,CGGAACCTCCTACCAC,L2
hMG3,CGGAACCTCGCCGAAC,L2
hMG3,CGGAACCTCTCTCAAT,L1
hMG3,CGGAATTAGGAACGTC,L2
hMG3,CGGAATTAGGCACTCC,L2
hMG3,CGGAATTGTGCAGATG,L2
hMG3,CGGACACAGCTGGTGA,L1
hMG3,CGGACACTCATGAAAG,L1
hMG3,CGGACACTCCTCCACA,L2
hMG3,CGGAGAACATCCGTGG,L1
hMG3,CGGAGAATCAGGTGTT,L2
hMG3,CGGCAGTAGTGCGTCC,L2
hMG3,CGGCAGTTCTCCTGTG,L1
hMG3,CGGGACTGTAAGTCAA,L1
hMG3,CGGGACTTCGATTCCC,L2
hMG3,CGGGACTTCTCGTGGG,L2
hMG3,CGGGCATCACTACTTT,L1
hMG3,CGGGCATCATGGAATA,Basal
hMG3,CGGGCATGTGCGAGTA,L1
hMG3,CGGGTCACAAGACAAT,L1
hMG3,CGGGTCACAGTCAACT,L2
hMG3,CGGGTCATCTTCCCAG,L1
hMG3,CGGGTGTCAATACGCT,L2
hMG3,CGGGTGTCACAGTGAG,L1
hMG3,CGGTCAGAGCGCATCC,L2
hMG3,CGGTCAGGTTGCCTAA,L1
hMG3,CGGTCAGTCGCAATTG,L1
hMG3,CGGTCAGTCTTCCGTG,L2
hMG3,CGTAAGTGTACCCACG,Basal
hMG3,CGTAAGTGTGTTAACC,L1
hMG3,CGTAAGTTCTGTCAGA,Basal
hMG3,CGTAATGAGCGTGTTT,L1
hMG3,CGTAATGAGTCAGCCC,L1
hMG3,CGTAATGCATAATGCC,L2
hMG3,CGTAATGGTCCGATCG,Basal
hMG3,CGTAATGTCCTGTTGC,L2
hMG3,CGTAGTACAACGCCCA,L2
hMG3,CGTCAAAGTGTCTCCT,L2
hMG3,CGTCAAATCGCTGCGA,L2
hMG3,CGTCCATAGGTTTACC,L2
hMG3,CGTCCATCACTCCACT,L1
hMG3,CGTCCATGTATCTCTT,L2
hMG3,CGTCCATGTCCATAGT,L2
hMG3,CGTGAATCACCAAAGG,L1
hMG3,CGTGAATCAGCGATTT,L1
hMG3,CGTGAATGTCCCACGA,L2
hMG3,CGTGATACACCCTCTA,L1
hMG3,CGTGATACACTGAATC,L1
hMG3,CGTGATAGTAGGAAAG,L2
hMG3,CGTGCTTCAGCGTTTA,L1
hMG3,CGTGCTTGTCATTGCA,L1
hMG3,CGTGCTTGTCCACACG,L2
hMG3,CGTGCTTTCAACTACG,L1
hMG3,CGTGCTTTCGTTCTAT,L2
hMG3,CGTGCTTTCTACGCGG,L2
hMG3,CGTGCTTTCTATTTCG,L1
hMG3,CGTGTCTAGAACTTCC,L1
hMG3,CGTGTCTAGTATGCAA,L1
hMG3,CGTGTCTCAATGCAGG,L2
hMG3,CGTGTCTTCACATTGG,L2
hMG3,CGTGTCTTCCTTCTAA,L2
hMG3,CGTGTCTTCGCTCTCA,L1
hMG3,CGTTCTGCACGTTGGC,Basal
hMG3,CGTTCTGTCCTTGACC,L1
hMG3,CGTTGGGCACAGCCAC,L2
hMG3,CGTTGGGCACTGGCCA,L2
hMG3,CGTTGGGTCTGAATCG,L1
hMG3,CTAACCCAGCCTCTTC,L1
hMG3,CTAACCCCAGTCGGAA,L2
hMG3,CTAACCCCATGGGTCC,L1
hMG3,CTAACCCTCAAAGGTA,L1
hMG3,CTAACTTAGTGGTCAG,L2
hMG3,CTAACTTCAACATCGT,L1
hMG3,CTAACTTCACTGTTCC,Basal
hMG3,CTAACTTCATTCCTAT,L2
hMG3,CTAAGTGGTCGAGTTT,L2
hMG3,CTACAGAGTAAGATTG,L1
hMG3,CTACAGAGTCATAAAG,L1
hMG3,CTACATTCAATCCTTT,L2
hMG3,CTACATTCACTGGCCA,L1
hMG3,CTACATTCATAGTCGT,Basal
hMG3,CTACATTTCATAAGGA,L2
hMG3,CTACCCACAGTAACCT,L1
hMG3,CTACCCAGTCGGTACC,L1
hMG3,CTACCCAGTCTTCTAT,L2
hMG3,CTACCCAGTGATGAAT,L1
hMG3,CTACCCAGTGTCCCTT,L1
hMG3,CTACCCATCTCCGTGT,L2
hMG3,CTACCCATCTCTGGTC,L1
hMG3,CTACCTGTCCTGTAGA,L1
hMG3,CTACCTGTCTGGGCGT,L1
hMG3,CTACGGGAGAGTCTGG,L1
hMG3,CTACGGGAGTCTTGGT,L1
hMG3,CTACGGGCAGCGACCT,L2
hMG3,CTACGGGTCTCTCAAT,Basal
hMG3,CTACGGGTCTGAGAAA,L2
hMG3,CTACTATAGACTCAAA,L2
hMG3,CTACTATTCGGCAGTC,L2
hMG3,CTAGACACAGCGTGCT,L2
hMG3,CTAGACACATTAGGAA,L2
hMG3,CTAGACAGTGATAGTA,L2
hMG3,CTAGACATCCCAAGTA,L1
hMG3,CTAGACATCCTGCTAC,L2
hMG3,CTAGGTACAAGCTCTA,Basal
hMG3,CTAGGTACAATAACCC,L1
hMG3,CTATAGGAGGTAAGGA,L1
hMG3,CTATAGGCACTGCGAC,L1
hMG3,CTATAGGCAGTTAGAA,L2
hMG3,CTATAGGGTCGAACGA,L1
hMG3,CTATCCGAGGTAACTA,L1
hMG3,CTATCCGAGGTGTGAC,L1
hMG3,CTATCCGCATCCTGTC,L1
hMG3,CTATCCGGTAGCTAAA,Basal
hMG3,CTATCCGGTTGCACGC,L2
hMG3,CTATCCGTCTTCCCAG,L1
hMG3,CTATCTACACGCCACA,Basal
hMG3,CTATCTATCCTTCTTC,L2
hMG3,CTCAACCCACAAACGG,L1
hMG3,CTCAAGAAGTCCCAGC,L1
hMG3,CTCAAGACAAGAGTGC,L1
hMG3,CTCAAGACATATCTCT,L1
hMG3,CTCAAGAGTCGTTGGC,L1
hMG3,CTCAAGATCTGACGCG,L2
hMG3,CTCAATTAGAAACTAC,L2
hMG3,CTCAATTCAAAGGAGA,L1
hMG3,CTCAATTCACGCAAAG,L1
hMG3,CTCAATTTCACTGTCC,L1
hMG3,CTCACTGTCCTCTCGA,L2
hMG3,CTCACTGTCGGAACTT,L1
hMG3,CTCAGAACAGTGGTGA,L2
hMG3,CTCAGGGAGGCCGCTT,L1
hMG3,CTCAGGGCAGCAGTGA,L1
hMG3,CTCAGGGCAGGACTAG,L1
hMG3,CTCAGGGCATGTGTCA,L1
hMG3,CTCAGGGGTGAAGCGT,L2
hMG3,CTCAGGGGTTACCTTT,Basal
hMG3,CTCAGGGTCCATCTGC,L1
hMG3,CTCAGTCAGAGCTGAC,Basal
hMG3,CTCAGTCGTAACATAG,L1
hMG3,CTCAGTCTCCACAGGC,L1
hMG3,CTCATCGCAATAAGGT,L2
hMG3,CTCATCGCAGAGATTA,L2
hMG3,CTCATCGGTAAGGAGA,L1
hMG3,CTCATCGGTCCTTTGC,L2
hMG3,CTCATCGTCATCCTAT,L2
hMG3,CTCATCGTCCATAGAC,L1
hMG3,CTCATCGTCCGAGTGC,L1
hMG3,CTCATCGTCGGCCCAA,L2
hMG3,CTCATGCAGCGGGTAT,L2
hMG3,CTCATGCAGGCTAACG,L1
hMG3,CTCATGCAGGTCGTCC,L1
hMG3,CTCATGCAGTGGTTCT,L1
hMG3,CTCATGCCAGAGTCAG,L1
hMG3,CTCATGCGTACCGTGC,L1
hMG3,CTCATGCGTAGCGTTT,L1
hMG3,CTCATGCGTCTCCTGT,L2
hMG3,CTCATGCGTTGAGTCT,L2
hMG3,CTCATGCTCACTCTTA,L2
hMG3,CTCATTACAACACTAC,L2
hMG3,CTCATTACAACCGTAT,L2
hMG3,CTCATTACATGGGATG,L1
hMG3,CTCCAACCATTGCAAC,L1
hMG3,CTCCAACGTTGGGCCT,L1
hMG3,CTCCACAAGCAGGCAT,L1
hMG3,CTCCACAAGGCTAGCA,L1
hMG3,CTCCACAGTATCGATC,L2
hMG3,CTCCACATCGCTGATA,L1
hMG3,CTCCACATCTAGCATG,L2
hMG3,CTCCACATCTCCTACG,L1
hMG3,CTCCATGGTCAATCTG,L1
hMG3,CTCCATGGTCTCAAGT,L1
hMG3,CTCCATGGTTGTGTAC,L1
hMG3,CTCCATGTCTAGTTCT,L1
hMG3,CTCCCAAAGACTCTAC,L1
hMG3,CTCCCAAGTCCTCAGG,L2
hMG3,CTCCCAATCAGGCGAA,Basal
hMG3,CTCCCAATCCGCATAA,L2
hMG3,CTCCCAATCTTTCTAG,L2
hMG3,CTCCCTCGTACCAATC,L2
hMG3,CTCCGATAGAACTTCC,L1
hMG3,CTCCGATCAACCGTGC,L2
hMG3,CTCCGATCAACGGCCT,L1
hMG3,CTCCGATCAGAAATCA,L1
hMG3,CTCCGATCATCCTAAG,L2
hMG3,CTCCGATTCAGTGTGT,L2
hMG3,CTCCGATTCCGCTGTT,L2
hMG3,CTCCGATTCGTTAGTG,L2
hMG3,CTCCTCCAGTCAGCGA,L1
hMG3,CTCCTCCAGTCTCCTC,L1
hMG3,CTCCTCCGTCTTTCTA,L2
hMG3,CTCCTCCTCCTTATCA,L1
hMG3,CTCCTCCTCGTAGTGT,L2
hMG3,CTCCTCCTCTCATTAC,L1
hMG3,CTCCTTTAGGGAGTTC,L2
hMG3,CTCCTTTCATGTACGT,L2
hMG3,CTCCTTTGTGCCTAAT,L2
hMG3,CTCCTTTGTGGGTTGA,L1
hMG3,CTCGAGGCAGTTGAAA,Basal
hMG3,CTCGAGGTCCCAATAG,Basal
hMG3,CTCGAGGTCCGTATAG,L1
hMG3,CTCTCAGAGATGACCG,L2
hMG3,CTCTCAGAGCTAAACA,L1
hMG3,CTCTCAGAGGCGCTCT,L2
hMG3,CTCTCAGGTCCGGTCA,L2
hMG3,CTCTCAGGTTACCTGA,L1
hMG3,CTCTCAGTCGAGAAGC,L2
hMG3,CTCTCGAAGATACGAT,L2
hMG3,CTCTCGACAGAGGTTG,L1
hMG3,CTCTCGAGTCTCGCGA,L1
hMG3,CTCTCGAGTGTGGTCC,L1
hMG3,CTCTCGATCCAAGCTA,L1
hMG3,CTCTGGTAGTTGCCTA,L1
hMG3,CTCTGGTCACACGCCA,L2
hMG3,CTCTGGTCATGGGAAC,L1
hMG3,CTCTGGTGTTAGCGGA,L1
hMG3,CTCTGGTGTTTGATCG,L1
hMG3,CTGAATGAGGCCCGTT,L1
hMG3,CTGAATGGTAGCGAGT,L2
hMG3,CTGAATGGTCGATTCA,L2
hMG3,CTGAATGGTGCAGTGA,Basal
hMG3,CTGAATGTCATCGGGC,L2
hMG3,CTGAGCGAGTGCAAAT,L2
hMG3,CTGAGCGCAAGTGGCA,L2
hMG3,CTGAGGCAGCATGCGA,L2
hMG3,CTGAGGCCAGAGATTA,L1
hMG3,CTGAGGCTCGAAATCC,L1
hMG3,CTGATCCAGAGCATAT,L2
hMG3,CTGATCCAGCACCTGC,L1
hMG3,CTGATCCAGGATATGT,L2
hMG3,CTGATCCCACCACATA,L1
hMG3,CTGCAGGAGAGTTGCG,L1
hMG3,CTGCAGGGTCTAATCG,L1
hMG3,CTGCAGGTCAAACGTC,L2
hMG3,CTGCATCAGCGCGTTC,L2
hMG3,CTGCATCAGCTACAAA,Basal
hMG3,CTGCATCCAGTCGCTG,L1
hMG3,CTGCATCGTGAGGATC,L1
hMG3,CTGCCATAGATAGTCA,L1
hMG3,CTGCCATAGATGTTAG,L2
hMG3,CTGCCATAGTCAAGCG,L1
hMG3,CTGCCATGTCACTACA,Basal
hMG3,CTGCCATGTTCTTGCC,L2
hMG3,CTGCCATGTTTAGAGA,L2
hMG3,CTGCGAGAGGTAAGGA,L2
hMG3,CTGCGAGGTACTCGAT,L2
hMG3,CTGCGAGTCCTAGCTC,L2
hMG3,CTGCTCAAGGATTTCC,L2
hMG3,CTGCTCACAAAGCAAT,L1
hMG3,CTGCTCACAAATGGTA,L1
hMG3,CTGCTCACAAGCAGGT,L2
hMG3,CTGGACGGTCGAACGA,L2
hMG3,CTGGCAGAGACGGAAA,L1
hMG3,CTGGCAGCACCTCTGT,L2
hMG3,CTGGCAGTCCCGAGGT,L1
hMG3,CTGGCAGTCGATCCAA,L2
hMG3,CTGGCAGTCTCTGACC,Basal
hMG3,CTGGCAGTCTTTGCGC,L2
hMG3,CTGGTCTAGATGCTAA,L1
hMG3,CTGGTCTGTACAGTTC,L1
hMG3,CTGGTCTTCACGGAGA,L2
hMG3,CTGGTCTTCGAGAGCA,L2
hMG3,CTGGTCTTCTTCCTAA,L1
hMG3,CTGTACCCAGCTGTGC,L1
hMG3,CTGTACCGTAAGATTG,L2
hMG3,CTGTACCGTATGCGGA,L2
hMG3,CTGTACCTCCATCTGC,L2
hMG3,CTGTAGAAGTGTTGTC,L2
hMG3,CTGTATTAGGTCACTT,L1
hMG3,CTGTATTGTCTGCAAT,L1
hMG3,CTGTATTGTTGCCGAC,L1
hMG3,CTGTATTTCCAAGAGG,L2
hMG3,CTGTATTTCTACGCGG,L2
hMG3,CTGTCGTAGAGGGTAA,L1
hMG3,CTGTCGTGTAATTGGA,L2
hMG3,CTGTCGTTCGAGTGGA,L2
hMG3,CTGTGAACAATTGAGA,L2
hMG3,CTGTGAACAGACCAAG,Basal
hMG3,CTGTGAACAGCACACC,L2
hMG3,CTGTGAAGTGACAACG,Basal
hMG3,CTGTGGGAGTTGTCAC,L2
hMG3,CTGTGGGGTCTCACAA,L1
hMG3,CTGTGGGGTGTTAGCT,L2
hMG3,CTGTGGGGTTCGATTG,L2
hMG3,CTGTGGGGTTGGTACT,L1
hMG3,CTGTGGGTCCGTAATG,L2
hMG3,CTTACCGCATGACTCA,Basal
hMG3,CTTACCGTCGCTTTAT,L2
hMG3,CTTAGGACACTAACGT,L2
hMG3,CTTAGGACATTCTTCA,Basal
hMG3,CTTAGGAGTCATGGCC,L2
hMG3,CTTAGGAGTCGCTGCA,L1
hMG3,CTTAGGATCCTACCGT,L2
hMG3,CTTCAATGTCCGATCG,L1
hMG3,CTTCAATGTCCTTAAG,L1
hMG3,CTTCAATGTCGATGCC,L2
hMG3,CTTCAATTCGCTAATG,L1
hMG3,CTTCAATTCTAAGCGT,L2
hMG3,CTTCCGACAGGTGACA,L2
hMG3,CTTCCGACATTCGGGC,L2
hMG3,CTTCCTTCAATGAAAC,L1
hMG3,CTTCCTTCACTCCTTG,L1
hMG3,CTTCCTTGTCACAGAG,L1
hMG3,CTTCCTTTCTCGTGGG,L2
hMG3,CTTCGGTCATCCTATT,L1
hMG3,CTTCGGTGTAGATTAG,L1
hMG3,CTTCGGTGTGGACCTC,L1
hMG3,CTTCGGTTCGGAAACG,L1
hMG3,CTTCTAACATGGCCAC,L1
hMG3,CTTCTAAGTGATACTC,L2
hMG3,CTTCTCTCAGAGGCAT,L2
hMG3,CTTCTCTGTGTGAGCA,L2
hMG3,CTTGAGAAGTCTACCA,L2
hMG3,CTTGAGACATAGGTAA,L2
hMG3,CTTGAGAGTACCTAGT,Basal
hMG3,CTTGAGATCGCAACAT,L2
hMG3,CTTGATTAGCTGAGTG,L2
hMG3,CTTGATTAGGAACGAA,L1
hMG3,CTTGATTCACATACTG,L2
hMG3,CTTGATTCATTGCCTC,L2
hMG3,CTTGATTGTGCCGAAA,L2
hMG3,CTTGATTGTTACCTTT,L1
hMG3,CTTGATTGTTCTCTCG,L2
hMG3,CTTGATTGTTTACTGG,L2
hMG3,CTTGATTTCTTTCCGG,L1
hMG3,CTTTCAAAGGAGATAG,L1
hMG3,CTTTCAAGTACCGTCG,L1
hMG3,CTTTCAATCAAGAGTA,L1
hMG3,CTTTCAATCCTACCAC,L2
hMG3,CTTTCAATCGAGTCTA,L2
hMG3,CTTTCAATCGGATACT,L2
hMG3,CTTTCGGCAATACAGA,L2
hMG3,CTTTCGGGTCGTTTCC,L2
hMG3,GAAACCTAGGGAGAAT,L2
hMG3,GAAACCTAGGGCGAGA,L2
hMG3,GAAACCTCATGAATCC,L2
hMG3,GAAACCTGTATCGTAC,L2
hMG3,GAAACCTGTGGCCCAT,L1
hMG3,GAAATGACATTCAGGT,L1
hMG3,GAACACTAGTGAGGCT,L2
hMG3,GAACACTGTACAAGTA,L1
hMG3,GAACACTGTCATAGTC,L1
hMG3,GAACACTGTGGCAGAT,L1
hMG3,GAACACTTCCAATGCA,L2
hMG3,GAACACTTCCCTTGTG,L1
hMG3,GAACACTTCCTCGATC,L1
hMG3,GAACGTTAGTGACACG,L1
hMG3,GAACGTTTCCAAATGC,L2
hMG3,GAACTGTGTGGCCCAT,L2
hMG3,GAACTGTGTTGTGTAC,L2
hMG3,GAAGAATAGCACACAG,L1
hMG3,GAAGAATGTATGGTTC,L2
hMG3,GAAGAATGTCAACCTA,L2
hMG3,GAAGAATGTTTCGTTT,L2
hMG3,GAAGAATTCGCCTTTG,L2
hMG3,GAAGCCCAGCATCAAA,L1
hMG3,GAAGCCCCACGGAAGT,L1
hMG3,GAAGCGAAGGTTGGTG,L2
hMG3,GAAGCGACAGCTCGGT,L1
hMG3,GAAGCGAGTGCCGGTT,L2
hMG3,GAAGCGAGTTGGCCGT,L2
hMG3,GAAGGACAGCCTTTGA,Basal
hMG3,GAAGGACAGGTCACTT,L2
hMG3,GAAGGACCACACTGGC,L2
hMG3,GAAGGACGTTTCCCAC,L1
hMG3,GAAGGACTCTTCGCTG,L2
hMG3,GAAGGGTGTACAGTTC,L1
hMG3,GAAGGGTGTCCTACAA,L2
hMG3,GAAGGGTGTTGACTAC,L1
hMG3,GAAGTAAGTGAGATTA,L2
hMG3,GAAGTAATCTGCACCT,L2
hMG3,GAATAGAAGCCAAGGT,L2
hMG3,GAATAGAAGCTAATCC,L1
hMG3,GAATAGACAACGACAG,L2
hMG3,GAATAGACACCAGCGT,L1
hMG3,GAATAGAGTAGTCCTA,L2
hMG3,GAATAGAGTCTAGGTT,L2
hMG3,GAATAGATCAAGTCTG,L2
hMG3,GAATCACCAGTTTGGT,L2
hMG3,GAATCACGTGGTCCGT,L2
hMG3,GAATCACTCTTCGCTG,L1
hMG3,GAATCACTCTTGGCTC,L1
hMG3,GAATCGTCATCTTTCA,L2
hMG3,GAATCGTTCGGCCAAC,Basal
hMG3,GACACGCAGTGAGTTA,Basal
hMG3,GACACGCCAAAGGCAC,L1
hMG3,GACACGCGTCTACGAT,L1
hMG3,GACAGCCCATGAGGGT,L1
hMG3,GACAGCCGTTAAGGAT,L1
hMG3,GACATCAAGTCTAGCT,L2
hMG3,GACATCATCGCGTTTC,L1
hMG3,GACATCATCTTGCAGA,L2
hMG3,GACCAATCAATGCAGG,L1
hMG3,GACCAATCACATTCGA,L1
hMG3,GACCAATCACGACTAT,L1
hMG3,GACCAATGTTCGATTG,L1
hMG3,GACCCAGCAACCTAAC,L1
hMG3,GACCCAGCACGCACCA,L2
hMG3,GACCCAGCAGGAATCG,L2
hMG3,GACCCAGTCAGCGGAA,L2
hMG3,GACCCAGTCTGCTGAA,L1
hMG3,GACCCTTCACTGGACC,L2
hMG3,GACCCTTCAGCTGAAG,L1
hMG3,GACCCTTGTGCAGGAT,L2
hMG3,GACCGTGAGAATCGTA,L1
hMG3,GACCGTGAGGGAGGTG,L1
hMG3,GACCGTGCAACTCGAT,L1
hMG3,GACCGTGGTGAGCTCC,L1
hMG3,GACCGTGTCCAATCTT,L2
hMG3,GACCGTGTCCCTTTGG,L1
hMG3,GACCGTGTCTGGTGGC,L2
hMG3,GACCTTCAGTCTGTAC,L2
hMG3,GACCTTCGTAAGATTG,L1
hMG3,GACCTTCGTGTCCAAT,L2
hMG3,GACCTTCGTGTGCTTA,L2
hMG3,GACCTTCGTTGGGATG,L2
hMG3,GACGCTGAGGTGCCAA,L1
hMG3,GACGCTGCAAACTGCT,L2
hMG3,GACGCTGCAATCCTAG,L1
hMG3,GACGCTGCATGTGGCC,L1
hMG3,GACGCTGTCGACGACC,L1
hMG3,GACGCTGTCGGTAAGG,L1
hMG3,GACGTTAAGAACAAGG,L2
hMG3,GACGTTACACCTGATA,L1
hMG3,GACGTTACACTGGAAG,L1
hMG3,GACGTTAGTCTCCCTA,L2
hMG3,GACTATGCACCTTCGT,L1
hMG3,GACTATGGTTGTCAGT,L2
hMG3,GACTCAAAGGTCCTGC,L1
hMG3,GACTCAAAGTGCACTT,L1
hMG3,GACTCAACACATAGCT,L2
hMG3,GACTCAAGTCGTATTG,L2
hMG3,GACTCTCAGAGCAGTC,L1
hMG3,GACTCTCCAACACGAG,L2
hMG3,GACTCTCCATCGATAC,L1
hMG3,GACTCTCGTACCCGAC,L2
hMG3,GACTCTCGTACTCAAC,L2
hMG3,GACTGATAGAGAGCGG,L1
hMG3,GACTGATAGTGAACAT,L1
hMG3,GACTGATCACTAGGTT,L2
hMG3,GACTGATCAGAGCCCT,L2
hMG3,GACTGATGTATGCAAA,L1
hMG3,GACTGATTCATGGAGG,L2
hMG3,GACTGATTCCGCGATG,L1
hMG3,GACTGATTCGGCCCAA,L2
hMG3,GACTTCCCAAATTAGG,L2
hMG3,GACTTCCTCATTACCT,L1
hMG3,GACTTCCTCCTGCTAC,L1
hMG3,GAGAAATTCTTTGATC,L2
hMG3,GAGACCCAGTACTGTC,L1
hMG3,GAGACCCGTCAGCGTC,Basal
hMG3,GAGACCCTCGAAGTGG,L1
hMG3,GAGACTTAGTCGGCCT,L2
hMG3,GAGACTTAGTTGTCAC,L1
hMG3,GAGACTTGTGGTTTAC,L2
hMG3,GAGACTTTCACCTTGC,L2
hMG3,GAGACTTTCTGGAGAG,L2
hMG3,GAGAGGTCAAACGTGG,L2
hMG3,GAGAGGTCACATAGCT,L1
hMG3,GAGAGGTTCATTGGTG,L1
hMG3,GAGAGGTTCGTAACTG,L2
hMG3,GAGAGGTTCTGAACGT,L1
hMG3,GAGATGGCACGAAAGC,L2
hMG3,GAGATGGCATGGTACT,L2
hMG3,GAGCCTGCATACAGAA,L1
hMG3,GAGCCTGGTAACACGG,L2
hMG3,GAGCTGCAGACCGTTT,L2
hMG3,GAGCTGCCAAGAATGT,Basal
hMG3,GAGCTGCCAAGGCCTC,L2
hMG3,GAGCTGCCACAGAGCA,L2
hMG3,GAGCTGCCAGCTGAGA,L1
hMG3,GAGCTGCGTACGCGTC,L2
hMG3,GAGGCAAAGGAACTAT,L2
hMG3,GAGGCAACAGTCTTCC,L1
hMG3,GAGGCAAGTCGGTGTC,L1
hMG3,GAGGCAATCAACTTTC,L2
hMG3,GAGGCCTAGGAATTAC,L2
hMG3,GAGGCCTCATGATCTG,L1
hMG3,GAGGCCTGTACGTGAG,L1
hMG3,GAGGCCTGTGGCTAGA,Basal
hMG3,GAGGCCTTCTACACTT,L2
hMG3,GAGGGATCATCGTCCT,L2
hMG3,GAGGGATGTCGACTGC,L1
hMG3,GAGGGATGTTGACTGT,L2
hMG3,GAGGGATTCAGCGCAC,L1
hMG3,GAGGGATTCATAGGCT,L1
hMG3,GAGGGATTCGGACCAC,Basal
hMG3,GAGGGTAAGTTGCCTA,L2
hMG3,GAGGGTACACACCTTC,L2
hMG3,GAGGGTAGTCACTCTC,L2
hMG3,GAGGGTAGTGGGTATG,L2
hMG3,GAGGGTATCTACTATC,L1
hMG3,GAGTCATAGAGATGCC,L1
hMG3,GAGTCATCACGGAAGT,L1
hMG3,GAGTCATCAGTGTATC,L1
hMG3,GAGTCATCATAGTCAC,L2
hMG3,GAGTCTAAGTAGTCCT,Basal
hMG3,GAGTCTACACCCTAGG,L2
hMG3,GAGTCTACATGGCGCT,L2
hMG3,GAGTCTATCGGTTGTA,L2
hMG3,GAGTCTATCTCCAAGA,L2
hMG3,GAGTGAGGTCTCTCCA,L2
hMG3,GAGTGAGGTGAGATCG,L1
hMG3,GAGTGTTAGAATAACC,L1
hMG3,GAGTGTTAGTACAACA,L2
hMG3,GAGTTACAGGACTGGT,L1
hMG3,GAGTTACCAGCCGGTT,L1
hMG3,GAGTTACCATCATGAC,L2
hMG3,GAGTTACTCTAGTTCT,L2
hMG3,GAGTTGTAGTAGTGCG,L1
hMG3,GAGTTGTCAATTGCGT,L2
hMG3,GAGTTTGCAAGCCTGC,L2
hMG3,GAGTTTGCAGCGCGTT,L2
hMG3,GAGTTTGCAGCTACTA,L1
hMG3,GAGTTTGCATACTGAC,L1
hMG3,GAGTTTGGTGATGGCA,L2
hMG3,GATAGAACAAGCGCTC,L2
hMG3,GATAGAACACGGTGAA,Basal
hMG3,GATAGAACATACAGAA,L1
hMG3,GATAGAAGTAGGAAAG,L1
hMG3,GATAGAATCCGCAACG,L1
hMG3,GATAGCTAGAACCCGA,L1
hMG3,GATAGCTAGCAGGTCA,L2
hMG3,GATAGCTCAATCTCGA,L1
hMG3,GATAGCTCAGACCATT,L2
hMG3,GATAGCTCAGTCGGAA,L2
hMG3,GATAGCTGTGAGAGGG,L2
hMG3,GATAGCTGTGTCACAT,L1
hMG3,GATAGCTTCCTTATGT,L2
hMG3,GATCACAAGCGACCCT,L2
hMG3,GATCACAAGTGCGTCC,Basal
hMG3,GATCACACAAACACCT,L2
hMG3,GATCACACAGATCATC,L1
hMG3,GATCACAGTTATTCTC,L1
hMG3,GATCAGTCAGCGATTT,L1
hMG3,GATCAGTGTAGTTACC,L1
hMG3,GATCATGAGAGACAAG,L2
hMG3,GATCATGCACCCATAA,L2
hMG3,GATCATGCAGACACCC,L2
hMG3,GATCATGTCAACCGAT,L2
hMG3,GATCCCTAGCAGTCTT,L2
hMG3,GATCCCTAGCGATGAC,L2
hMG3,GATCCCTAGCGGATCA,L1
hMG3,GATCCCTCAAGCTCTA,L1
hMG3,GATCCCTGTTCAAGTC,L2
hMG3,GATCCCTTCGTCAGAT,L1
hMG3,GATCGTAAGGTACAAT,L1
hMG3,GATCGTAAGGTGCTGA,L1
hMG3,GATCGTACACTTCAAG,L2
hMG3,GATCGTACATTGCCGG,L1
hMG3,GATCGTAGTTTGAACC,L1
hMG3,GATGACTCATGACGAG,L2
hMG3,GATGACTGTCACGTGC,L1
hMG3,GATGACTTCCTCTGCA,L2
hMG3,GATGACTTCGACCTAA,Basal
hMG3,GATGACTTCGACTCCT,L1
hMG3,GATGACTTCTCGTGAA,L1
hMG3,GATGAGGAGCACAAAT,L2
hMG3,GATGAGGTCAAAGGTA,Basal
hMG3,GATGAGGTCAGCGTCG,L2
hMG3,GATGAGGTCTCTTCAA,L2
hMG3,GATGATCAGGTTACAA,L2
hMG3,GATGATCCAGAACTTC,L1
hMG3,GATGATCGTTCTGACA,L2
hMG3,GATGATCTCTACGGGC,L1
hMG3,GATGCTATCGGACGTC,L1
hMG3,GATGCTATCTTGGGCG,L2
hMG3,GATGGAGAGCGACCCT,L2
hMG3,GATGGAGGTATACGGG,L2
hMG3,GATGGAGGTCGCGGTT,L2
hMG3,GATGGAGGTTCGTGCG,L2
hMG3,GATGGAGTCAGAGCAG,L2
hMG3,GATGTTGGTCGCGTTG,L2
hMG3,GATGTTGTCATGCATG,L2
hMG3,GATGTTGTCGAGTCTA,L1
hMG3,GATTCGACAGACCCGT,L2
hMG3,GATTCGACAGCAATTC,L2
hMG3,GATTCGAGTCGAGTGA,L2
hMG3,GATTCTTAGAGGTTTA,L2
hMG3,GATTCTTAGGCGATAC,L2
hMG3,GATTCTTCACTATGTG,L2
hMG3,GATTCTTCAGCGCTTG,L1
hMG3,GATTCTTGTCCTGTCT,L2
hMG3,GATTCTTGTTACACAC,L1
hMG3,GATTCTTTCCTCACGT,L1
hMG3,GATTGGTAGAGATGCC,L2
hMG3,GATTGGTCAGCGTAGA,L2
hMG3,GATTGGTGTGGAACCA,Basal
hMG3,GATTGGTTCATGCTAG,L2
hMG3,GATTGGTTCGGACAAG,L1
hMG3,GATTGGTTCTCAGTCC,L2
hMG3,GATTTCTAGGTTTGAA,L1
hMG3,GATTTCTGTTCCATTT,L2
hMG3,GCAACATAGACCATGG,L2
hMG3,GCAACATAGTGAACAT,L2
hMG3,GCAACATAGTGGTCAG,L1
hMG3,GCAACATTCAGTCTTT,L1
hMG3,GCAACCGAGCACGGAT,L2
hMG3,GCAACCGAGGCTCACC,L2
hMG3,GCAACCGAGTATGACA,L1
hMG3,GCAACCGTCGAAATCC,L2
hMG3,GCACATACAGTTGGTT,L2
hMG3,GCACATAGTGGAGGTT,L2
hMG3,GCACATATCGCACGAC,L2
hMG3,GCACGGTAGGACACTG,L1
hMG3,GCACGGTTCAGTCACA,L1
hMG3,GCACGTGCAGATACCT,L1
hMG3,GCACGTGGTCCTGTCT,L2
hMG3,GCACGTGTCAGTGCGC,L2
hMG3,GCACGTGTCCCGAGGT,L2
hMG3,GCACGTGTCGTAGGGA,L2
hMG3,GCACTAAGTACGATTC,L2
hMG3,GCACTAAGTCCGAAAG,L1
hMG3,GCACTAATCACTACTT,L1
hMG3,GCAGCCAAGGATCACG,L1
hMG3,GCAGCCAGTAGTTAGA,L2
hMG3,GCAGCCAGTTTCGATG,L1
hMG3,GCAGCCATCAGATGCT,Basal
hMG3,GCAGCTGCAACCGACC,L1
hMG3,GCAGCTGCAAGAGTTA,L1
hMG3,GCAGCTGCACAAATAG,Basal
hMG3,GCAGCTGCACGCTGCA,L2
hMG3,GCAGCTGCACTGAGGA,L1
hMG3,GCAGCTGTCCACTTTA,L1
hMG3,GCAGGCTAGTCACTAC,L2
hMG3,GCAGGCTGTGTTACTG,L1
hMG3,GCAGGCTGTTCAGCGC,L1
hMG3,GCAGTTAAGCTCCATA,L1
hMG3,GCATCGGAGTTAGTAG,L1
hMG3,GCATCGGTCTCGACCT,Basal
hMG3,GCATCTCAGATGACAT,Basal
hMG3,GCATCTCAGTCTGTAC,L1
hMG3,GCATCTCGTAGGGTAC,L1
hMG3,GCATCTCTCCAACTGA,L2
hMG3,GCATCTCTCTGGGATT,L2
hMG3,GCATGATCATGGCGCT,L2
hMG3,GCATGATGTTACACAC,L2
hMG3,GCATGATTCATCGACA,L2
hMG3,GCATTAGAGCATGTTC,L1
hMG3,GCATTAGAGCGCACAA,L2
hMG3,GCATTAGTCAGCATTG,L2
hMG3,GCATTAGTCGCAGTCG,L1
hMG3,GCCAACGAGATGAAGG,L2
hMG3,GCCAACGAGCATCCTA,L2
hMG3,GCCAACGAGCCTCATA,L2
hMG3,GCCAACGCATCCGTGG,L1
hMG3,GCCAACGGTGATGGCA,L1
hMG3,GCCAACGGTTCATCGA,L1
hMG3,GCCAACGGTTTACACG,L2
hMG3,GCCAACGTCGATCCAA,L1
hMG3,GCCAACGTCGATCCCT,L2
hMG3,GCCAGCAAGCAGTAAT,Basal
hMG3,GCCAGCACAACCCGCA,L1
hMG3,GCCAGCATCACCTACC,L1
hMG3,GCCAGCATCCTCTCGA,L1
hMG3,GCCAGGTAGCTCGAAG,L1
hMG3,GCCAGGTAGGGCAGGA,L2
hMG3,GCCAGTGCAAGTCCCG,L2
hMG3,GCCAGTGCACAAATGA,L1
hMG3,GCCAGTGCAGCTTTGA,L2
hMG3,GCCAGTGGTATGATCC,L1
hMG3,GCCAGTGGTGCCGTAC,L1
hMG3,GCCATGGCACTGGCCA,L1
hMG3,GCCATGGGTTTCTATC,L2
hMG3,GCCATTCAGACTCTTG,L2
hMG3,GCCCAGAAGCAGCGAT,L1
hMG3,GCCCAGAAGGTTCATC,L2
hMG3,GCCCAGACAGGTTTAC,L2
hMG3,GCCCAGAGTAGGAGTC,L2
hMG3,GCCCAGATCCTGGGTG,L2
hMG3,GCCCGAAAGCCAGAGT,L1
hMG3,GCCCGAAAGTCACTGT,Basal
hMG3,GCCCGAAAGTTGCTCA,L1
hMG3,GCCCGAAGTTGTGTTG,L1
hMG3,GCCCGAATCCCAGGAC,L2
hMG3,GCCGATGAGTCATGAA,L2
hMG3,GCCGATGCACCCTTAC,L1
hMG3,GCCGATGGTCCTTTGC,L1
hMG3,GCCGATGGTGGGCTTC,L2
hMG3,GCCGTGACAGGTAGTG,L1
hMG3,GCCGTGATCTGTCTCG,L2
hMG3,GCCTGTTCAAATACAG,L1
hMG3,GCCTGTTGTCCCTGTT,L2
hMG3,GCCTGTTGTGAACGGT,L1
hMG3,GCCTGTTTCATAGAGA,L2
hMG3,GCGAGAAGTATGTCAC,L2
hMG3,GCGAGAAGTCAGTCGC,L2
hMG3,GCGAGAATCCACTTTA,L1
hMG3,GCGATCGTCACTCACC,L1
hMG3,GCGGAAAAGAAGCGAA,Basal
hMG3,GCGGAAAAGATGCTAA,L2
hMG3,GCGGAAAAGTGTTCCA,L1
hMG3,GCGGAAACAACCCTCT,L1
hMG3,GCGGAAACAATGTTGC,L1
hMG3,GCGGAAAGTCAACACT,L2
hMG3,GCGGAAATCACCTACC,L1
hMG3,GCGGAAATCCTACGAA,L1
hMG3,GCGGAAATCGTAGCTA,L1
hMG3,GCGGATCAGCCATGCC,L1
hMG3,GCGGATCAGTAGAATC,L1
hMG3,GCGGATCCACAACGTT,L1
hMG3,GCGGATCCACGTAACT,L1
hMG3,GCGGATCCATGGGTCC,L2
hMG3,GCGGATCTCGCTTACC,L2
hMG3,GCGGATCTCTTCGTGC,L2
hMG3,GCGTGCAAGACGATAT,L1
hMG3,GCGTGCAAGACGCTCC,L2
hMG3,GCGTGCAAGAGGGTAA,L2
hMG3,GCGTGCAAGCTCTATG,L1
hMG3,GCGTGCAAGTGTCATC,Basal
hMG3,GCGTGCACAGATGCGA,L1
hMG3,GCGTGCAGTGTAAATG,L2
hMG3,GCGTGCAGTTCCTAGA,L2
hMG3,GCGTTTCAGGCGATAC,Basal
hMG3,GCGTTTCAGTAAGGGA,L1
hMG3,GCGTTTCCACCTGCAG,L2
hMG3,GCGTTTCGTCGCGGTT,L2
hMG3,GCGTTTCTCTTACTGT,L2
hMG3,GCTACAAAGGCCTGCT,L2
hMG3,GCTACAAAGTCACACT,L2
hMG3,GCTACAAGTCCTACGG,L2
hMG3,GCTACAAGTGATAGAT,L1
hMG3,GCTACAATCAGGGATG,L1
hMG3,GCTACAATCTGTCTCG,L1
hMG3,GCTACCTAGTTATGGA,L1
hMG3,GCTACCTCAATAGTGA,L2
hMG3,GCTACCTCATCCTGTC,L1
hMG3,GCTACCTTCTTTGGAG,L2
hMG3,GCTCAAACAATACGCT,L2
hMG3,GCTCAAACATCGAAGG,Basal
hMG3,GCTGAATCACATGGTT,L2
hMG3,GCTGAATCAGGTTACT,L2
hMG3,GCTGAATCAGTAGATA,L2
hMG3,GCTGAATGTATCGTTG,L2
hMG3,GCTGAATTCGCAATGT,L1
hMG3,GCTGAATTCGGTTCAA,L2
hMG3,GCTGCAGAGGAATGTT,L2
hMG3,GCTGCAGCACGTGTGC,L1
hMG3,GCTGCAGGTAGACGGT,L2
hMG3,GCTGGGTAGTGTAGTA,L1
hMG3,GCTGGGTGTACAGTCT,L2
hMG3,GCTGGGTGTCTTGTCC,L1
hMG3,GCTGGGTGTTTCAGAC,L2
hMG3,GCTGGGTTCTCCAATT,L1
hMG3,GCTTCACTCCTTCGAC,L1
hMG3,GCTTGGGAGTCAGGGT,Basal
hMG3,GCTTGGGGTAGTCGTT,Basal
hMG3,GCTTGGGTCAACTGAC,L2
hMG3,GCTTGGGTCCGCGGAT,L1
hMG3,GCTTTCGCATCGGCCA,L1
hMG3,GCTTTCGCATTGTGCA,L1
hMG3,GCTTTCGGTGGCACTC,L2
hMG3,GGAACCCCAAGTGGCA,L2
hMG3,GGAACCCTCGCACTCT,L1
hMG3,GGAAGTGAGCCGATTT,L1
hMG3,GGAAGTGCAAGCGCAA,L2
hMG3,GGAAGTGCACCAAAGG,L2
hMG3,GGAAGTGTCGGCTGAC,Basal
hMG3,GGAATCTCACGCCAGT,L2
hMG3,GGAATCTGTAGGTTTC,L1
hMG3,GGAATCTGTCAGGAGT,L2
hMG3,GGAATCTTCGTTATCT,L2
hMG3,GGAATCTTCTGGGTCG,L1
hMG3,GGAATGGAGCCATCCG,L2
hMG3,GGAATGGAGTTCCATG,L2
hMG3,GGAATGGGTGTGTGTT,L1
hMG3,GGAATGGGTTGAGGAC,L1
hMG3,GGAATGGTCTCATAGG,L1
hMG3,GGAATGGTCTCGCGTT,L1
hMG3,GGACGTCAGAGTAACT,L2
hMG3,GGACGTCAGTGATCGG,L2
hMG3,GGACGTCTCCTAAGTG,L2
hMG3,GGACGTCTCTAGGAAA,L2
hMG3,GGAGAACAGACCGCCT,L2
hMG3,GGAGAACAGGCTCCCA,L1
hMG3,GGAGAACCAGCCGTTG,L1
hMG3,GGAGAACCATGCAGCC,L1
hMG3,GGAGAACGTCGCACAC,L1
hMG3,GGAGAACGTGCCCTTT,L1
hMG3,GGAGAACTCAACACCA,L1
hMG3,GGAGAACTCTGTGCGG,L1
hMG3,GGAGATGAGGGAGATA,L2
hMG3,GGAGATGAGTGCAACG,L1
hMG3,GGAGATGCAAGCCCAC,L1
hMG3,GGAGATGCAGATAAAC,L2
hMG3,GGAGATGGTCGAGTGA,L2
hMG3,GGAGATGGTCGCTCGA,L2
hMG3,GGAGCAACACGGTGAA,L2
hMG3,GGAGCAACATCGGAGA,L1
hMG3,GGAGCAAGTCTACGAT,L2
hMG3,GGAGCAATCCATCTAT,L2
hMG3,GGAGCAATCTGGTCAA,L2
hMG3,GGAGGATAGTGGTGAC,L1
hMG3,GGAGGATCATGCGGTC,L2
hMG3,GGAGGATCATGGCTAT,L2
hMG3,GGAGGATGTACGAGCA,L2
hMG3,GGAGGATGTTCCGCTT,L2
hMG3,GGAGGATTCGAGAGCA,L1
hMG3,GGAGGTAAGGTGCATG,L2
hMG3,GGAGGTAGTCAGCGTC,L2
hMG3,GGAGGTAGTGACGCCT,L2
hMG3,GGAGGTAGTGGTTCTA,L2
hMG3,GGATCTAAGAGCTTTC,L2
hMG3,GGATCTACAATGCAGG,L2
hMG3,GGATCTATCAGTCTTT,L1
hMG3,GGATCTATCCTCTAAT,L1
hMG3,GGATCTATCTTTGATC,L2
hMG3,GGATGTTCAAGCGATG,L2
hMG3,GGATGTTGTTGCCAAT,L2
hMG3,GGATGTTTCCGATCTC,L2
hMG3,GGCACGTAGCAATAGT,L1
hMG3,GGCACGTCAGGGTTGA,Basal
hMG3,GGCACGTGTGAATTAG,L1
hMG3,GGCACGTTCAGGCGAA,L1
hMG3,GGCACGTTCTTCTGTA,Basal
hMG3,GGCAGTCAGAAGGATG,L1
hMG3,GGCAGTCGTTTGCCGG,L1
hMG3,GGCAGTCTCCAGTACA,L2
hMG3,GGCAGTCTCCGTTTCG,L1
hMG3,GGCGTCAAGAAAGCGA,L2
hMG3,GGCGTCAAGGGCAAGG,L1
hMG3,GGCGTCACACCAAATC,L2
hMG3,GGCGTCACAGACCATT,L1
hMG3,GGCGTCATCTTTGCGC,L1
hMG3,GGCTGTGAGCTGGAGT,L1
hMG3,GGCTGTGGTATGCTAC,L1
hMG3,GGCTGTGTCTTCTGGC,L1
hMG3,GGCTTGGCAGCGGTCT,L2
hMG3,GGCTTGGTCCCTGGTT,L1
hMG3,GGCTTTCAGCAGGCTA,L1
hMG3,GGCTTTCCAGACGCTC,L1
hMG3,GGCTTTCCAGAGGAAA,L1
hMG3,GGCTTTCCATCGGCCA,L1
hMG3,GGCTTTCGTATTGGCT,L2
hMG3,GGGAAGTCAATCGCCG,L2
hMG3,GGGAAGTGTCTGGTTA,L1
hMG3,GGGAAGTTCGACGCTG,L2
hMG3,GGGACAAAGGTACTGG,L1
hMG3,GGGACAACAAATTGCC,L2
hMG3,GGGACCTAGGCAGGTT,L2
hMG3,GGGACCTCACACGCCA,Basal
hMG3,GGGACCTGTCTTGGTA,L2
hMG3,GGGACCTGTTTCGTAG,L2
hMG3,GGGACCTTCAAACTGC,L2
hMG3,GGGACCTTCTGACAGT,L1
hMG3,GGGACTCGTCACTACA,L2
hMG3,GGGACTCGTCTTGAAC,L2
hMG3,GGGACTCGTTACTCAG,L1
hMG3,GGGACTCTCGTTGCCT,L2
hMG3,GGGAGATAGCTGACCC,L2
hMG3,GGGAGTAAGGTCCGAA,L2
hMG3,GGGAGTACACTCACTC,L1
hMG3,GGGATCCAGTGCTAGG,L1
hMG3,GGGATGAAGCGCACAA,L1
hMG3,GGGATGAGTATTGGCT,L1
hMG3,GGGATGATCATTACGG,L2
hMG3,GGGCCATAGGTGCCAA,L2
hMG3,GGGCCATCAGTTGCGC,L2
hMG3,GGGCCATCATGGGTTT,Basal
hMG3,GGGCCATGTGATTCAC,L1
hMG3,GGGCGTTAGTGGCAGT,L1
hMG3,GGGCGTTCAAGATCCT,L2
hMG3,GGGCGTTTCGCCAACG,L1
hMG3,GGGCGTTTCTGGTTGA,L1
hMG3,GGGCGTTTCTTCCACG,L2
hMG3,GGGCTACTCATGCGGC,L2
hMG3,GGGCTCAAGACCTCAT,L2
hMG3,GGGCTCAAGAGATCGC,L2
hMG3,GGGCTCAAGGTAAGGA,L2
hMG3,GGGCTCACAGGACAGT,L1
hMG3,GGGCTCAGTCGTGTTA,L2
hMG3,GGGCTCAGTGGTCTTA,L2
hMG3,GGGTAGACACGGTGAA,L2
hMG3,GGGTAGACATCGTGCG,L1
hMG3,GGGTAGATCAATCTCT,L2
hMG3,GGGTAGATCCAATGCA,L2
hMG3,GGGTAGATCCGTCCTA,L2
hMG3,GGGTATTAGAAACTGT,L2
hMG3,GGGTATTAGGTAGCCA,L2
hMG3,GGGTATTGTACCATAC,L1
hMG3,GGGTATTGTACTGCGC,L1
hMG3,GGGTATTGTAGACTGG,L1
hMG3,GGGTATTGTGTGATGG,L1
hMG3,GGGTATTGTTGGGCCT,L1
hMG3,GGGTATTTCGAGTGAG,L2
hMG3,GGGTATTTCGGTGCAC,L1
hMG3,GGGTCACAGCCTGGAA,Basal
hMG3,GGGTCACAGGTTTACC,L1
hMG3,GGGTCACAGTCTACCA,L1
hMG3,GGGTCACCAGGACTAG,L2
hMG3,GGGTCACGTCGTAATC,L2
hMG3,GGGTCACGTTACACTG,L1
hMG3,GGGTCTGAGGCGTCCT,L1
hMG3,GGGTCTGCAACGTTAC,L1
hMG3,GGGTCTGCACTACACA,L2
hMG3,GGGTCTGTCGTGGGTC,L2
hMG3,GGGTGAAAGTCTGGTT,L1
hMG3,GGGTGTCAGTAAACAC,L1
hMG3,GGGTGTCTCGTTTACT,L2
hMG3,GGGTTATAGCACCAGA,L2
hMG3,GGGTTATCAACGGCCT,L2
hMG3,GGGTTATCAATAACGA,L2
hMG3,GGGTTATCACGTAGAG,L1
hMG3,GGGTTATGTGTGGACA,L1
hMG3,GGGTTTAAGTGATCGG,L2
hMG3,GGGTTTAAGTGCACTT,L2
hMG3,GGGTTTACAGCTCATA,L2
hMG3,GGGTTTACATTGGGAG,L1
hMG3,GGGTTTAGTAGAGTTA,L1
hMG3,GGGTTTAGTTCTAACG,L2
hMG3,GGGTTTATCACAGAGG,Basal
hMG3,GGTAACTCACTAACGT,L2
hMG3,GGTAACTTCAGCTGTA,L1
hMG3,GGTAACTTCGTAGCTA,L2
hMG3,GGTAATCAGCAAATCA,Basal
hMG3,GGTAATCAGCCTCAAT,L2
hMG3,GGTAATCAGGCGTTGA,L1
hMG3,GGTAATCGTTCCTACC,L2
hMG3,GGTAGAGAGACCACGA,L1
hMG3,GGTAGAGCAACGGCCT,L1
hMG3,GGTAGAGTCTGGCCTT,L2
hMG3,GGTCACGCACCTGCAG,L1
hMG3,GGTCACGCAGCAATTC,L2
hMG3,GGTCTGGAGGTTACAA,L1
hMG3,GGTCTGGCAGACGGAT,L2
hMG3,GGTCTGGGTCGCGTCA,L1
hMG3,GGTCTGGGTTTACTGG,L1
hMG3,GGTCTGGTCGAGTTGT,L1
hMG3,GGTCTGGTCTCGAGTA,L2
hMG3,GGTGAAGAGTTGTCGT,L2
hMG3,GGTGAAGCAAGGACAC,L2
hMG3,GGTGAAGCACATAGCT,L1
hMG3,GGTGAAGCAGTCAGAG,L2
hMG3,GGTGAAGGTAACCCTA,L1
hMG3,GGTGAAGGTGGTACAG,Basal
hMG3,GGTGAAGGTTAGGACG,L2
hMG3,GGTGATTAGTTGAAAC,L1
hMG3,GGTGATTCACGCACCA,L1
hMG3,GGTGATTCAGTCACGC,L1
hMG3,GGTGATTGTCCTGTTC,L1
hMG3,GGTGGCTCAGACCGCT,L2
hMG3,GGTGGCTGTGAATTAG,L1
hMG3,GGTGGCTGTGATCGTT,L1
hMG3,GGTGGCTGTTGTCATG,L1
hMG3,GGTGGCTTCATAGCAC,L1
hMG3,GGTGGCTTCGCGTCGA,L2
hMG3,GGTGGCTTCTACTTCA,L2
hMG3,GGTGTCGAGAGCAGAA,L2
hMG3,GGTGTCGCATGCCGGT,L2
hMG3,GGTGTCGGTGACTGTT,L1
hMG3,GGTGTTACATTGCAAC,L1
hMG3,GGTGTTATCTTTGCAT,L2
hMG3,GGTTAACAGCCTTTGA,L2
hMG3,GGTTAACGTATGAAAC,L1
hMG3,GGTTAACTCATTGGTG,L1
hMG3,GGTTCTCAGCTCCACG,L1
hMG3,GGTTCTCCACTGTTCC,Basal
hMG3,GGTTCTCTCAGAGCGA,L2
hMG3,GGTTCTCTCTGAGGTT,L1
hMG3,GGTTGTAAGGAGCTGT,L2
hMG3,GGTTGTACAACAAAGT,L1
hMG3,GGTTGTAGTACCTAAC,L2
hMG3,GGTTGTAGTCGCCACA,L2
hMG3,GGTTGTAGTTCCATTT,L1
hMG3,GTAACACAGTTACGTC,L2
hMG3,GTAACACGTTCAAACC,L1
hMG3,GTAACCAGTCCGAAGA,L1
hMG3,GTAACCAGTGGAGAAA,L2
hMG3,GTAACCATCGTTCGCT,L1
hMG3,GTAAGTCCACAACGTT,L1
hMG3,GTAAGTCCACCAGTAT,L1
hMG3,GTAAGTCTCGCTCTAC,L2
hMG3,GTAATCGAGCGCTGCT,L2
hMG3,GTAATCGGTCTACAAC,L2
hMG3,GTAATGCAGGACGCAT,L2
hMG3,GTAATGCAGTATCCTG,L2
hMG3,GTAATGCCACCAGGTC,L2
hMG3,GTAATGCGTCCTTAAG,L2
hMG3,GTAATGCGTCTTTATC,L1
hMG3,GTACAACAGACCGTTT,L2
hMG3,GTACAACAGGGTATAT,L1
hMG3,GTACAACCAAACGTGG,L1
hMG3,GTACAACTCACTGGGC,L2
hMG3,GTACAGTCAGTCTTCC,L2
hMG3,GTACAGTCATGACTTG,L1
hMG3,GTACAGTGTAAGGAGA,L2
hMG3,GTACAGTGTCTCGCGA,L2
hMG3,GTACAGTGTCTTGAAC,L2
hMG3,GTAGAAAGTGATACTC,L2
hMG3,GTAGAAAGTGCATTAC,L2
hMG3,GTAGAAAGTGCGTCGT,L1
hMG3,GTAGAAATCGCCTCTA,L2
hMG3,GTAGAGGCAACCGCTG,L2
hMG3,GTAGAGGCACACTTAG,L2
hMG3,GTAGATCCACTCCACT,L2
hMG3,GTAGATCCATCGGAGA,L1
hMG3,GTAGATCGTACAATAG,L2
hMG3,GTAGATCGTTGGAGGT,L1
hMG3,GTAGATCTCGCCTTGT,L1
hMG3,GTAGCTAAGGATCACG,L2
hMG3,GTAGCTAAGTGATCGG,L1
hMG3,GTAGCTACAGTGGGTA,L2
hMG3,GTAGCTATCATGAGGG,L2
hMG3,GTAGCTATCGCTTTAT,L1
hMG3,GTAGGAGCAGCCTACG,L1
hMG3,GTAGGAGCAGTTGTTG,Basal
hMG3,GTAGGAGGTACAAGTA,L2
hMG3,GTAGGAGGTCGGTGAA,L2
hMG3,GTAGGAGGTTTGGGAG,L1
hMG3,GTAGGTTAGCGTCAGA,L1
hMG3,GTAGGTTCACCGAATT,Basal
hMG3,GTAGGTTTCCCGTGTT,L1
hMG3,GTAGTACAGGAAGAAC,L2
hMG3,GTAGTACAGTAGCCAG,L1
hMG3,GTAGTACCAGATAAAC,L2
hMG3,GTAGTACTCTTTGCTA,L1
hMG3,GTATTGGAGGAAACGA,Basal
hMG3,GTATTGGTCGACCAAT,L2
hMG3,GTATTGGTCTCTCGAC,L2
hMG3,GTATTTCGTAAGGAGA,L2
hMG3,GTATTTCGTCGAGCAA,L2
hMG3,GTATTTCGTTCTCGCT,L2
hMG3,GTATTTCTCCTGTAGA,L1
hMG3,GTATTTCTCCTTGAAG,L1
hMG3,GTATTTCTCTAGTGAC,L1
hMG3,GTCAAACAGACAGCGT,L1
hMG3,GTCAAACAGTCGCGAA,L1
hMG3,GTCAAACGTCCAATCA,L2
hMG3,GTCAAACGTGTGTCGC,L2
hMG3,GTCAAACTCACCGGGT,L1
hMG3,GTCAAGTAGTCACTGT,L2
hMG3,GTCAAGTCAATGTCAC,L1
hMG3,GTCAAGTCATCCGTTC,L1
hMG3,GTCAAGTGTTGGACCC,L2
hMG3,GTCACGGCAATACAGA,L1
hMG3,GTCACGGCACGTTCGG,L2
hMG3,GTCACGGGTTGGGTAG,L2
hMG3,GTCACGGTCCGTTTCG,Basal
hMG3,GTCACTCGTACGTACT,L2
hMG3,GTCACTCGTAGATCCT,L1
hMG3,GTCACTCTCCGCGGAT,L1
hMG3,GTCACTCTCGTTGTGA,L2
hMG3,GTCAGCGAGTTTCAGC,L2
hMG3,GTCAGCGTCCTCACGT,L2
hMG3,GTCATCCAGGGTTAAT,Basal
hMG3,GTCATCCAGTGCGCTC,L1
hMG3,GTCATCCCAAGTCCCG,L1
hMG3,GTCATCCGTAAGTTGA,L2
hMG3,GTCATCCGTCGCCTAG,L2
hMG3,GTCATGAAGGTGATAT,L1
hMG3,GTCATGACATAACAGA,L1
hMG3,GTCATGAGTTTCCCAC,L2
hMG3,GTCATTTAGACGTCCC,Basal
hMG3,GTCATTTCAGTCGGAA,L1
hMG3,GTCCACTCATCCGGCA,L1
hMG3,GTCCACTGTGCTGTCG,L2
hMG3,GTCCACTTCGACGATT,L1
hMG3,GTCCCATAGGAGGTTC,L1
hMG3,GTCCCATAGGGCAGTT,L2
hMG3,GTCCCATAGGTTGAGC,L2
hMG3,GTCCCATCAGACACCC,L2
hMG3,GTCCCATGTATTCTCT,L1
hMG3,GTCCCATGTTCAGGTT,L2
hMG3,GTCCTCAAGATCGCTT,L1
hMG3,GTCCTCACACCAGTTA,L2
hMG3,GTCCTCAGTACGCTTA,L2
hMG3,GTCCTCAGTGAGCGAT,L2
hMG3,GTCGAATCAATGAGCG,L1
hMG3,GTCGAATCACGGCACT,L2
hMG3,GTCGAATGTCCGAAAG,L2
hMG3,GTCGAATTCACAAGGG,L2
hMG3,GTCGCGAAGGATGCGT,L1
hMG3,GTCGCGACAGAGTTCT,L1
hMG3,GTCGCGAGTGCAGATG,L1
hMG3,GTCGCGAGTTGTATGC,L1
hMG3,GTCGTAAGTCTACTGA,L2
hMG3,GTCGTTCAGGTACCTT,L2
hMG3,GTCGTTCCAACTTCTT,L1
hMG3,GTCGTTCGTATTGCCA,L1
hMG3,GTCGTTCGTCGTGCCA,L1
hMG3,GTCGTTCGTTGTAAAG,L2
hMG3,GTCGTTCTCATATGGC,L2
hMG3,GTCGTTCTCCGAGGCT,L1
hMG3,GTCTACCAGCATGCAG,L2
hMG3,GTCTACCAGTAGACCG,L2
hMG3,GTCTACCAGTGCTCAT,L1
hMG3,GTCTACCCAAGTGCAG,L2
hMG3,GTCTACCGTGATATAG,L2
hMG3,GTCTACCGTTACGATC,L1
hMG3,GTCTACCTCTGAATGC,L1
hMG3,GTCTAGAGTGTAAATG,L2
hMG3,GTCTCACAGAGCTTTC,L2
hMG3,GTCTCACCAATAGGGC,L2
hMG3,GTCTCACCACGGCTAC,L2
hMG3,GTCTCACGTTGCCGAC,L2
hMG3,GTCTGTCAGAATAACC,L1
hMG3,GTCTGTCGTTGTTGTG,L1
hMG3,GTCTGTCTCAGACTGT,L1
hMG3,GTCTTTACATCTGGGC,L2
hMG3,GTCTTTAGTCGAACGA,L2
hMG3,GTCTTTAGTTCCGGTG,L1
hMG3,GTCTTTATCTTACGTT,L1
hMG3,GTGACGCGTCCAGTTA,L2
hMG3,GTGACGCGTGTCTCCT,L1
hMG3,GTGACGCTCAAATAGG,L2
hMG3,GTGACGCTCTCCTGTG,L2
hMG3,GTGAGCCCAAGCGCTC,L1
hMG3,GTGAGCCGTGACGCCT,L2
hMG3,GTGAGCCGTGACTGAG,L1
hMG3,GTGAGCCGTGTGGTCC,L2
hMG3,GTGAGGAAGGATTTGA,L2
hMG3,GTGAGGAAGTATGTAG,L2
hMG3,GTGAGGACAGCTGCCA,L1
hMG3,GTGAGGACATGAAGCG,L2
hMG3,GTGAGGAGTATCGGTT,L2
hMG3,GTGAGGAGTTACCCAA,L2
hMG3,GTGAGTTAGCAGGCTA,L1
hMG3,GTGAGTTAGGTTCTAC,L2
hMG3,GTGAGTTAGTATAGAC,L1
hMG3,GTGAGTTCAATCTCTT,L2
hMG3,GTGAGTTCAGGACTTT,L1
hMG3,GTGATGTAGAGCATTA,L2
hMG3,GTGATGTTCGTCGATA,L1
hMG3,GTGCACGAGGACAACC,L2
hMG3,GTGCACGCACCGGCTA,L2
hMG3,GTGCACGCATGAGGGT,L2
hMG3,GTGCACGGTCAAAGTA,L1
hMG3,GTGCACGGTCCTGGTG,L1
hMG3,GTGCACGTCAAGGACG,L1
hMG3,GTGCACGTCCCATGGG,L2
hMG3,GTGCAGCAGCTTCGTA,L1
hMG3,GTGCAGCAGTGCGTCC,L2
hMG3,GTGCAGCCAGATCACT,L1
hMG3,GTGCAGCCAGTGTACT,L2
hMG3,GTGCAGCGTCGCTCGA,L2
hMG3,GTGCAGCTCAAACTGC,L1
hMG3,GTGCGTGAGGAATCGC,L1
hMG3,GTGCGTGCAATGGCCC,L2
hMG3,GTGCGTGTCAGCATTG,L1
hMG3,GTGCGTGTCGAAATCC,L2
hMG3,GTGCGTGTCTATGTGG,L1
hMG3,GTGCTGGCATGGCCCA,L1
hMG3,GTGCTGGCATTGCTGA,L1
hMG3,GTGCTGGGTCATATGC,L2
hMG3,GTGCTGGGTCCACTTC,L1
hMG3,GTGCTGGGTGACTAAA,L2
hMG3,GTGCTGGGTGATACCT,L2
hMG3,GTGCTGGTCCACACCT,L2
hMG3,GTGCTGGTCGGAAACG,L1
hMG3,GTGCTTCAGAGAGTGA,Basal
hMG3,GTGCTTCGTCTGTAGT,L2
hMG3,GTGGAAGAGTGCACCC,Basal
hMG3,GTGGAAGCACAACGTT,L2
hMG3,GTGGAAGCACAGTGTT,L2
hMG3,GTGGAAGGTAGTCGGA,L2
hMG3,GTGGAGAAGTCGCGAA,L1
hMG3,GTGGAGAGTCACTCTC,L2
hMG3,GTGGAGAGTCCACATA,L2
hMG3,GTGGAGATCGAGATGG,Basal
hMG3,GTGGCGTAGACCAAGC,Basal
hMG3,GTGGCGTAGCAAGTGC,L2
hMG3,GTGGCGTCATGAATAG,L2
hMG3,GTGGGAAAGCTCCCTT,L2
hMG3,GTGGTTAAGTTGCTCA,L2
hMG3,GTGGTTACAAAGCAAT,L1
hMG3,GTGTAACAGATGGCGT,L2
hMG3,GTGTAACCAAGAGTTA,L1
hMG3,GTGTAACCATCGATCA,L1
hMG3,GTGTAACGTAGTGCGA,L2
hMG3,GTGTCCTCAGGAGGAG,L1
hMG3,GTGTCCTGTCGCGTCA,L2
hMG3,GTGTGGCAGCCGAACA,L2
hMG3,GTGTGGCCAATTCTCT,L2
hMG3,GTGTGGCCATACACCA,Basal
hMG3,GTGTGGCGTCATAACC,Basal
hMG3,GTGTGGCTCGTGGGTC,L2
hMG3,GTGTTAGAGGGTCACA,L1
hMG3,GTGTTAGGTCGCGTTG,L2
hMG3,GTGTTCCAGATCGGTG,L2
hMG3,GTGTTCCAGGTATTGA,L1
hMG3,GTGTTCCAGTAGCATA,L1
hMG3,GTGTTCCCACTATCCC,Basal
hMG3,GTTACAGAGGATGGCT,L2
hMG3,GTTACAGTCGAATGCT,L2
hMG3,GTTACCCCATATACCG,L2
hMG3,GTTACCCGTAAGTCAA,L2
hMG3,GTTACCCGTCTACGAT,L2
hMG3,GTTACCCGTGCATTTG,L2
hMG3,GTTACGAAGCATATGA,L2
hMG3,GTTACGAAGGAAAGTG,L2
hMG3,GTTACGACAACTCGAT,L2
hMG3,GTTACGACATGGTGGA,L1
hMG3,GTTACGAGTATGCGGA,L1
hMG3,GTTACGATCTAGGCCG,L2
hMG3,GTTAGACAGAGCATAT,L2
hMG3,GTTAGACAGGCTCACC,L2
hMG3,GTTAGACGTACCTGTA,L2
hMG3,GTTAGTGAGATCACCT,L1
hMG3,GTTAGTGAGGGCAGGA,L2
hMG3,GTTAGTGGTAAGTTAG,L2
hMG3,GTTATGGAGTTCCGTA,L1
hMG3,GTTATGGGTACCCACG,L2
hMG3,GTTATGGTCGTTCTCG,L1
hMG3,GTTCATTGTGCGGTAA,L2
hMG3,GTTCCGTAGCGACATG,L1
hMG3,GTTCCGTAGCTTGTGT,L1
hMG3,GTTCCGTCAGTAACCT,L1
hMG3,GTTCCGTCATGACAAA,L1
hMG3,GTTCCGTGTAATCAAG,L2
hMG3,GTTCCGTGTGCCCACA,L2
hMG3,GTTCGCTGTACGCGTC,L1
hMG3,GTTCGCTGTGCCCTTT,L2
hMG3,GTTCGCTTCCCATTCG,L1
hMG3,GTTCGCTTCTCCTACG,L1
hMG3,GTTCTATAGTCTAACC,L1
hMG3,GTTCTATCACCTCGTT,L2
hMG3,GTTCTATGTAGACAGC,L2
hMG3,GTTCTATGTGACAACG,L1
hMG3,GTTCTATGTTTGGGAG,L2
hMG3,GTTCTATTCTACCACC,L1
hMG3,GTTGAACGTCTGTCCT,L1
hMG3,GTTGAACTCTAACACG,L2
hMG3,GTTGCGGAGCTAAACA,L2
hMG3,GTTGCGGCACTTGTGA,Basal
hMG3,GTTGCGGGTTCCACGG,L1
hMG3,GTTGCGGTCCTGTACC,L2
hMG3,GTTGCTCAGGTAAAGG,L2
hMG3,GTTGCTCAGTGCACCC,L2
hMG3,GTTGCTCCACTCACTC,L1
hMG3,GTTGCTCTCCACTTTA,L2
hMG3,GTTGTAGAGACGACTG,L1
hMG3,GTTGTAGAGGTCGCCT,L1
hMG3,GTTGTAGAGGTTCATC,L1
hMG3,GTTGTAGGTAATTAGG,L2
hMG3,GTTGTAGGTTGACTAC,L1
hMG3,GTTGTAGTCCGTGTAA,L1
hMG3,GTTGTCCGTGCAATGG,L1
hMG3,GTTGTCCGTGCGACAA,L1
hMG3,GTTGTCCGTTACGGAG,L2
hMG3,GTTGTGAAGTCCCGAC,L2
hMG3,GTTGTGACAAGTTCCA,L1
hMG3,GTTTACTAGGTCGAGT,L2
hMG3,GTTTACTCACTACCGG,L1
hMG3,GTTTACTCAGTCTCTC,L2
hMG3,GTTTACTCATCGATAC,L2
hMG3,GTTTACTGTCTTTATC,L1
hMG3,GTTTACTTCCTAGCGG,L1
hMG3,GTTTGGAAGAAGCCAC,L1
hMG3,GTTTGGAAGGTAATCA,L2
hMG3,GTTTGGAAGTCACACT,L1
hMG3,GTTTGGAGTCGCTTGG,L2
hMG3,GTTTGGAGTCTAACGT,L1
hMG3,TAACACGAGAGGATCC,L2
hMG3,TAACACGAGGGTGGGA,L1
hMG3,TAACACGCAGGATTCT,L2
hMG3,TAACCAGCAACATACC,L1
hMG3,TAACCAGGTGTTAAAG,L1
hMG3,TAACCAGGTTCCGCTT,L2
hMG3,TAACCAGTCATCGACA,L2
hMG3,TAACCAGTCTCAGAAC,L2
hMG3,TAACGACAGCATTTGC,L1
hMG3,TAACGACAGTCAGGGT,L2
hMG3,TAACGACCACAATTCG,L2
hMG3,TAACGACGTCGTCTCT,L2
hMG3,TAACGACGTGTGCCTG,L1
hMG3,TAACGACGTTTACCAG,L1
hMG3,TAACGACGTTTCAGAC,L1
hMG3,TAACTTCAGACGTCCC,L2
hMG3,TAACTTCAGAGCATCG,L1
hMG3,TAACTTCAGATCCAAA,L2
hMG3,TAACTTCAGGTCTACT,L1
hMG3,TAACTTCCAAATTGGA,L1
hMG3,TAACTTCCATGTCGTA,L2
hMG3,TAACTTCGTCTAACTG,L2
hMG3,TAACTTCGTGATCGTT,L1
hMG3,TAACTTCGTGTAAACA,L2
hMG3,TAACTTCTCCGCTGTT,L1
hMG3,TAAGCACCACTAACGT,L2
hMG3,TAAGCACTCATGCAGT,L2
hMG3,TAAGCCACAGGGTCTC,L1
hMG3,TAAGCCAGTACTAGCT,L2
hMG3,TAAGCCATCGTGGGAA,L1
hMG3,TAAGCGTAGGCCTAAG,L1
hMG3,TAAGCGTCAGACCAAG,L2
hMG3,TAAGCGTCATTGCTTT,L2
hMG3,TAAGCGTGTATCGTTG,L2
hMG3,TAAGCGTTCCTTACCG,L2
hMG3,TAAGTCGAGAGAAGGT,L1
hMG3,TAAGTCGGTACGGTTT,L1
hMG3,TAATCTCAGACTCTTG,L2
hMG3,TAATCTCCAGCTGTTA,L1
hMG3,TAATCTCGTGGGTCAA,L2
hMG3,TAATCTCTCATTTGTC,L1
hMG3,TAATTCCCAAAGAACT,L1
hMG3,TAATTCCGTTTGTGGT,L1
hMG3,TAATTCCTCTCATTTG,L2
hMG3,TACAACGCAGCGTGCT,L1
hMG3,TACAACGGTCGCTTGG,L2
hMG3,TACAACGGTGCAACGA,L2
hMG3,TACAACGTCCTCTAAT,L2
hMG3,TACAACGTCGCTTGAA,L1
hMG3,TACACCCAGGGCCAAT,L1
hMG3,TACACCCCACAGCTGC,L1
hMG3,TACACCCGTACAGTAA,Basal
hMG3,TACAGGTAGATCCCGC,L1
hMG3,TACAGGTCACTAACCA,L1
hMG3,TACAGGTGTGCCTGCA,L1
hMG3,TACAGGTTCGCTCTCA,L1
hMG3,TACATTCAGATACTGA,L1
hMG3,TACATTCAGCATGCAG,L2
hMG3,TACATTCAGGTCCGAA,L2
hMG3,TACATTCGTGCCCGTA,L2
hMG3,TACCCACAGTATAGGT,L2
hMG3,TACCCACCATTACTCT,L1
hMG3,TACCCGTTCACCTGGG,L2
hMG3,TACCCGTTCAGGAAGC,L2
hMG3,TACCCGTTCCCAACTC,L2
hMG3,TACCGAACAAGTATCC,L1
hMG3,TACCGAAGTTGTGCAT,L1
hMG3,TACCGAATCGCGATCG,L1
hMG3,TACCGAATCTTTCAGT,L2
hMG3,TACCGGGGTATCAAGA,L1
hMG3,TACCTCGCAAGATGTA,Basal
hMG3,TACCTCGCAGTCCCGA,L2
hMG3,TACCTCGCATAACCCA,L1
hMG3,TACCTCGTCATCACTT,L2
hMG3,TACCTGCAGTCTCGTA,L2
hMG3,TACCTGCAGTTCCAGT,L2
hMG3,TACCTGCAGTTCCGTA,L2
hMG3,TACCTGCCACATACGT,L1
hMG3,TACCTGCGTGAGGCAT,L1
hMG3,TACGCTCAGAGAGGTA,L2
hMG3,TACGCTCCACTCTCGT,L1
hMG3,TACGCTCGTAGATCGG,L2
hMG3,TACGCTCGTGTATACC,L2
hMG3,TACGCTCTCCATTGTT,L2
hMG3,TACGGGCCAAGGGCAT,L1
hMG3,TACGGGCCACACGGAA,L2
hMG3,TACGGGCCATAGATCC,L1
hMG3,TACGGGCGTCAGGCAA,L2
hMG3,TACGGTAAGAGCACTG,L2
hMG3,TACGGTAAGGGTACGT,L2
hMG3,TACGGTACAACTGCTA,L2
hMG3,TACGGTATCACAAGAA,L2
hMG3,TACGGTATCCGTCAAA,L1
hMG3,TACGGTATCGATCCAA,L2
hMG3,TACGGTATCTAACGCA,L1
hMG3,TACGTCCCACTTGAAC,L1
hMG3,TACGTCCGTAGAATGT,L2
hMG3,TACGTCCTCGTAGGAG,L1
hMG3,TACTGCCAGTGGAAAG,L2
hMG3,TACTGCCCAACTGATC,L2
hMG3,TACTGCCCACACGGTC,L1
hMG3,TACTTACAGTTCACTG,L2
hMG3,TACTTACGTTTGTTGG,L2
hMG3,TACTTACTCCACATAG,L2
hMG3,TACTTCAGTGCATGAG,L2
hMG3,TACTTCAGTTATCCAG,L2
hMG3,TACTTCATCGCGTCGA,L1
hMG3,TACTTCATCTGCGTCT,L2
hMG3,TACTTGTAGAGTCAAT,L2
hMG3,TACTTGTAGCCTGAAG,L2
hMG3,TACTTGTGTGCGTCGT,L1
hMG3,TAGACCATCCGAGTGC,Basal
hMG3,TAGACTGAGTCTGGTT,L1
hMG3,TAGACTGGTACTCCGG,L1
hMG3,TAGACTGGTCACAGTT,Basal
hMG3,TAGAGTCGTAACATGA,L1
hMG3,TAGAGTCGTAATCAGA,L1
hMG3,TAGATCGAGAAATCCA,L1
hMG3,TAGATCGAGAAGAGCA,L2
hMG3,TAGATCGAGGACTATA,L2
hMG3,TAGATCGCATAACCCA,L1
hMG3,TAGCACAAGGTTCCAT,L1
hMG3,TAGCACAGTTAACCTG,L2
hMG3,TAGGGTTAGACTGAGC,Basal
hMG3,TAGGGTTAGGCCTAGA,Basal
hMG3,TAGGGTTTCCATTGCC,L2
hMG3,TAGGGTTTCTGCGTCT,L2
hMG3,TAGGTACTCTGGACTA,L1
hMG3,TAGGTTGAGCTCACTA,L2
hMG3,TAGTGCAAGCAGATAT,L2
hMG3,TAGTGCAGTGGAAGTC,L1
hMG3,TAGTGCATCTCCTGCA,L2
hMG3,TATACCTAGCAAGGAA,L2
hMG3,TATACCTAGTAGACAT,L1
hMG3,TATACCTCACTACACA,L2
hMG3,TATACCTGTTTGTGGT,L1
hMG3,TATACCTTCTAGCCTC,Basal
hMG3,TATATCCAGGTACAAT,L1
hMG3,TATATCCCACGTCGGT,L2
hMG3,TATATCCGTCGAATGG,L1
hMG3,TATATCCTCCGCAACG,L2
hMG3,TATCAGGAGGTCATAA,L1
hMG3,TATCAGGAGTTAACAG,L2
hMG3,TATCAGGCACAAATGA,L1
hMG3,TATCCTAAGGTCCTGC,L2
hMG3,TATCCTAAGTTGCGAG,L2
hMG3,TATCGCCCATTCCTAT,L1
hMG3,TATCGCCGTTACCTGA,L2
hMG3,TATCTTGAGTTCACTG,L2
hMG3,TATCTTGCAAATGATG,L2
hMG3,TATCTTGCAGGGTTGA,L1
hMG3,TATCTTGGTCATCTAG,L1
hMG3,TATCTTGTCGCTTAAG,L1
hMG3,TATGTTCAGCAATTAG,L2
hMG3,TATGTTCGTGAGCGAT,L2
hMG3,TATTCCAAGTCGAAGC,L1
hMG3,TATTCCACAGTTCACA,L2
hMG3,TATTGCTAGCAATTCC,L2
hMG3,TATTGCTAGTCTAGAA,L2
hMG3,TATTGCTCAAGGATGC,L1
hMG3,TATTGCTCATGCCGCA,L1
hMG3,TATTGCTGTAGATTGA,Basal
hMG3,TATTGCTGTTGACTAC,L1
hMG3,TATTGCTTCGCGGTAC,L1
hMG3,TATTGGGAGAACTCCT,L2
hMG3,TATTGGGAGGGACTGT,L1
hMG3,TATTGGGGTGGTTTAC,Basal
hMG3,TATTTCGCACGTACAT,L2
hMG3,TATTTCGTCAACCGAT,L2
hMG3,TATTTCGTCTCATTAC,L1
hMG3,TCAAGACCAGCTTTCC,L1
hMG3,TCAAGACGTACGGGAT,L2
hMG3,TCAAGACTCTGTCCGT,L1
hMG3,TCAAGCACAGGCTACC,L2
hMG3,TCAAGCACATGTGGCC,L2
hMG3,TCAAGCAGTCAAAGCG,L2
hMG3,TCAAGCATCATGGATC,L2
hMG3,TCAAGCATCCGAGGCT,L1
hMG3,TCAAGTGAGTTCATGC,L2
hMG3,TCAAGTGCAGTTGCGC,L2
hMG3,TCAAGTGTCTCTAAGG,L2
hMG3,TCAATCTAGGCAGGTT,L2
hMG3,TCAATCTCAAGTGCAG,L1
hMG3,TCAATCTCAGCCCAGT,L2
hMG3,TCAATCTGTAATTGGA,L2
hMG3,TCAATCTTCAAACGTC,L2
hMG3,TCAATCTTCACTTATC,L2
hMG3,TCAATCTTCCGATCTC,Basal
hMG3,TCAATCTTCGATAACC,L2
hMG3,TCAATCTTCGCCAATA,L2
hMG3,TCAATTCAGCTGACTT,L2
hMG3,TCAATTCAGTCTGGTT,L1
hMG3,TCAATTCCATTAGGCT,L1
hMG3,TCAATTCGTCCACATA,L1
hMG3,TCACAAGAGCTTAGTC,L1
hMG3,TCACAAGCAATACGAA,L1
hMG3,TCACAAGCACTTACAG,L1
hMG3,TCACAAGCATATGCGT,L1
hMG3,TCACAAGGTCAGGCAA,L2
hMG3,TCACAAGTCGGATACT,L1
hMG3,TCACACCAGGAAGTCC,L2
hMG3,TCACACCAGGTTGTTC,L2
hMG3,TCACACCTCACATCAG,L1
hMG3,TCACACCTCGCTACGG,L2
hMG3,TCACATTCACAGTGAG,L2
hMG3,TCACATTTCGTGGGTC,L1
hMG3,TCACATTTCGTTTACT,L2
hMG3,TCACGCTAGACTGGGT,L2
hMG3,TCACGCTAGATCCCGC,L2
hMG3,TCACGCTCAGGTTCGC,L1
hMG3,TCACGCTGTGTGTACT,L1
hMG3,TCACGCTTCACCATCC,L1
hMG3,TCACGCTTCCGACAGC,L2
hMG3,TCACGGGCACTGAGTT,L2
hMG3,TCACTATCATTCAGCA,L2
hMG3,TCACTATGTCAGACGA,L1
hMG3,TCACTCGAGAGCAACC,L2
hMG3,TCACTCGCAGCGTATT,L1
hMG3,TCACTCGGTAACGTTC,L1
hMG3,TCACTCGGTGCCTACG,L2
hMG3,TCACTCGGTTCTTGCC,L2
hMG3,TCAGCAAAGCACCGTC,L2
hMG3,TCAGCAAAGTGGGAAA,L2
hMG3,TCAGCAAAGTGGTTGG,L1
hMG3,TCAGCAAGTCCGATCG,L1
hMG3,TCAGCAAGTGGTCTTA,L2
hMG3,TCAGCAATCAACCGAT,L2
hMG3,TCAGCAATCTAGACCA,L1
hMG3,TCAGCCTAGAGAGAAC,L2
hMG3,TCAGCCTGTGCTCTTC,L2
hMG3,TCAGCCTTCTAGTCAG,L2
hMG3,TCAGGGCCACATATGC,L2
hMG3,TCAGGGCCAGATTAAG,L2
hMG3,TCAGGGCGTCAGCTTA,L1
hMG3,TCAGGTACAAGCGAGT,L2
hMG3,TCAGGTACAGCGTTTA,L1
hMG3,TCAGGTAGTGCTCCGA,L2
hMG3,TCAGGTAGTGGGAGAG,L2
hMG3,TCAGGTATCATAAGGA,Basal
hMG3,TCAGGTATCCACCTGT,L1
hMG3,TCAGGTATCGAAGCAG,L2
hMG3,TCAGTCCAGCCTGAGA,L1
hMG3,TCAGTCCAGTCACAGG,Basal
hMG3,TCAGTCCCACGACGAA,L1
hMG3,TCAGTCCCATGTACGT,L2
hMG3,TCAGTCCGTATGCGGA,L2
hMG3,TCAGTCCGTCCGGTCA,L2
hMG3,TCAGTCCTCATGCCAA,L2
hMG3,TCAGTCCTCGGTATGT,L2
hMG3,TCAGTCCTCTGTAACG,L1
hMG3,TCAGTGACATCCTTGC,L2
hMG3,TCAGTGAGTAGTAAGT,L2
hMG3,TCAGTGAGTCTAGATC,Basal
hMG3,TCAGTGATCGGTAAGG,L1
hMG3,TCAGTTTTCTATACTC,L2
hMG3,TCATACTCAAGTTTGC,L1
hMG3,TCATACTCATGGCACC,L2
hMG3,TCATACTGTCCTACAA,L1
hMG3,TCATATCAGAAACCAT,L2
hMG3,TCATATCCAAGTCCAT,L2
hMG3,TCATCATAGATCCCAT,L2
hMG3,TCATCATCATAATCGC,L2
hMG3,TCATCATTCGTGAGAG,L2
hMG3,TCATCCGCAAAGGTTA,L2
hMG3,TCATCCGCAGTCTTCC,L2
hMG3,TCATCCGGTAACATGA,L2
hMG3,TCATCCGGTCCAGTTA,L1
hMG3,TCATCCGGTGGCCTCA,L2
hMG3,TCATGAGCAAAGAGTT,L2
hMG3,TCATGAGCAACACAGG,L1
hMG3,TCATGAGGTCGCTTGG,L2
hMG3,TCATGAGGTTAGGGAC,L1
hMG3,TCATGCCCAGAGGCAT,L2
hMG3,TCATGCCGTACTGTTG,L2
hMG3,TCATGGAAGGTTGGAC,L1
hMG3,TCATGGACAACACAAA,L1
hMG3,TCATGGACATCTAGAC,L1
hMG3,TCATGGAGTGACAACG,L1
hMG3,TCATGGATCTATGTGG,L2
hMG3,TCATGTTAGCGAATGC,L1
hMG3,TCATGTTCAGCTGTGC,L1
hMG3,TCATGTTTCTTCCCGA,L2
hMG3,TCATTACAGATAACGT,L1
hMG3,TCATTACCACTCTGCT,L2
hMG3,TCATTACCAGAAGCGT,L2
hMG3,TCATTACCAGCTCATA,L1
hMG3,TCATTCAGTCGCATTA,L1
hMG3,TCATTCATCGCCATAA,L2
hMG3,TCATTGTAGGGATGTC,L2
hMG3,TCATTGTCACTGCACG,L2
hMG3,TCATTGTCAGCTGAAG,L1
hMG3,TCATTGTTCAATCAGC,L2
hMG3,TCATTGTTCTTGGATG,L1
hMG3,TCATTTGAGGGACACT,L1
hMG3,TCATTTGCAATGCTCA,L1
hMG3,TCATTTGCACGTAACT,L1
hMG3,TCATTTGCAGAAGCTG,L2
hMG3,TCATTTGTCCACTGGG,L1
hMG3,TCATTTGTCCGGCTTT,L1
hMG3,TCCACCAAGTTTCTTC,L2
hMG3,TCCACCAGTGAATAAC,L2
hMG3,TCCACCATCTACGCAA,L1
hMG3,TCCACGTTCCTCCACA,L1
hMG3,TCCACGTTCGTTGCCT,L2
hMG3,TCCAGAACAATAAGGT,L1
hMG3,TCCAGAACACCAACAT,L1
hMG3,TCCAGAACAGGCACTC,L1
hMG3,TCCATGCCAGTTACCA,L2
hMG3,TCCATGCCATATCTCT,Basal
hMG3,TCCATGCTCAAGTTGC,L1
hMG3,TCCCACAAGCCATTTG,L1
hMG3,TCCCACACAAATTGCC,Basal
hMG3,TCCCACACACATACGT,L2
hMG3,TCCCAGTAGTCACGAG,L1
hMG3,TCCCAGTCAGAGAATT,L2
hMG3,TCCCAGTCATGCACTA,L2
hMG3,TCCCAGTGTGCGTCGT,L2
hMG3,TCCCAGTGTGGTTCTA,L2
hMG3,TCCCAGTTCCTGTAGA,L1
hMG3,TCCCATGCAGGTCCCA,L2
hMG3,TCCCATGTCGGTAACT,L1
hMG3,TCCGAAACACTACTTT,L1
hMG3,TCCGAAAGTAGCCAGA,L2
hMG3,TCCGATCAGCTCTGTA,L2
hMG3,TCCGATCAGGCATCGA,L1
hMG3,TCCGATCAGGGCAACT,L2
hMG3,TCCGATCGTTCAGGTT,L1
hMG3,TCCGATCTCCTGCTAC,L2
hMG3,TCCGGGAAGGCGTCCT,L1
hMG3,TCCGGGACACTTCCTG,L1
hMG3,TCCGGGAGTACTCCGG,L2
hMG3,TCCGGGATCCTACCGT,L2
hMG3,TCCGGGATCCTACGGG,L1
hMG3,TCCGGGATCTGTCAGA,L1
hMG3,TCCGTGTCACAAGGTG,Basal
hMG3,TCCGTGTCACTGCTTC,L1
hMG3,TCCGTGTCAGCTACTA,L2
hMG3,TCCGTGTCATGGTACT,L1
hMG3,TCCGTGTGTTTACACG,L2
hMG3,TCCGTGTTCGAGTTGT,L2
hMG3,TCCTAATAGGGAGGCA,L2
hMG3,TCCTAATCACATTACG,L1
hMG3,TCCTAATCATAGAAAC,L1
hMG3,TCCTAATGTGAACTAA,L1
hMG3,TCCTAATTCATTACGG,L2
hMG3,TCCTAATTCGGAAACG,L1
hMG3,TCCTAATTCTGAGAAA,L1
hMG3,TCCTCCCAGGTAGCAC,L2
hMG3,TCCTCCCTCCAGCAAT,L1
hMG3,TCCTCCCTCCCATTCG,L2
hMG3,TCCTCGACACAGCTGC,L1
hMG3,TCCTCGACATCTAACG,L1
hMG3,TCCTCGAGTATGTCCA,L1
hMG3,TCCTCGAGTCAAAGTA,L1
hMG3,TCCTCGATCGCCTATC,L2
hMG3,TCCTCTTCACCCTGAG,L2
hMG3,TCCTCTTCACTTTATC,L2
hMG3,TCCTCTTGTCGAGATG,L2
hMG3,TCCTCTTTCGCAGATT,L1
hMG3,TCCTGCACATCCGGCA,L1
hMG3,TCCTGCAGTTTCGTGA,L1
hMG3,TCCTGCATCGCAGATT,L2
hMG3,TCCTGCATCTTCGGTC,L2
hMG3,TCCTTCTAGCGATGCA,L2
hMG3,TCCTTCTAGGTTGTTC,L1
hMG3,TCCTTCTAGTGGTTCT,L2
hMG3,TCCTTCTCAAAGGGTC,L1
hMG3,TCCTTTCAGCACACAG,L2
hMG3,TCCTTTCAGTGCACAG,L1
hMG3,TCCTTTCCATCACGGC,L1
hMG3,TCCTTTCCATGTTTGG,L2
hMG3,TCCTTTCGTCGTGTTA,L2
hMG3,TCCTTTCTCTTACCGC,L1
hMG3,TCGAACAAGGGCTTCC,L1
hMG3,TCGAACACAGAGGAAA,L2
hMG3,TCGAACACAGTTGGTT,L2
hMG3,TCGAACATCCGCATAA,L2
hMG3,TCGACCTAGGCTTCCG,L2
hMG3,TCGACCTAGGTGAGCT,L1
hMG3,TCGACCTCAGACGCTC,L2
hMG3,TCGACCTGTATCTCGA,L1
hMG3,TCGACCTGTCATGACT,L1
hMG3,TCGACCTGTTGTTGCA,L2
hMG3,TCGACGGAGCCTGAGA,L2
hMG3,TCGACGGCAGCACCCA,L1
hMG3,TCGACGGCAGGACTTT,L2
hMG3,TCGACGGTCATTCTTG,L2
hMG3,TCGATTTAGCCGATCC,L2
hMG3,TCGATTTTCAAGTGGG,L1
hMG3,TCGATTTTCCATTGGA,L1
hMG3,TCGCACTAGCGGGTAT,L2
hMG3,TCGCACTAGCTTTCCC,L2
hMG3,TCGCACTAGGTATCTC,L2
hMG3,TCGCACTCAAAGACGC,L1
hMG3,TCGCACTTCAAAGAAC,L1
hMG3,TCGCAGGCAAGCGATG,L1
hMG3,TCGCAGGGTCGGTGAA,L2
hMG3,TCGCAGGTCGCCTCTA,L2
hMG3,TCGCAGGTCGGCTATA,L1
hMG3,TCGCTCACAGTAGTGG,L2
hMG3,TCGCTCACAGTGGTGA,L1
hMG3,TCGCTCATCATTATCC,L2
hMG3,TCGCTCATCCCAATAG,L2
hMG3,TCGCTTGAGAAAGTCT,L2
hMG3,TCGCTTGCAACGGTAG,L2
hMG3,TCGCTTGGTGGCTTGC,L1
hMG3,TCGCTTGTCGGCACTG,L1
hMG3,TCGCTTGTCGTGGGAA,L2
hMG3,TCGCTTGTCTCCGATC,L1
hMG3,TCGGATACACTTTATC,L2
hMG3,TCGGATACAGAGTTGG,L2
hMG3,TCGGATACATAATGAG,L2
hMG3,TCGGATATCCGCAACG,L2
hMG3,TCGGGACAGGCCCACT,L2
hMG3,TCGGGACAGTCATCCA,L2
hMG3,TCGGGACCAACTCATG,L1
hMG3,TCGGGACGTACCCGCA,L1
hMG3,TCGGGACTCACCCTCA,L2
hMG3,TCGGGCACATACCACA,L1
hMG3,TCGGGCACATTCATCT,Basal
hMG3,TCGGGCAGTGAGGATC,L1
hMG3,TCGGGCAGTGGAAGTC,Basal
hMG3,TCGGGCAGTTGTATGC,L1
hMG3,TCGGGTGCAAGTTCCA,L2
hMG3,TCGGGTGGTGGTAATA,L1
hMG3,TCGGGTGTCATTTGCT,L1
hMG3,TCGGGTGTCGCCGAGT,L2
hMG3,TCGGTCTAGCCGGAAT,L2
hMG3,TCGGTCTCAAATTAGG,L1
hMG3,TCGGTCTCAACCGCCA,L1
hMG3,TCGGTCTCATTGCCGG,L1
hMG3,TCGGTCTGTACATTGC,L1
hMG3,TCGGTCTTCCAGTTCC,L2
hMG3,TCGGTCTTCCGTGGTG,L2
hMG3,TCGGTCTTCGGCTGTG,L2
hMG3,TCGTAGACACGCTATA,L1
hMG3,TCGTAGATCATTATCC,L2
hMG3,TCGTAGATCGGTAGAG,L1
hMG3,TCGTAGATCTAGGCCG,L1
hMG3,TCGTCCAAGATGAATC,L1
hMG3,TCGTCCAAGGTGCTGA,L2
hMG3,TCGTCCAGTCTCTCAC,L1
hMG3,TCGTCCATCTTACCGC,L2
hMG3,TCGTGCTAGCCAGACA,L1
hMG3,TCGTGCTAGCTCGGCT,L2
hMG3,TCGTGCTCAGAGGTAC,L2
hMG3,TCGTGCTGTCTGTGCG,L1
hMG3,TCGTGGGCATCCGTTC,L1
hMG3,TCGTGGGGTAGCTAAA,L2
hMG3,TCGTGGGGTTGGGTAG,L1
hMG3,TCGTGGGTCATGGAGG,L2
hMG3,TCGTGGGTCGAGTGAG,L2
hMG3,TCTAACTGTGCTTATG,L1
hMG3,TCTAACTTCACCTACC,Basal
hMG3,TCTAACTTCGTCGATA,L1
hMG3,TCTACATAGACCGCCT,L1
hMG3,TCTACATGTGGTCTGC,L2
hMG3,TCTACCGAGCAGTACG,L1
hMG3,TCTACCGAGTGTACAA,L2
hMG3,TCTACCGGTGCCTTTC,L1
hMG3,TCTACCGGTTAGTTCG,L2
hMG3,TCTACCGTCAGCTGTA,L2
hMG3,TCTACCGTCAGTCACA,L1
hMG3,TCTATACAGGGTACAC,L1
hMG3,TCTATACCAAATGATG,L1
hMG3,TCTATACTCCGCACTT,L1
hMG3,TCTATCACAGGTCTCG,L1
hMG3,TCTATCAGTCTACATG,L1
hMG3,TCTCACGAGCGCCTTG,L1
hMG3,TCTCACGCAGCGTTGC,L2
hMG3,TCTCAGCAGATGCCGA,L1
hMG3,TCTCAGCCACCGAATT,L2
hMG3,TCTCAGCCAGGCGTTC,L1
hMG3,TCTCCGAAGCACCCAC,L2
hMG3,TCTCCGAAGCTTAGTC,L1
hMG3,TCTCCGAAGGTTGCCC,L1
hMG3,TCTCCGAGTGGACAGT,L2
hMG3,TCTCCGATCCACAGGC,L2
hMG3,TCTCTGGAGCGCCATC,L1
hMG3,TCTCTGGTCAGCCTCT,L1
hMG3,TCTGCCACATACACCA,L2
hMG3,TCTGCCAGTCCAGGTC,L2
hMG3,TCTGCCAGTTTAGTCG,L2
hMG3,TCTGGCTAGATTGATG,L1
hMG3,TCTGGCTAGCCTTTGA,L1
hMG3,TCTGGCTAGCTGTACT,L2
hMG3,TCTGTCGAGAACTGAT,L1
hMG3,TCTGTCGAGAGAGAAC,L2
hMG3,TCTGTCGAGAGCCTGA,L2
hMG3,TCTGTCGCACACGGAA,L2
hMG3,TCTGTCGCAGGCATTT,L1
hMG3,TCTGTCGTCCGTATAG,L2
hMG3,TCTGTCGTCCTTTGAT,L1
hMG3,TCTGTCGTCGGCCTTT,L1
hMG3,TCTTAGTGTTTGCAGT,L1
hMG3,TCTTCCTGTACTCAAC,L1
hMG3,TCTTCCTGTTAGAGTA,L2
hMG3,TCTTGCGCAAAGCGTG,L2
hMG3,TCTTTGAAGTGACCTT,L2
hMG3,TCTTTGACACACAGAG,L2
hMG3,TCTTTGAGTACGAGTG,L1
hMG3,TGAACGTCAGACACAG,L2
hMG3,TGAATCGAGCCGATAG,Basal
hMG3,TGAATCGAGGATACAT,L2
hMG3,TGAATCGCAGATAAAC,L1
hMG3,TGAATCGGTATATGGA,L2
hMG3,TGAATGCCAGCTCATA,Basal
hMG3,TGAATGCCAGTCTCTC,L2
hMG3,TGACAGTCAAATCGTC,L2
hMG3,TGACAGTTCGTAGCCG,L1
hMG3,TGACCCTAGTGGACTG,L1
hMG3,TGACCCTCACCGGTCA,L2
hMG3,TGACCCTGTCAATGGG,L1
hMG3,TGACCCTGTGTTCGTA,L2
hMG3,TGACGCGGTTATAGCC,L1
hMG3,TGACGCGTCGGCTGGT,L1
hMG3,TGACTCCCAAGAGTAT,L1
hMG3,TGACTCCGTAACTGCT,L1
hMG3,TGACTCCGTCTAGGCC,L2
hMG3,TGACTCCTCTACCTTA,Basal
hMG3,TGAGACTAGATGCGAC,L2
hMG3,TGAGACTAGCGCTGCT,L2
hMG3,TGAGACTAGTGCACCC,L2
hMG3,TGAGACTCATTGGCAT,L1
hMG3,TGAGACTGTGTAACGG,Basal
hMG3,TGAGACTTCACATCAG,L2
hMG3,TGAGACTTCCTCTCGA,L2
hMG3,TGAGACTTCGAGTCTA,L2
hMG3,TGAGCATAGAACAGGA,L2
hMG3,TGAGCATAGTCCGCCA,L2
hMG3,TGAGCGCAGCATTTCG,L2
hMG3,TGAGCGCGTAGGCTCC,L2
hMG3,TGAGGAGCAATGTGGG,L2
hMG3,TGAGGAGGTAGAAACT,L2
hMG3,TGAGGAGGTCGGAACA,Basal
hMG3,TGAGGAGGTGAACCGA,L1
hMG3,TGAGGGAAGCTTAAGA,Basal
hMG3,TGAGGGACACAATGAA,L1
hMG3,TGAGGTTCAACCGACC,L2
hMG3,TGAGGTTCATCGTTCC,L2
hMG3,TGAGGTTGTGGACCTC,L2
hMG3,TGAGGTTTCAAGTCGT,L1
hMG3,TGAGGTTTCTGGCCGA,L1
hMG3,TGAGTCAGTGATACAA,L2
hMG3,TGAGTCATCATGAGTC,L1
hMG3,TGAGTCATCGTGGAAG,L2
hMG3,TGAGTCATCGTTGTGA,L2
hMG3,TGAGTCATCTCATGCC,Basal
hMG3,TGATCAGAGAAGCGGG,L2
hMG3,TGATCAGAGCCTATCA,L2
hMG3,TGATCAGAGGTCATAA,L1
hMG3,TGATCAGAGTGCTCAT,L2
hMG3,TGATCAGCAACAAAGT,L1
hMG3,TGATCAGCACTACTTT,L1
hMG3,TGATCAGCACTAGGTT,L2
hMG3,TGATCTTAGAGGACTC,L2
hMG3,TGATCTTGTCACCGCA,Basal
hMG3,TGATCTTGTCCTTAAG,L1
hMG3,TGATCTTTCTGAATCG,L2
hMG3,TGATGGTAGACAGCTG,L2
hMG3,TGATGGTCAGCGTACC,L2
hMG3,TGATGGTGTCTGATAC,L1
hMG3,TGATGGTTCCCAGGCA,L1
hMG3,TGATTCTCAAGTAGTA,L1
hMG3,TGATTCTGTAATCAAG,L1
hMG3,TGATTCTGTACATTGC,L2
hMG3,TGATTCTGTCCATAGT,L2
hMG3,TGATTCTGTCGTCAGC,L2
hMG3,TGATTCTGTCTGTAGT,L2
hMG3,TGATTCTTCTTTGCTA,L2
hMG3,TGATTTCAGAATCGCG,L1
hMG3,TGATTTCGTACATTGC,L1
hMG3,TGATTTCGTCAAGCCC,L1
hMG3,TGATTTCTCAAACCTG,L2
hMG3,TGATTTCTCTCCGCAT,Basal
hMG3,TGCACGGCACTGTCGG,L2
hMG3,TGCACGGTCTCTATAC,L2
hMG3,TGCAGATAGTACAACA,L2
hMG3,TGCAGATCAGGCACTC,Basal
hMG3,TGCAGATCATCCGCGA,L2
hMG3,TGCAGATCATGTTCAG,L2
hMG3,TGCAGATGTTAAACCC,L2
hMG3,TGCAGATTCATGCCAA,L1
hMG3,TGCAGGCCAAACTCTG,L1
hMG3,TGCAGGCGTGAATTAG,Basal
hMG3,TGCAGTACAACTCCCT,L1
hMG3,TGCAGTAGTTCACGAT,L2
hMG3,TGCAGTAGTTTCGCTC,L2
hMG3,TGCATCCAGCTCAGAG,L1
hMG3,TGCATCCCAGGCACAA,L1
hMG3,TGCATCCGTCGAATGG,L2
hMG3,TGCATCCGTGCCCACA,L2
hMG3,TGCATCCTCTAGTCAG,L1
hMG3,TGCATGAAGATTGAGT,L2
hMG3,TGCATGAAGGGCAAGG,L1
hMG3,TGCATGAAGTTACGTC,L2
hMG3,TGCATGAGTGAAGCGT,L2
hMG3,TGCCGAGAGTAAGAGG,L1
hMG3,TGCCGAGAGTAGGTTA,L2
hMG3,TGCCGAGCAACTACGT,L2
hMG3,TGCGACGAGTCCCGAC,L1
hMG3,TGCGACGCACTCCGAG,L1
hMG3,TGCGACGTCCTTCTTC,L1
hMG3,TGCGATAAGCTCGCAC,L2
hMG3,TGCGATACAAGCTGCC,L1
hMG3,TGCGATACATACAGGG,L2
hMG3,TGCGATAGTATAGGAT,L1
hMG3,TGCGATATCGAACCTA,L2
hMG3,TGCGATATCGAGAATA,L2
hMG3,TGCGGCAGTCACCCTT,L2
hMG3,TGCGGCAGTGAGCTCC,L2
hMG3,TGCGGCATCAGAATAG,L1
hMG3,TGCGGCATCCAACACA,L2
hMG3,TGCGGGTAGAGTCAGC,L2
hMG3,TGCGGGTAGGCCCAAA,L2
hMG3,TGCGGGTCAAACTCTG,L1
hMG3,TGCGGGTCATGAGAAT,L2
hMG3,TGCGGGTGTTGCTAGT,L2
hMG3,TGCGGGTGTTGTAAAG,L1
hMG3,TGCTCCAAGGGCTTCC,Basal
hMG3,TGCTCCACACAGCCTG,L2
hMG3,TGCTCCAGTACCACGC,L2
hMG3,TGCTCGTAGGTAGGCT,L1
hMG3,TGCTCGTGTATTTCTC,L2
hMG3,TGCTGAATCACTCCGT,L2
hMG3,TGCTGAATCGCACGAC,L1
hMG3,TGCTGAATCTCAATCT,L2
hMG3,TGCTTCGCACGCGCAT,L2
hMG3,TGCTTCGCACTTTAGG,L2
hMG3,TGCTTCGCAGACAAAT,L2
hMG3,TGCTTCGGTCACAGTT,L1
hMG3,TGCTTCGGTCGCGTTG,L1
hMG3,TGCTTCGGTCGTATGT,L2
hMG3,TGCTTGCAGCGTCTCG,L1
hMG3,TGCTTGCCACTGGCGT,L2
hMG3,TGGAACTAGGTCGACA,L2
hMG3,TGGAACTAGTAATCCC,L1
hMG3,TGGAACTGTGGAAATT,L2
hMG3,TGGAACTGTTCGGTCG,L1
hMG3,TGGAGAGAGCGCCCAT,Basal
hMG3,TGGAGAGCAGCTGCCA,L1
hMG3,TGGAGAGGTCAACCTA,L2
hMG3,TGGAGAGGTCGGCTAC,L1
hMG3,TGGAGGAAGGTAAGGA,L1
hMG3,TGGAGGACACGAGAAC,L2
hMG3,TGGAGGATCGAGATAA,L2
hMG3,TGGATCAAGCGCTGCT,L1
hMG3,TGGATCAAGTGTACAA,L2
hMG3,TGGATCACAGCAGATG,L2
hMG3,TGGATGTAGACTACGG,L2
hMG3,TGGATGTAGTAATACG,L2
hMG3,TGGATGTAGTAGTCCT,L2
hMG3,TGGATGTCACGAAGAC,L1
hMG3,TGGATGTCATTATGCG,L1
hMG3,TGGATGTGTCCGAAAG,L2
hMG3,TGGATGTTCAAGAAAC,L1
hMG3,TGGATGTTCCCTTGTG,L1
hMG3,TGGCGTGGTTGGGCCT,L1
hMG3,TGGCGTGTCGCCAGAC,L2
hMG3,TGGGAAGAGCCATGCC,L1
hMG3,TGGGAGACAAAGCGTG,L1
hMG3,TGGGAGACACAATGTC,L2
hMG3,TGGGAGAGTCCTGTTC,L2
hMG3,TGGGATTCATTGAAAG,L1
hMG3,TGGGATTGTTTGTTCT,L1
hMG3,TGGGCGTAGCAAACAT,L1
hMG3,TGGGCGTAGCGTGAGT,L2
hMG3,TGGGCGTCAAATCAGA,L1
hMG3,TGGGCGTCACCAGCGT,L1
hMG3,TGGGCTGAGGACGGAG,L2
hMG3,TGGGCTGAGTATCTGC,L2
hMG3,TGGGCTGGTAGAGGAA,L2
hMG3,TGGGCTGTCTCTGACC,L2
hMG3,TGGGTTAAGAAGCTCG,L2
hMG3,TGGGTTAAGGACTAAT,L1
hMG3,TGGGTTACAGAACGCA,L2
hMG3,TGGTACAAGGGCAATC,L2
hMG3,TGGTACAGTGGTATGG,L2
hMG3,TGGTACATCACCTTGC,L1
hMG3,TGGTACATCCCTCGTA,L2
hMG3,TGGTAGTAGCGGGTAT,L2
hMG3,TGGTAGTAGGCGTTGA,L2
hMG3,TGGTAGTCATCGAAGG,L1
hMG3,TGGTAGTGTTACGATC,L1
hMG3,TGGTGATAGAGAGAAC,L2
hMG3,TGGTGATGTCGATTTG,Basal
hMG3,TGGTGATGTCTCTCCA,Basal
hMG3,TGGTGATTCCATTGGA,L1
hMG3,TGGTGATTCTTAGCTT,L1
hMG3,TGGTTAGCATAGATGA,L1
hMG3,TGGTTAGCATCGTGCG,L2
hMG3,TGGTTAGGTCTGTGGC,L1
hMG3,TGGTTAGGTTGATCGT,L1
hMG3,TGTAACGAGCTCGTGC,L2
hMG3,TGTAACGAGGGTTAAT,L2
hMG3,TGTAACGCACCCTTAC,L1
hMG3,TGTAACGGTTGCGAAG,L1
hMG3,TGTAACGTCCCAGTGG,L1
hMG3,TGTAACGTCCGACATA,L1
hMG3,TGTAAGCCAGATCCAT,L2
hMG3,TGTAAGCGTCTCCCTA,L2
hMG3,TGTAAGCTCTGGCCGA,L2
hMG3,TGTACAGAGGTGATCG,Basal
hMG3,TGTACAGCACGACTAT,L1
hMG3,TGTACAGGTAGTTACC,L2
hMG3,TGTACAGTCCAGCTCT,L2
hMG3,TGTACAGTCTTACGTT,L2
hMG3,TGTACAGTCTTGTTAC,L1
hMG3,TGTAGACGTTTCGTAG,L1
hMG3,TGTAGACTCCTCCACA,L2
hMG3,TGTCAGAAGAGCTGAC,L2
hMG3,TGTCAGAAGCGATGGT,L1
hMG3,TGTCAGACAAGGTTGG,L1
hMG3,TGTCAGACACATTCTT,L2
hMG3,TGTCAGAGTAGATCCT,L2
hMG3,TGTCAGAGTCTCCTGT,L2
hMG3,TGTCAGAGTGCCCGTA,L1
hMG3,TGTCAGATCCAATCTT,L2
hMG3,TGTCAGATCGTAGTCA,L1
hMG3,TGTCCACAGTTCCGGC,L1
hMG3,TGTCCACAGTTCCGTA,L2
hMG3,TGTCCACCAATGTGGG,L1
hMG3,TGTCCACCACTACTTT,L2
hMG3,TGTCCACTCCCTTCCC,L1
hMG3,TGTGAGTAGTAGCTCT,L1
hMG3,TGTGAGTCACGATAGG,L2
hMG3,TGTGAGTGTAGGTGCA,L2
hMG3,TGTGATGAGTCATGAA,L2
hMG3,TGTGATGGTGTCCATA,L1
hMG3,TGTGATGTCGGATAAA,L2
hMG3,TGTGCGGAGAGATCGC,L2
hMG3,TGTGCGGAGCGACCCT,L1
hMG3,TGTGCGGCAACACAGG,L2
hMG3,TGTGCGGGTTGTAGCT,L2
hMG3,TGTGGCGCACACGCCA,L1
hMG3,TGTGGCGGTCCCACGA,L1
hMG3,TGTGTGAAGTTCATCG,L1
hMG3,TGTGTGAGTAACATAG,L2
hMG3,TGTGTGAGTAGTGATA,L1
hMG3,TGTGTGAGTGCTGTCG,L1
hMG3,TGTGTGAGTTAGGCTT,L1
hMG3,TGTTACTCAAGAGTTA,L2
hMG3,TGTTACTGTGCAATGG,L2
hMG3,TGTTACTTCGTAGCCG,L1
hMG3,TGTTCATAGTAATTGG,L2
hMG3,TGTTCATCAAGTTCGT,L1
hMG3,TGTTCATCACATGGTT,L2
hMG3,TGTTCATGTCACTTCC,L2
hMG3,TGTTCATTCATTCACT,L2
hMG3,TGTTCATTCCTTCTAA,L2
hMG3,TGTTCATTCTCATTTG,L1
hMG3,TGTTCCGAGCTATCTG,L1
hMG3,TGTTCCGGTTAGCTAC,L2
hMG3,TGTTCCGTCACCCTGT,L2
hMG3,TGTTCCGTCCCGAACG,L2
hMG3,TGTTCTAAGGTAAGTT,L1
hMG3,TGTTCTAAGTACCATC,L2
hMG3,TGTTCTACAAATTGGA,L1
hMG3,TGTTCTACAACAGCCC,L2
hMG3,TGTTCTACAGCTACTA,L1
hMG3,TGTTCTACAGTGCCTG,L1
hMG3,TGTTCTAGTTGTGTTG,L1
hMG3,TGTTCTATCACTTGTT,L1
hMG3,TGTTGAGAGAGCTGAC,Basal
hMG3,TGTTGAGAGAGGATCC,L1
hMG3,TGTTGAGCACGGTGCT,L2
hMG3,TGTTGAGCATGCAGGA,L2
hMG3,TGTTGAGGTCTGTGGC,L2
hMG3,TGTTGAGGTGTTGACT,L1
hMG3,TGTTGGACACAACGAG,L2
hMG3,TGTTGGAGTGGGTTGA,L1
hMG3,TGTTTGTAGTTTCAGC,L2
hMG3,TGTTTGTCAACACACT,L1
hMG3,TGTTTGTCACTTCAAG,L2
hMG3,TGTTTGTCAGGTTACT,L1
hMG3,TTAATCCAGAGAGCGG,Basal
hMG3,TTAATCCAGAGCTGAC,L2
hMG3,TTAATCCCACGACGAA,L2
hMG3,TTAATCCTCGAACTCA,L2
hMG3,TTAATCCTCGGAAGGT,L1
hMG3,TTACAGGCAAGCTGTT,Basal
hMG3,TTACCATAGAGAGCGG,L1
hMG3,TTACCATAGCTATCCA,L1
hMG3,TTACCATAGGTTCTAC,L1
hMG3,TTACCATCACAGTCGC,L2
hMG3,TTACCATCACCAATTG,L2
hMG3,TTACCATGTGAGTCAG,L2
hMG3,TTACCATGTGCCGAAA,L1
hMG3,TTACCATTCGAACTCA,L2
hMG3,TTACCATTCGTTTACT,L1
hMG3,TTACCGCAGGTCCTGC,L2
hMG3,TTACCGCCAAGCTGCC,L1
hMG3,TTACCGCCAGCACGAA,L2
hMG3,TTACCGCCATCTTAGG,L1
hMG3,TTACCGCGTAGACAAT,L2
hMG3,TTACCGCGTCAAAGCG,L2
hMG3,TTACCGCGTCGCGGTT,L1
hMG3,TTACCGCTCTGTTCAT,L2
hMG3,TTACGCCCAATTTCCT,L2
hMG3,TTACGCCGTTCTTGCC,L2
hMG3,TTACGCCTCATAGCAC,L1
hMG3,TTACGTTCAAAGCTCT,L2
hMG3,TTACGTTCACGTCATA,L1
hMG3,TTACGTTCAGAACATA,L2
hMG3,TTACGTTGTATCCCTC,L1
hMG3,TTACGTTGTCCACAGC,L2
hMG3,TTACGTTTCGTTCTGC,L2
hMG3,TTACGTTTCTGAGTCA,L2
hMG3,TTACTGTAGATTAGTG,L2
hMG3,TTAGGCACAAACGAGC,L1
hMG3,TTAGGCAGTACCGGAA,L2
hMG3,TTAGGCATCCATTGCC,L2
hMG3,TTAGGGTCAAATCAGA,L2
hMG3,TTAGGGTGTTCTCAGA,L1
hMG3,TTAGTCTTCAACACCA,L2
hMG3,TTAGTCTTCGTTAGTG,L2
hMG3,TTATTGCGTCATGCAT,L2
hMG3,TTATTGCGTGTCATGT,L1
hMG3,TTATTGCTCCACGGAC,L1
hMG3,TTCAATCGTCCTACAA,L2
hMG3,TTCAATCTCAACCCGG,L1
hMG3,TTCAATCTCCTTATCA,L1
hMG3,TTCACCGAGATAACAC,L1
hMG3,TTCACCGCAGGAATCG,L2
hMG3,TTCACCGGTAGCTTTG,L2
hMG3,TTCACCGTCCACATAG,L2
hMG3,TTCACCGTCCGATCTC,L2
hMG3,TTCACCGTCTACTGCC,L1
hMG3,TTCACCGTCTCTCGCA,L2
hMG3,TTCACGCTCACTCCGT,L1
hMG3,TTCACGCTCCAAGAGG,L2
hMG3,TTCACGCTCGCCGAGT,L2
hMG3,TTCACGCTCGTCACCT,L2
hMG3,TTCACGCTCGTGGGAA,L2
hMG3,TTCAGGAAGCGTGTTT,L2
hMG3,TTCAGGAAGGATTTCC,L1
hMG3,TTCAGGACACCTTCGT,L2
hMG3,TTCAGGAGTCATGGCC,L1
hMG3,TTCATGTAGCCTTTGA,L1
hMG3,TTCATGTTCGTTAGTG,L2
hMG3,TTCATTGAGGTCGAGT,Basal
hMG3,TTCATTGCACGATAGG,L1
hMG3,TTCATTGCATGCCATA,L1
hMG3,TTCATTGGTAGACAAT,L2
hMG3,TTCATTGGTCGCAACC,L1
hMG3,TTCATTGGTGGGCTTC,L1
hMG3,TTCCAATAGCTTTCTT,L2
hMG3,TTCCAATAGGGCATGT,L2
hMG3,TTCCAATCATCCCGTT,L1
hMG3,TTCCAATTCGCATTAG,L2
hMG3,TTCCACGAGTCAATCC,L2
hMG3,TTCCACGCAAGCACAG,L2
hMG3,TTCCACGCAATTCGTG,L2
hMG3,TTCCACGCACTACCCT,L1
hMG3,TTCCACGCAGAGTTGG,L2
hMG3,TTCCACGCAGCTATAC,L1
hMG3,TTCCACGGTGACTCTA,L1
hMG3,TTCCACGGTGGCGTAA,Basal
hMG3,TTCCACGTCACAAGGG,L2
hMG3,TTCCACGTCATTGAGC,L1
hMG3,TTCCACGTCTAGTGAC,Basal
hMG3,TTCCGGTGTACCATAC,L2
hMG3,TTCCGGTTCGGCTGTG,L1
hMG3,TTCCGTGAGCACCGAA,L2
hMG3,TTCCGTGCATTCTCTA,L1
hMG3,TTCCGTGTCGACCAAT,L1
hMG3,TTCCTAACACTGGAAG,L2
hMG3,TTCCTAAGTAACATCC,L1
hMG3,TTCCTAATCCGACATA,L2
hMG3,TTCCTCTAGAGGTTTA,L1
hMG3,TTCCTCTCAATTGAGA,L2
hMG3,TTCCTCTGTACACGCC,L1
hMG3,TTCCTCTGTACGTAGG,L1
hMG3,TTCCTCTGTTTCTTAC,L2
hMG3,TTCCTCTTCAAGTTGC,L2
hMG3,TTCCTTCAGCAGATAT,L1
hMG3,TTCCTTCAGTGACACG,L2
hMG3,TTCGATTCACCGTGAC,L1
hMG3,TTCGATTCAGTCTTCC,L1
hMG3,TTCGATTCATCCAACA,L1
hMG3,TTCGATTCATTGGGAG,L2
hMG3,TTCGATTTCGGCCCAA,L1
hMG3,TTCGCTGAGCGCTTCG,L1
hMG3,TTCGCTGGTCTCGACG,L2
hMG3,TTCGCTGGTTACCTTT,L2
hMG3,TTCGCTGGTTCTCTAT,L2
hMG3,TTCGCTGTCAGTAGGG,Basal
hMG3,TTCGGTCGTAGTCTGT,L2
hMG3,TTCTAACCAGTAGTGG,L2
hMG3,TTCTAACCATACTGTG,Basal
hMG3,TTCTAGTAGATTAGTG,L2
hMG3,TTCTAGTAGCAAGTGC,L1
hMG3,TTCTAGTCAGACAAGC,L2
hMG3,TTCTAGTGTATCGGTT,L2
hMG3,TTCTAGTGTCTCAAGT,L1
hMG3,TTCTCTCAGCTCAGAG,L1
hMG3,TTCTCTCAGGGCAGGA,Basal
hMG3,TTCTCTCAGTAACCTC,L2
hMG3,TTCTCTCGTGGTATGG,L1
hMG3,TTCTGTAAGCCTCCAG,Basal
hMG3,TTCTGTAAGTTAGTAG,L1
hMG3,TTCTGTAGTCTCTCTG,L1
hMG3,TTCTGTAGTTTCGTTT,L2
hMG3,TTCTGTATCTCGCCTA,L2
hMG3,TTCTTCCGTTACAGCT,L2
hMG3,TTCTTGACAAGTCCCG,L1
hMG3,TTCTTGAGTCATCTAG,L1
hMG3,TTCTTGATCTCTAGGA,L2
hMG3,TTGAACGAGAGCCCAA,L2
hMG3,TTGAACGAGGACATCG,L2
hMG3,TTGAACGAGGTCCCTG,L2
hMG3,TTGAACGGTACAGAAT,L1
hMG3,TTGAACGGTACGGGAT,L2
hMG3,TTGACCCCAGAAATCA,L1
hMG3,TTGACCCTCGGTGCAC,L2
hMG3,TTGAGTGAGCGTTAGG,L2
hMG3,TTGAGTGAGTTGAAAC,L1
hMG3,TTGAGTGCAATTTCGG,L2
hMG3,TTGAGTGTCATGGCCG,L1
hMG3,TTGATGGAGCTGGAGT,L2
hMG3,TTGATGGCAATACAGA,L1
hMG3,TTGATGGCAGAGGAAA,L1
hMG3,TTGATGGTCTTCGTAT,L1
hMG3,TTGCATTAGCCTAACT,L2
hMG3,TTGCATTTCCATCTAT,L1
hMG3,TTGCCTGAGGCTGTAG,L1
hMG3,TTGCCTGCAACAGAGC,L2
hMG3,TTGCCTGGTAGGCAAC,L2
hMG3,TTGCCTGGTCTCTCAC,L1
hMG3,TTGCGTCAGGGTAATT,L1
hMG3,TTGCGTCCACGGAAGT,L1
hMG3,TTGCGTCCATGTCGTA,L1
hMG3,TTGCGTCGTCAACATC,L1
hMG3,TTGCGTCGTCACCGAC,L1
hMG3,TTGCGTCGTCGTCTCT,L2
hMG3,TTGCGTCTCTGGTTGA,L1
hMG3,TTGCGTCTCTTCGGAA,L2
hMG3,TTGCTGCCAGTCTCTC,L1
hMG3,TTGCTGCCATGTGCTA,L2
hMG3,TTGCTGCGTCAGTCTA,L2
hMG3,TTGGATGAGACGCAGT,L1
hMG3,TTGGATGAGCGGATCA,L1
hMG3,TTGGATGAGGATTCCT,L1
hMG3,TTGGATGCACACGGTC,L1
hMG3,TTGGATGCATTGACTG,L1
hMG3,TTGGATGGTAACGGTG,L1
hMG3,TTGGATGGTAGACTGG,L1
hMG3,TTGGATGTCCGCATAA,L2
hMG3,TTGGATGTCCTAGCCT,L2
hMG3,TTGGATGTCGCCAGAC,L1
hMG3,TTGGGATAGTTACGGG,L2
hMG3,TTGGGATCAAGACAAT,L1
hMG3,TTGGGATGTAACCCTA,L2
hMG3,TTGGGCGTCAGTCAGT,L1
hMG3,TTGGGTAAGCCATTGT,L1
hMG3,TTGGGTATCAGAGCGA,L2
hMG3,TTGGTTTAGTCTTCGA,L1
hMG3,TTGGTTTCACCAGGTC,L2
hMG3,TTGGTTTGTCCGGTCA,L1
hMG3,TTGGTTTTCAGAGTGG,L2
hMG3,TTGGTTTTCCTACTGC,L2
hMG3,TTGTGGAAGCCTAACT,L2
hMG3,TTGTGGACATGGAGAC,L1
hMG3,TTGTGGATCGCCCAGA,L2
hMG3,TTGTGTTCAATTGAAG,L2
hMG3,TTGTGTTTCGTTCTAT,L2
hMG3,TTGTGTTTCTGATGGT,L2
hMG3,TTGTTCACACGGTGAA,L1
hMG3,TTGTTCAGTACAAGCG,L2
hMG3,TTGTTCAGTAGAGCTG,L2
hMG3,TTGTTGTGTTCGAGCC,L2
hMG3,TTGTTGTTCTTACGTT,L1
hMG3,TTGTTTGAGAAGAGCA,L1
hMG3,TTGTTTGAGCCGATTT,L2
hMG3,TTGTTTGAGGCATGGT,L2
hMG3,TTGTTTGCACAATGTC,L1
hMG3,TTGTTTGCATGTGCTA,L2
hMG3,TTGTTTGGTAGGACCA,L2
hMG3,TTTACCAAGCAATTAG,L2
hMG3,TTTACCAAGGACTAAT,L2
hMG3,TTTACCAAGGCCTGAA,L1
hMG3,TTTACCAGTCCCAAAT,L1
hMG3,TTTACCATCAGATTGC,L2
hMG3,TTTACCATCGGAGCAA,L1
hMG3,TTTACCATCGGCTTCT,L1
hMG3,TTTACCATCTGCTTTA,L1
hMG3,TTTACGTAGTTGGCGA,L2
hMG3,TTTACGTCACGTGAGA,L1
hMG3,TTTACGTCATCGGTTA,L1
hMG3,TTTACGTGTCCGTTTC,L2
hMG3,TTTACGTTCACATACG,L1
hMG3,TTTACGTTCACTCACC,L1
hMG3,TTTACGTTCCGAAGGA,L1
hMG3,TTTACGTTCTGAGATC,L2
hMG3,TTTACGTTCTGGGCCA,L2
hMG3,TTTACTGCACACGGAA,L1
hMG3,TTTACTGTCAAAGCCT,L1
hMG3,TTTACTGTCAGACTGT,Basal
hMG3,TTTACTGTCCCAGGCA,L1
hMG3,TTTACTGTCCGCAGTG,L1
hMG3,TTTAGTCCAACGGCTC,L2
hMG3,TTTAGTCGTAAGCTCT,L1
hMG3,TTTATGCAGCGGGTTA,L1
hMG3,TTTATGCAGTGCTCGC,L1
hMG3,TTTATGCCATAACTCG,L2
hMG3,TTTATGCCATGACTTG,L2
hMG3,TTTATGCGTCGTTTCC,L2
hMG3,TTTATGCGTTAGGGTG,L1
hMG3,TTTATGCTCGGTGAAG,L2
hMG3,TTTCACAAGAAGCCAC,L1
hMG3,TTTCACAAGTGATTCC,L1
hMG3,TTTCAGTAGGTGATAT,L1
hMG3,TTTCAGTCAGCAGGAT,L1
hMG3,TTTCAGTTCAGAACCT,L2
hMG3,TTTCAGTTCCGCAACG,Basal
hMG3,TTTCAGTTCGGTAACT,L1
hMG3,TTTCAGTTCGTCGACG,L2
hMG3,TTTCATGAGACCATAA,L2
hMG3,TTTCATGAGATTGACA,L2
hMG3,TTTCATGCACTCCCTA,L2
hMG3,TTTCATGCATCAGTCA,L1
hMG3,TTTCATGTCAACTGGT,L1
hMG3,TTTCCTCAGACATATG,L2
hMG3,TTTCCTCGTCACATTG,L1
hMG3,TTTCCTCGTCTTCATT,L1
hMG3,TTTCGATAGATGCTAA,L1
hMG3,TTTCGATAGCTGTTCA,L1
hMG3,TTTCGATCAGTAGATA,L2
hMG3,TTTCGATGTCGGCCTA,L2
hMG3,TTTCGATTCACAATGC,L2
hMG3,TTTCGATTCAGCAATC,L2
hMG3,TTTGACTAGGCGATAC,L1
hMG3,TTTGACTCACTCATAG,L1
hMG3,TTTGACTGTAAGCGGT,L1
hMG3,TTTGACTTCAGGGTAG,L2
hMG3,TTTGACTTCTCCTGAC,L1
hMG3,TTTGACTTCTTCCTAA,L1
hMG3,TTTGATCAGTGTAGAT,L2
hMG3,TTTGGAGGTATAGGAT,L2
hMG3,TTTGGAGTCGGTATGT,L2
hMG3,TTTGGAGTCGTGGCGT,L2
hMG3,TTTGGTTAGCGATGAC,L1
hMG3,TTTGGTTAGTTTCGAC,L1
hMG3,TTTGGTTCAGAACATA,L2
hMG3,TTTGGTTCAGCAGACA,L1
hMG3,TTTGGTTGTCGTCATA,L1
hMG3,TTTGGTTGTTTGACAC,L2
hMG3,TTTGGTTTCGAACTCA,L2
hMG3,TTTGTTGCACAGCATT,Basal
hMG3,TTTGTTGGTCCGAAAG,L2
hMG3,TTTGTTGGTCTCAGGC,L2
hMG3,TTTGTTGGTGTCCGGT,L1
